[2024-07-05 11:26:56] production.ERROR: Class "App\Models\Booking" not found {"userId":3,"exception":"[object] (Error(code: 0): Class \"App\\Models\\Booking\" not found at /home/pentasof/hrcrm.testpentas.in/agent/application/app/Http/Controllers/BookingController.php:15)
[stacktrace]
#0 /home/pentasof/hrcrm.testpentas.in/agent/application/vendor/laravel/framework/src/Illuminate/Routing/Controller.php(54): App\\Http\\Controllers\\BookingController->index()
#1 /home/pentasof/hrcrm.testpentas.in/agent/application/vendor/laravel/framework/src/Illuminate/Routing/ControllerDispatcher.php(45): Illuminate\\Routing\\Controller->callAction('index', Array)
#2 /home/pentasof/hrcrm.testpentas.in/agent/application/vendor/laravel/framework/src/Illuminate/Routing/Route.php(261): Illuminate\\Routing\\ControllerDispatcher->dispatch(Object(Illuminate\\Routing\\Route), Object(App\\Http\\Controllers\\BookingController), 'index')
#3 /home/pentasof/hrcrm.testpentas.in/agent/application/vendor/laravel/framework/src/Illuminate/Routing/Route.php(205): Illuminate\\Routing\\Route->runController()
#4 /home/pentasof/hrcrm.testpentas.in/agent/application/vendor/laravel/framework/src/Illuminate/Routing/Router.php(721): Illuminate\\Routing\\Route->run()
#5 /home/pentasof/hrcrm.testpentas.in/agent/application/vendor/laravel/framework/src/Illuminate/Pipeline/Pipeline.php(128): Illuminate\\Routing\\Router->Illuminate\\Routing\\{closure}(Object(Illuminate\\Http\\Request))
#6 /home/pentasof/hrcrm.testpentas.in/agent/application/app/Http/Middleware/Modules/Menus.php(34): Illuminate\\Pipeline\\Pipeline->Illuminate\\Pipeline\\{closure}(Object(Illuminate\\Http\\Request))
#7 /home/pentasof/hrcrm.testpentas.in/agent/application/vendor/laravel/framework/src/Illuminate/Pipeline/Pipeline.php(167): App\\Http\\Middleware\\Modules\\Menus->handle(Object(Illuminate\\Http\\Request), Object(Closure))
#8 /home/pentasof/hrcrm.testpentas.in/agent/application/app/Http/Middleware/Modules/Visibility.php(55): Illuminate\\Pipeline\\Pipeline->Illuminate\\Pipeline\\{closure}(Object(Illuminate\\Http\\Request))
#9 /home/pentasof/hrcrm.testpentas.in/agent/application/vendor/laravel/framework/src/Illuminate/Pipeline/Pipeline.php(167): App\\Http\\Middleware\\Modules\\Visibility->handle(Object(Illuminate\\Http\\Request), Object(Closure))
#10 /home/pentasof/hrcrm.testpentas.in/agent/application/app/Http/Middleware/Modules/Status.php(59): Illuminate\\Pipeline\\Pipeline->Illuminate\\Pipeline\\{closure}(Object(Illuminate\\Http\\Request))
#11 /home/pentasof/hrcrm.testpentas.in/agent/application/vendor/laravel/framework/src/Illuminate/Pipeline/Pipeline.php(167): App\\Http\\Middleware\\Modules\\Status->handle(Object(Illuminate\\Http\\Request), Object(Closure))
#12 /home/pentasof/hrcrm.testpentas.in/agent/application/app/Http/Middleware/General/General.php(103): Illuminate\\Pipeline\\Pipeline->Illuminate\\Pipeline\\{closure}(Object(Illuminate\\Http\\Request))
#13 /home/pentasof/hrcrm.testpentas.in/agent/application/vendor/laravel/framework/src/Illuminate/Pipeline/Pipeline.php(167): App\\Http\\Middleware\\General\\General->handle(Object(Illuminate\\Http\\Request), Object(Closure))
#14 /home/pentasof/hrcrm.testpentas.in/agent/application/app/Http/Middleware/General/SanityCheck.php(45): Illuminate\\Pipeline\\Pipeline->Illuminate\\Pipeline\\{closure}(Object(Illuminate\\Http\\Request))
#15 /home/pentasof/hrcrm.testpentas.in/agent/application/vendor/laravel/framework/src/Illuminate/Pipeline/Pipeline.php(167): App\\Http\\Middleware\\General\\SanityCheck->handle(Object(Illuminate\\Http\\Request), Object(Closure))
#16 /home/pentasof/hrcrm.testpentas.in/agent/application/app/Http/Middleware/General/Settings.php(47): Illuminate\\Pipeline\\Pipeline->Illuminate\\Pipeline\\{closure}(Object(Illuminate\\Http\\Request))
#17 /home/pentasof/hrcrm.testpentas.in/agent/application/vendor/laravel/framework/src/Illuminate/Pipeline/Pipeline.php(167): App\\Http\\Middleware\\General\\Settings->handle(Object(Illuminate\\Http\\Request), Object(Closure))
#18 /home/pentasof/hrcrm.testpentas.in/agent/application/vendor/laravel/framework/src/Illuminate/Routing/Middleware/SubstituteBindings.php(50): Illuminate\\Pipeline\\Pipeline->Illuminate\\Pipeline\\{closure}(Object(Illuminate\\Http\\Request))
#19 /home/pentasof/hrcrm.testpentas.in/agent/application/vendor/laravel/framework/src/Illuminate/Pipeline/Pipeline.php(167): Illuminate\\Routing\\Middleware\\SubstituteBindings->handle(Object(Illuminate\\Http\\Request), Object(Closure))
#20 /home/pentasof/hrcrm.testpentas.in/agent/application/vendor/laravel/framework/src/Illuminate/Foundation/Http/Middleware/VerifyCsrfToken.php(78): Illuminate\\Pipeline\\Pipeline->Illuminate\\Pipeline\\{closure}(Object(Illuminate\\Http\\Request))
#21 /home/pentasof/hrcrm.testpentas.in/agent/application/vendor/laravel/framework/src/Illuminate/Pipeline/Pipeline.php(167): Illuminate\\Foundation\\Http\\Middleware\\VerifyCsrfToken->handle(Object(Illuminate\\Http\\Request), Object(Closure))
#22 /home/pentasof/hrcrm.testpentas.in/agent/application/vendor/laravel/framework/src/Illuminate/View/Middleware/ShareErrorsFromSession.php(49): Illuminate\\Pipeline\\Pipeline->Illuminate\\Pipeline\\{closure}(Object(Illuminate\\Http\\Request))
#23 /home/pentasof/hrcrm.testpentas.in/agent/application/vendor/laravel/framework/src/Illuminate/Pipeline/Pipeline.php(167): Illuminate\\View\\Middleware\\ShareErrorsFromSession->handle(Object(Illuminate\\Http\\Request), Object(Closure))
#24 /home/pentasof/hrcrm.testpentas.in/agent/application/vendor/laravel/framework/src/Illuminate/Session/Middleware/StartSession.php(121): Illuminate\\Pipeline\\Pipeline->Illuminate\\Pipeline\\{closure}(Object(Illuminate\\Http\\Request))
#25 /home/pentasof/hrcrm.testpentas.in/agent/application/vendor/laravel/framework/src/Illuminate/Session/Middleware/StartSession.php(64): Illuminate\\Session\\Middleware\\StartSession->handleStatefulRequest(Object(Illuminate\\Http\\Request), Object(Illuminate\\Session\\Store), Object(Closure))
#26 /home/pentasof/hrcrm.testpentas.in/agent/application/vendor/laravel/framework/src/Illuminate/Pipeline/Pipeline.php(167): Illuminate\\Session\\Middleware\\StartSession->handle(Object(Illuminate\\Http\\Request), Object(Closure))
#27 /home/pentasof/hrcrm.testpentas.in/agent/application/vendor/laravel/framework/src/Illuminate/Cookie/Middleware/AddQueuedCookiesToResponse.php(37): Illuminate\\Pipeline\\Pipeline->Illuminate\\Pipeline\\{closure}(Object(Illuminate\\Http\\Request))
#28 /home/pentasof/hrcrm.testpentas.in/agent/application/vendor/laravel/framework/src/Illuminate/Pipeline/Pipeline.php(167): Illuminate\\Cookie\\Middleware\\AddQueuedCookiesToResponse->handle(Object(Illuminate\\Http\\Request), Object(Closure))
#29 /home/pentasof/hrcrm.testpentas.in/agent/application/vendor/laravel/framework/src/Illuminate/Cookie/Middleware/EncryptCookies.php(67): Illuminate\\Pipeline\\Pipeline->Illuminate\\Pipeline\\{closure}(Object(Illuminate\\Http\\Request))
#30 /home/pentasof/hrcrm.testpentas.in/agent/application/vendor/laravel/framework/src/Illuminate/Pipeline/Pipeline.php(167): Illuminate\\Cookie\\Middleware\\EncryptCookies->handle(Object(Illuminate\\Http\\Request), Object(Closure))
#31 /home/pentasof/hrcrm.testpentas.in/agent/application/app/Http/Middleware/General/Setup.php(37): Illuminate\\Pipeline\\Pipeline->Illuminate\\Pipeline\\{closure}(Object(Illuminate\\Http\\Request))
#32 /home/pentasof/hrcrm.testpentas.in/agent/application/vendor/laravel/framework/src/Illuminate/Pipeline/Pipeline.php(167): App\\Http\\Middleware\\General\\Setup->handle(Object(Illuminate\\Http\\Request), Object(Closure))
#33 /home/pentasof/hrcrm.testpentas.in/agent/application/vendor/laravel/framework/src/Illuminate/Pipeline/Pipeline.php(103): Illuminate\\Pipeline\\Pipeline->Illuminate\\Pipeline\\{closure}(Object(Illuminate\\Http\\Request))
#34 /home/pentasof/hrcrm.testpentas.in/agent/application/vendor/laravel/framework/src/Illuminate/Routing/Router.php(719): Illuminate\\Pipeline\\Pipeline->then(Object(Closure))
#35 /home/pentasof/hrcrm.testpentas.in/agent/application/vendor/laravel/framework/src/Illuminate/Routing/Router.php(698): Illuminate\\Routing\\Router->runRouteWithinStack(Object(Illuminate\\Routing\\Route), Object(Illuminate\\Http\\Request))
#36 /home/pentasof/hrcrm.testpentas.in/agent/application/vendor/laravel/framework/src/Illuminate/Routing/Router.php(662): Illuminate\\Routing\\Router->runRoute(Object(Illuminate\\Http\\Request), Object(Illuminate\\Routing\\Route))
#37 /home/pentasof/hrcrm.testpentas.in/agent/application/vendor/laravel/framework/src/Illuminate/Routing/Router.php(651): Illuminate\\Routing\\Router->dispatchToRoute(Object(Illuminate\\Http\\Request))
#38 /home/pentasof/hrcrm.testpentas.in/agent/application/vendor/laravel/framework/src/Illuminate/Foundation/Http/Kernel.php(167): Illuminate\\Routing\\Router->dispatch(Object(Illuminate\\Http\\Request))
#39 /home/pentasof/hrcrm.testpentas.in/agent/application/vendor/laravel/framework/src/Illuminate/Pipeline/Pipeline.php(128): Illuminate\\Foundation\\Http\\Kernel->Illuminate\\Foundation\\Http\\{closure}(Object(Illuminate\\Http\\Request))
#40 /home/pentasof/hrcrm.testpentas.in/agent/application/vendor/barryvdh/laravel-debugbar/src/Middleware/InjectDebugbar.php(59): Illuminate\\Pipeline\\Pipeline->Illuminate\\Pipeline\\{closure}(Object(Illuminate\\Http\\Request))
#41 /home/pentasof/hrcrm.testpentas.in/agent/application/vendor/laravel/framework/src/Illuminate/Pipeline/Pipeline.php(167): Barryvdh\\Debugbar\\Middleware\\InjectDebugbar->handle(Object(Illuminate\\Http\\Request), Object(Closure))
#42 /home/pentasof/hrcrm.testpentas.in/agent/application/vendor/fideloper/proxy/src/TrustProxies.php(57): Illuminate\\Pipeline\\Pipeline->Illuminate\\Pipeline\\{closure}(Object(Illuminate\\Http\\Request))
#43 /home/pentasof/hrcrm.testpentas.in/agent/application/vendor/laravel/framework/src/Illuminate/Pipeline/Pipeline.php(167): Fideloper\\Proxy\\TrustProxies->handle(Object(Illuminate\\Http\\Request), Object(Closure))
#44 /home/pentasof/hrcrm.testpentas.in/agent/application/vendor/laravel/framework/src/Illuminate/Foundation/Http/Middleware/TransformsRequest.php(21): Illuminate\\Pipeline\\Pipeline->Illuminate\\Pipeline\\{closure}(Object(Illuminate\\Http\\Request))
#45 /home/pentasof/hrcrm.testpentas.in/agent/application/vendor/laravel/framework/src/Illuminate/Foundation/Http/Middleware/ConvertEmptyStringsToNull.php(31): Illuminate\\Foundation\\Http\\Middleware\\TransformsRequest->handle(Object(Illuminate\\Http\\Request), Object(Closure))
#46 /home/pentasof/hrcrm.testpentas.in/agent/application/vendor/laravel/framework/src/Illuminate/Pipeline/Pipeline.php(167): Illuminate\\Foundation\\Http\\Middleware\\ConvertEmptyStringsToNull->handle(Object(Illuminate\\Http\\Request), Object(Closure))
#47 /home/pentasof/hrcrm.testpentas.in/agent/application/vendor/laravel/framework/src/Illuminate/Foundation/Http/Middleware/TransformsRequest.php(21): Illuminate\\Pipeline\\Pipeline->Illuminate\\Pipeline\\{closure}(Object(Illuminate\\Http\\Request))
#48 /home/pentasof/hrcrm.testpentas.in/agent/application/vendor/laravel/framework/src/Illuminate/Foundation/Http/Middleware/TrimStrings.php(40): Illuminate\\Foundation\\Http\\Middleware\\TransformsRequest->handle(Object(Illuminate\\Http\\Request), Object(Closure))
#49 /home/pentasof/hrcrm.testpentas.in/agent/application/vendor/laravel/framework/src/Illuminate/Pipeline/Pipeline.php(167): Illuminate\\Foundation\\Http\\Middleware\\TrimStrings->handle(Object(Illuminate\\Http\\Request), Object(Closure))
#50 /home/pentasof/hrcrm.testpentas.in/agent/application/vendor/laravel/framework/src/Illuminate/Foundation/Http/Middleware/ValidatePostSize.php(27): Illuminate\\Pipeline\\Pipeline->Illuminate\\Pipeline\\{closure}(Object(Illuminate\\Http\\Request))
#51 /home/pentasof/hrcrm.testpentas.in/agent/application/vendor/laravel/framework/src/Illuminate/Pipeline/Pipeline.php(167): Illuminate\\Foundation\\Http\\Middleware\\ValidatePostSize->handle(Object(Illuminate\\Http\\Request), Object(Closure))
#52 /home/pentasof/hrcrm.testpentas.in/agent/application/vendor/laravel/framework/src/Illuminate/Foundation/Http/Middleware/PreventRequestsDuringMaintenance.php(86): Illuminate\\Pipeline\\Pipeline->Illuminate\\Pipeline\\{closure}(Object(Illuminate\\Http\\Request))
#53 /home/pentasof/hrcrm.testpentas.in/agent/application/vendor/laravel/framework/src/Illuminate/Pipeline/Pipeline.php(167): Illuminate\\Foundation\\Http\\Middleware\\PreventRequestsDuringMaintenance->handle(Object(Illuminate\\Http\\Request), Object(Closure))
#54 /home/pentasof/hrcrm.testpentas.in/agent/application/vendor/laravel/framework/src/Illuminate/Pipeline/Pipeline.php(103): Illuminate\\Pipeline\\Pipeline->Illuminate\\Pipeline\\{closure}(Object(Illuminate\\Http\\Request))
#55 /home/pentasof/hrcrm.testpentas.in/agent/application/vendor/laravel/framework/src/Illuminate/Foundation/Http/Kernel.php(142): Illuminate\\Pipeline\\Pipeline->then(Object(Closure))
#56 /home/pentasof/hrcrm.testpentas.in/agent/application/vendor/laravel/framework/src/Illuminate/Foundation/Http/Kernel.php(111): Illuminate\\Foundation\\Http\\Kernel->sendRequestThroughRouter(Object(Illuminate\\Http\\Request))
#57 /home/pentasof/hrcrm.testpentas.in/agent/index.php(91): Illuminate\\Foundation\\Http\\Kernel->handle(Object(Illuminate\\Http\\Request))
#58 {main}
"} 
[2024-07-05 11:35:26] production.ERROR: SQLSTATE[42S22]: Column not found: 1054 Unknown column 'passenger_id' in 'field list' (SQL: insert into `refunds` (`booking_id`, `passenger_id`, `refund_amount`, `status`, `request_date`, `processed_date`, `reason`, `agent_id`, `updated_at`, `created_at`) values (1, 2, 5456, ?, 2024-07-05, 2024-07-05, yrtyrety, 3, 2024-07-05 11:35:26, 2024-07-05 11:35:26)) {"userId":3,"exception":"[object] (Illuminate\\Database\\QueryException(code: 42S22): SQLSTATE[42S22]: Column not found: 1054 Unknown column 'passenger_id' in 'field list' (SQL: insert into `refunds` (`booking_id`, `passenger_id`, `refund_amount`, `status`, `request_date`, `processed_date`, `reason`, `agent_id`, `updated_at`, `created_at`) values (1, 2, 5456, ?, 2024-07-05, 2024-07-05, yrtyrety, 3, 2024-07-05 11:35:26, 2024-07-05 11:35:26)) at /home/pentasof/hrcrm.testpentas.in/agent/application/vendor/laravel/framework/src/Illuminate/Database/Connection.php:712)
[stacktrace]
#0 /home/pentasof/hrcrm.testpentas.in/agent/application/vendor/laravel/framework/src/Illuminate/Database/Connection.php(672): Illuminate\\Database\\Connection->runQueryCallback('insert into `re...', Array, Object(Closure))
#1 /home/pentasof/hrcrm.testpentas.in/agent/application/vendor/laravel/framework/src/Illuminate/Database/Connection.php(490): Illuminate\\Database\\Connection->run('insert into `re...', Array, Object(Closure))
#2 /home/pentasof/hrcrm.testpentas.in/agent/application/vendor/laravel/framework/src/Illuminate/Database/Connection.php(454): Illuminate\\Database\\Connection->statement('insert into `re...', Array)
#3 /home/pentasof/hrcrm.testpentas.in/agent/application/vendor/laravel/framework/src/Illuminate/Database/Query/Processors/Processor.php(32): Illuminate\\Database\\Connection->insert('insert into `re...', Array)
#4 /home/pentasof/hrcrm.testpentas.in/agent/application/vendor/laravel/framework/src/Illuminate/Database/Query/Builder.php(3028): Illuminate\\Database\\Query\\Processors\\Processor->processInsertGetId(Object(Illuminate\\Database\\Query\\Builder), 'insert into `re...', Array, 'id')
#5 /home/pentasof/hrcrm.testpentas.in/agent/application/vendor/laravel/framework/src/Illuminate/Database/Eloquent/Builder.php(1657): Illuminate\\Database\\Query\\Builder->insertGetId(Array, 'id')
#6 /home/pentasof/hrcrm.testpentas.in/agent/application/vendor/laravel/framework/src/Illuminate/Database/Eloquent/Model.php(1188): Illuminate\\Database\\Eloquent\\Builder->__call('insertGetId', Array)
#7 /home/pentasof/hrcrm.testpentas.in/agent/application/vendor/laravel/framework/src/Illuminate/Database/Eloquent/Model.php(1153): Illuminate\\Database\\Eloquent\\Model->insertAndSetId(Object(Illuminate\\Database\\Eloquent\\Builder), Array)
#8 /home/pentasof/hrcrm.testpentas.in/agent/application/vendor/laravel/framework/src/Illuminate/Database/Eloquent/Model.php(994): Illuminate\\Database\\Eloquent\\Model->performInsert(Object(Illuminate\\Database\\Eloquent\\Builder))
#9 /home/pentasof/hrcrm.testpentas.in/agent/application/app/Http/Controllers/RefundController.php(54): Illuminate\\Database\\Eloquent\\Model->save()
#10 /home/pentasof/hrcrm.testpentas.in/agent/application/vendor/laravel/framework/src/Illuminate/Routing/Controller.php(54): App\\Http\\Controllers\\RefundController->store(Object(Illuminate\\Http\\Request))
#11 /home/pentasof/hrcrm.testpentas.in/agent/application/vendor/laravel/framework/src/Illuminate/Routing/ControllerDispatcher.php(45): Illuminate\\Routing\\Controller->callAction('store', Array)
#12 /home/pentasof/hrcrm.testpentas.in/agent/application/vendor/laravel/framework/src/Illuminate/Routing/Route.php(261): Illuminate\\Routing\\ControllerDispatcher->dispatch(Object(Illuminate\\Routing\\Route), Object(App\\Http\\Controllers\\RefundController), 'store')
#13 /home/pentasof/hrcrm.testpentas.in/agent/application/vendor/laravel/framework/src/Illuminate/Routing/Route.php(205): Illuminate\\Routing\\Route->runController()
#14 /home/pentasof/hrcrm.testpentas.in/agent/application/vendor/laravel/framework/src/Illuminate/Routing/Router.php(721): Illuminate\\Routing\\Route->run()
#15 /home/pentasof/hrcrm.testpentas.in/agent/application/vendor/laravel/framework/src/Illuminate/Pipeline/Pipeline.php(128): Illuminate\\Routing\\Router->Illuminate\\Routing\\{closure}(Object(Illuminate\\Http\\Request))
#16 /home/pentasof/hrcrm.testpentas.in/agent/application/app/Http/Middleware/Modules/Menus.php(34): Illuminate\\Pipeline\\Pipeline->Illuminate\\Pipeline\\{closure}(Object(Illuminate\\Http\\Request))
#17 /home/pentasof/hrcrm.testpentas.in/agent/application/vendor/laravel/framework/src/Illuminate/Pipeline/Pipeline.php(167): App\\Http\\Middleware\\Modules\\Menus->handle(Object(Illuminate\\Http\\Request), Object(Closure))
#18 /home/pentasof/hrcrm.testpentas.in/agent/application/app/Http/Middleware/Modules/Visibility.php(55): Illuminate\\Pipeline\\Pipeline->Illuminate\\Pipeline\\{closure}(Object(Illuminate\\Http\\Request))
#19 /home/pentasof/hrcrm.testpentas.in/agent/application/vendor/laravel/framework/src/Illuminate/Pipeline/Pipeline.php(167): App\\Http\\Middleware\\Modules\\Visibility->handle(Object(Illuminate\\Http\\Request), Object(Closure))
#20 /home/pentasof/hrcrm.testpentas.in/agent/application/app/Http/Middleware/Modules/Status.php(59): Illuminate\\Pipeline\\Pipeline->Illuminate\\Pipeline\\{closure}(Object(Illuminate\\Http\\Request))
#21 /home/pentasof/hrcrm.testpentas.in/agent/application/vendor/laravel/framework/src/Illuminate/Pipeline/Pipeline.php(167): App\\Http\\Middleware\\Modules\\Status->handle(Object(Illuminate\\Http\\Request), Object(Closure))
#22 /home/pentasof/hrcrm.testpentas.in/agent/application/app/Http/Middleware/General/General.php(103): Illuminate\\Pipeline\\Pipeline->Illuminate\\Pipeline\\{closure}(Object(Illuminate\\Http\\Request))
#23 /home/pentasof/hrcrm.testpentas.in/agent/application/vendor/laravel/framework/src/Illuminate/Pipeline/Pipeline.php(167): App\\Http\\Middleware\\General\\General->handle(Object(Illuminate\\Http\\Request), Object(Closure))
#24 /home/pentasof/hrcrm.testpentas.in/agent/application/app/Http/Middleware/General/SanityCheck.php(45): Illuminate\\Pipeline\\Pipeline->Illuminate\\Pipeline\\{closure}(Object(Illuminate\\Http\\Request))
#25 /home/pentasof/hrcrm.testpentas.in/agent/application/vendor/laravel/framework/src/Illuminate/Pipeline/Pipeline.php(167): App\\Http\\Middleware\\General\\SanityCheck->handle(Object(Illuminate\\Http\\Request), Object(Closure))
#26 /home/pentasof/hrcrm.testpentas.in/agent/application/app/Http/Middleware/General/Settings.php(47): Illuminate\\Pipeline\\Pipeline->Illuminate\\Pipeline\\{closure}(Object(Illuminate\\Http\\Request))
#27 /home/pentasof/hrcrm.testpentas.in/agent/application/vendor/laravel/framework/src/Illuminate/Pipeline/Pipeline.php(167): App\\Http\\Middleware\\General\\Settings->handle(Object(Illuminate\\Http\\Request), Object(Closure))
#28 /home/pentasof/hrcrm.testpentas.in/agent/application/vendor/laravel/framework/src/Illuminate/Routing/Middleware/SubstituteBindings.php(50): Illuminate\\Pipeline\\Pipeline->Illuminate\\Pipeline\\{closure}(Object(Illuminate\\Http\\Request))
#29 /home/pentasof/hrcrm.testpentas.in/agent/application/vendor/laravel/framework/src/Illuminate/Pipeline/Pipeline.php(167): Illuminate\\Routing\\Middleware\\SubstituteBindings->handle(Object(Illuminate\\Http\\Request), Object(Closure))
#30 /home/pentasof/hrcrm.testpentas.in/agent/application/vendor/laravel/framework/src/Illuminate/Foundation/Http/Middleware/VerifyCsrfToken.php(78): Illuminate\\Pipeline\\Pipeline->Illuminate\\Pipeline\\{closure}(Object(Illuminate\\Http\\Request))
#31 /home/pentasof/hrcrm.testpentas.in/agent/application/vendor/laravel/framework/src/Illuminate/Pipeline/Pipeline.php(167): Illuminate\\Foundation\\Http\\Middleware\\VerifyCsrfToken->handle(Object(Illuminate\\Http\\Request), Object(Closure))
#32 /home/pentasof/hrcrm.testpentas.in/agent/application/vendor/laravel/framework/src/Illuminate/View/Middleware/ShareErrorsFromSession.php(49): Illuminate\\Pipeline\\Pipeline->Illuminate\\Pipeline\\{closure}(Object(Illuminate\\Http\\Request))
#33 /home/pentasof/hrcrm.testpentas.in/agent/application/vendor/laravel/framework/src/Illuminate/Pipeline/Pipeline.php(167): Illuminate\\View\\Middleware\\ShareErrorsFromSession->handle(Object(Illuminate\\Http\\Request), Object(Closure))
#34 /home/pentasof/hrcrm.testpentas.in/agent/application/vendor/laravel/framework/src/Illuminate/Session/Middleware/StartSession.php(121): Illuminate\\Pipeline\\Pipeline->Illuminate\\Pipeline\\{closure}(Object(Illuminate\\Http\\Request))
#35 /home/pentasof/hrcrm.testpentas.in/agent/application/vendor/laravel/framework/src/Illuminate/Session/Middleware/StartSession.php(64): Illuminate\\Session\\Middleware\\StartSession->handleStatefulRequest(Object(Illuminate\\Http\\Request), Object(Illuminate\\Session\\Store), Object(Closure))
#36 /home/pentasof/hrcrm.testpentas.in/agent/application/vendor/laravel/framework/src/Illuminate/Pipeline/Pipeline.php(167): Illuminate\\Session\\Middleware\\StartSession->handle(Object(Illuminate\\Http\\Request), Object(Closure))
#37 /home/pentasof/hrcrm.testpentas.in/agent/application/vendor/laravel/framework/src/Illuminate/Cookie/Middleware/AddQueuedCookiesToResponse.php(37): Illuminate\\Pipeline\\Pipeline->Illuminate\\Pipeline\\{closure}(Object(Illuminate\\Http\\Request))
#38 /home/pentasof/hrcrm.testpentas.in/agent/application/vendor/laravel/framework/src/Illuminate/Pipeline/Pipeline.php(167): Illuminate\\Cookie\\Middleware\\AddQueuedCookiesToResponse->handle(Object(Illuminate\\Http\\Request), Object(Closure))
#39 /home/pentasof/hrcrm.testpentas.in/agent/application/vendor/laravel/framework/src/Illuminate/Cookie/Middleware/EncryptCookies.php(67): Illuminate\\Pipeline\\Pipeline->Illuminate\\Pipeline\\{closure}(Object(Illuminate\\Http\\Request))
#40 /home/pentasof/hrcrm.testpentas.in/agent/application/vendor/laravel/framework/src/Illuminate/Pipeline/Pipeline.php(167): Illuminate\\Cookie\\Middleware\\EncryptCookies->handle(Object(Illuminate\\Http\\Request), Object(Closure))
#41 /home/pentasof/hrcrm.testpentas.in/agent/application/app/Http/Middleware/General/Setup.php(37): Illuminate\\Pipeline\\Pipeline->Illuminate\\Pipeline\\{closure}(Object(Illuminate\\Http\\Request))
#42 /home/pentasof/hrcrm.testpentas.in/agent/application/vendor/laravel/framework/src/Illuminate/Pipeline/Pipeline.php(167): App\\Http\\Middleware\\General\\Setup->handle(Object(Illuminate\\Http\\Request), Object(Closure))
#43 /home/pentasof/hrcrm.testpentas.in/agent/application/vendor/laravel/framework/src/Illuminate/Pipeline/Pipeline.php(103): Illuminate\\Pipeline\\Pipeline->Illuminate\\Pipeline\\{closure}(Object(Illuminate\\Http\\Request))
#44 /home/pentasof/hrcrm.testpentas.in/agent/application/vendor/laravel/framework/src/Illuminate/Routing/Router.php(719): Illuminate\\Pipeline\\Pipeline->then(Object(Closure))
#45 /home/pentasof/hrcrm.testpentas.in/agent/application/vendor/laravel/framework/src/Illuminate/Routing/Router.php(698): Illuminate\\Routing\\Router->runRouteWithinStack(Object(Illuminate\\Routing\\Route), Object(Illuminate\\Http\\Request))
#46 /home/pentasof/hrcrm.testpentas.in/agent/application/vendor/laravel/framework/src/Illuminate/Routing/Router.php(662): Illuminate\\Routing\\Router->runRoute(Object(Illuminate\\Http\\Request), Object(Illuminate\\Routing\\Route))
#47 /home/pentasof/hrcrm.testpentas.in/agent/application/vendor/laravel/framework/src/Illuminate/Routing/Router.php(651): Illuminate\\Routing\\Router->dispatchToRoute(Object(Illuminate\\Http\\Request))
#48 /home/pentasof/hrcrm.testpentas.in/agent/application/vendor/laravel/framework/src/Illuminate/Foundation/Http/Kernel.php(167): Illuminate\\Routing\\Router->dispatch(Object(Illuminate\\Http\\Request))
#49 /home/pentasof/hrcrm.testpentas.in/agent/application/vendor/laravel/framework/src/Illuminate/Pipeline/Pipeline.php(128): Illuminate\\Foundation\\Http\\Kernel->Illuminate\\Foundation\\Http\\{closure}(Object(Illuminate\\Http\\Request))
#50 /home/pentasof/hrcrm.testpentas.in/agent/application/vendor/barryvdh/laravel-debugbar/src/Middleware/InjectDebugbar.php(59): Illuminate\\Pipeline\\Pipeline->Illuminate\\Pipeline\\{closure}(Object(Illuminate\\Http\\Request))
#51 /home/pentasof/hrcrm.testpentas.in/agent/application/vendor/laravel/framework/src/Illuminate/Pipeline/Pipeline.php(167): Barryvdh\\Debugbar\\Middleware\\InjectDebugbar->handle(Object(Illuminate\\Http\\Request), Object(Closure))
#52 /home/pentasof/hrcrm.testpentas.in/agent/application/vendor/fideloper/proxy/src/TrustProxies.php(57): Illuminate\\Pipeline\\Pipeline->Illuminate\\Pipeline\\{closure}(Object(Illuminate\\Http\\Request))
#53 /home/pentasof/hrcrm.testpentas.in/agent/application/vendor/laravel/framework/src/Illuminate/Pipeline/Pipeline.php(167): Fideloper\\Proxy\\TrustProxies->handle(Object(Illuminate\\Http\\Request), Object(Closure))
#54 /home/pentasof/hrcrm.testpentas.in/agent/application/vendor/laravel/framework/src/Illuminate/Foundation/Http/Middleware/TransformsRequest.php(21): Illuminate\\Pipeline\\Pipeline->Illuminate\\Pipeline\\{closure}(Object(Illuminate\\Http\\Request))
#55 /home/pentasof/hrcrm.testpentas.in/agent/application/vendor/laravel/framework/src/Illuminate/Foundation/Http/Middleware/ConvertEmptyStringsToNull.php(31): Illuminate\\Foundation\\Http\\Middleware\\TransformsRequest->handle(Object(Illuminate\\Http\\Request), Object(Closure))
#56 /home/pentasof/hrcrm.testpentas.in/agent/application/vendor/laravel/framework/src/Illuminate/Pipeline/Pipeline.php(167): Illuminate\\Foundation\\Http\\Middleware\\ConvertEmptyStringsToNull->handle(Object(Illuminate\\Http\\Request), Object(Closure))
#57 /home/pentasof/hrcrm.testpentas.in/agent/application/vendor/laravel/framework/src/Illuminate/Foundation/Http/Middleware/TransformsRequest.php(21): Illuminate\\Pipeline\\Pipeline->Illuminate\\Pipeline\\{closure}(Object(Illuminate\\Http\\Request))
#58 /home/pentasof/hrcrm.testpentas.in/agent/application/vendor/laravel/framework/src/Illuminate/Foundation/Http/Middleware/TrimStrings.php(40): Illuminate\\Foundation\\Http\\Middleware\\TransformsRequest->handle(Object(Illuminate\\Http\\Request), Object(Closure))
#59 /home/pentasof/hrcrm.testpentas.in/agent/application/vendor/laravel/framework/src/Illuminate/Pipeline/Pipeline.php(167): Illuminate\\Foundation\\Http\\Middleware\\TrimStrings->handle(Object(Illuminate\\Http\\Request), Object(Closure))
#60 /home/pentasof/hrcrm.testpentas.in/agent/application/vendor/laravel/framework/src/Illuminate/Foundation/Http/Middleware/ValidatePostSize.php(27): Illuminate\\Pipeline\\Pipeline->Illuminate\\Pipeline\\{closure}(Object(Illuminate\\Http\\Request))
#61 /home/pentasof/hrcrm.testpentas.in/agent/application/vendor/laravel/framework/src/Illuminate/Pipeline/Pipeline.php(167): Illuminate\\Foundation\\Http\\Middleware\\ValidatePostSize->handle(Object(Illuminate\\Http\\Request), Object(Closure))
#62 /home/pentasof/hrcrm.testpentas.in/agent/application/vendor/laravel/framework/src/Illuminate/Foundation/Http/Middleware/PreventRequestsDuringMaintenance.php(86): Illuminate\\Pipeline\\Pipeline->Illuminate\\Pipeline\\{closure}(Object(Illuminate\\Http\\Request))
#63 /home/pentasof/hrcrm.testpentas.in/agent/application/vendor/laravel/framework/src/Illuminate/Pipeline/Pipeline.php(167): Illuminate\\Foundation\\Http\\Middleware\\PreventRequestsDuringMaintenance->handle(Object(Illuminate\\Http\\Request), Object(Closure))
#64 /home/pentasof/hrcrm.testpentas.in/agent/application/vendor/laravel/framework/src/Illuminate/Pipeline/Pipeline.php(103): Illuminate\\Pipeline\\Pipeline->Illuminate\\Pipeline\\{closure}(Object(Illuminate\\Http\\Request))
#65 /home/pentasof/hrcrm.testpentas.in/agent/application/vendor/laravel/framework/src/Illuminate/Foundation/Http/Kernel.php(142): Illuminate\\Pipeline\\Pipeline->then(Object(Closure))
#66 /home/pentasof/hrcrm.testpentas.in/agent/application/vendor/laravel/framework/src/Illuminate/Foundation/Http/Kernel.php(111): Illuminate\\Foundation\\Http\\Kernel->sendRequestThroughRouter(Object(Illuminate\\Http\\Request))
#67 /home/pentasof/hrcrm.testpentas.in/agent/index.php(91): Illuminate\\Foundation\\Http\\Kernel->handle(Object(Illuminate\\Http\\Request))
#68 {main}

[previous exception] [object] (PDOException(code: 42S22): SQLSTATE[42S22]: Column not found: 1054 Unknown column 'passenger_id' in 'field list' at /home/pentasof/hrcrm.testpentas.in/agent/application/vendor/laravel/framework/src/Illuminate/Database/Connection.php:495)
[stacktrace]
#0 /home/pentasof/hrcrm.testpentas.in/agent/application/vendor/laravel/framework/src/Illuminate/Database/Connection.php(495): PDO->prepare('insert into `re...')
#1 /home/pentasof/hrcrm.testpentas.in/agent/application/vendor/laravel/framework/src/Illuminate/Database/Connection.php(705): Illuminate\\Database\\Connection->Illuminate\\Database\\{closure}('insert into `re...', Array)
#2 /home/pentasof/hrcrm.testpentas.in/agent/application/vendor/laravel/framework/src/Illuminate/Database/Connection.php(672): Illuminate\\Database\\Connection->runQueryCallback('insert into `re...', Array, Object(Closure))
#3 /home/pentasof/hrcrm.testpentas.in/agent/application/vendor/laravel/framework/src/Illuminate/Database/Connection.php(490): Illuminate\\Database\\Connection->run('insert into `re...', Array, Object(Closure))
#4 /home/pentasof/hrcrm.testpentas.in/agent/application/vendor/laravel/framework/src/Illuminate/Database/Connection.php(454): Illuminate\\Database\\Connection->statement('insert into `re...', Array)
#5 /home/pentasof/hrcrm.testpentas.in/agent/application/vendor/laravel/framework/src/Illuminate/Database/Query/Processors/Processor.php(32): Illuminate\\Database\\Connection->insert('insert into `re...', Array)
#6 /home/pentasof/hrcrm.testpentas.in/agent/application/vendor/laravel/framework/src/Illuminate/Database/Query/Builder.php(3028): Illuminate\\Database\\Query\\Processors\\Processor->processInsertGetId(Object(Illuminate\\Database\\Query\\Builder), 'insert into `re...', Array, 'id')
#7 /home/pentasof/hrcrm.testpentas.in/agent/application/vendor/laravel/framework/src/Illuminate/Database/Eloquent/Builder.php(1657): Illuminate\\Database\\Query\\Builder->insertGetId(Array, 'id')
#8 /home/pentasof/hrcrm.testpentas.in/agent/application/vendor/laravel/framework/src/Illuminate/Database/Eloquent/Model.php(1188): Illuminate\\Database\\Eloquent\\Builder->__call('insertGetId', Array)
#9 /home/pentasof/hrcrm.testpentas.in/agent/application/vendor/laravel/framework/src/Illuminate/Database/Eloquent/Model.php(1153): Illuminate\\Database\\Eloquent\\Model->insertAndSetId(Object(Illuminate\\Database\\Eloquent\\Builder), Array)
#10 /home/pentasof/hrcrm.testpentas.in/agent/application/vendor/laravel/framework/src/Illuminate/Database/Eloquent/Model.php(994): Illuminate\\Database\\Eloquent\\Model->performInsert(Object(Illuminate\\Database\\Eloquent\\Builder))
#11 /home/pentasof/hrcrm.testpentas.in/agent/application/app/Http/Controllers/RefundController.php(54): Illuminate\\Database\\Eloquent\\Model->save()
#12 /home/pentasof/hrcrm.testpentas.in/agent/application/vendor/laravel/framework/src/Illuminate/Routing/Controller.php(54): App\\Http\\Controllers\\RefundController->store(Object(Illuminate\\Http\\Request))
#13 /home/pentasof/hrcrm.testpentas.in/agent/application/vendor/laravel/framework/src/Illuminate/Routing/ControllerDispatcher.php(45): Illuminate\\Routing\\Controller->callAction('store', Array)
#14 /home/pentasof/hrcrm.testpentas.in/agent/application/vendor/laravel/framework/src/Illuminate/Routing/Route.php(261): Illuminate\\Routing\\ControllerDispatcher->dispatch(Object(Illuminate\\Routing\\Route), Object(App\\Http\\Controllers\\RefundController), 'store')
#15 /home/pentasof/hrcrm.testpentas.in/agent/application/vendor/laravel/framework/src/Illuminate/Routing/Route.php(205): Illuminate\\Routing\\Route->runController()
#16 /home/pentasof/hrcrm.testpentas.in/agent/application/vendor/laravel/framework/src/Illuminate/Routing/Router.php(721): Illuminate\\Routing\\Route->run()
#17 /home/pentasof/hrcrm.testpentas.in/agent/application/vendor/laravel/framework/src/Illuminate/Pipeline/Pipeline.php(128): Illuminate\\Routing\\Router->Illuminate\\Routing\\{closure}(Object(Illuminate\\Http\\Request))
#18 /home/pentasof/hrcrm.testpentas.in/agent/application/app/Http/Middleware/Modules/Menus.php(34): Illuminate\\Pipeline\\Pipeline->Illuminate\\Pipeline\\{closure}(Object(Illuminate\\Http\\Request))
#19 /home/pentasof/hrcrm.testpentas.in/agent/application/vendor/laravel/framework/src/Illuminate/Pipeline/Pipeline.php(167): App\\Http\\Middleware\\Modules\\Menus->handle(Object(Illuminate\\Http\\Request), Object(Closure))
#20 /home/pentasof/hrcrm.testpentas.in/agent/application/app/Http/Middleware/Modules/Visibility.php(55): Illuminate\\Pipeline\\Pipeline->Illuminate\\Pipeline\\{closure}(Object(Illuminate\\Http\\Request))
#21 /home/pentasof/hrcrm.testpentas.in/agent/application/vendor/laravel/framework/src/Illuminate/Pipeline/Pipeline.php(167): App\\Http\\Middleware\\Modules\\Visibility->handle(Object(Illuminate\\Http\\Request), Object(Closure))
#22 /home/pentasof/hrcrm.testpentas.in/agent/application/app/Http/Middleware/Modules/Status.php(59): Illuminate\\Pipeline\\Pipeline->Illuminate\\Pipeline\\{closure}(Object(Illuminate\\Http\\Request))
#23 /home/pentasof/hrcrm.testpentas.in/agent/application/vendor/laravel/framework/src/Illuminate/Pipeline/Pipeline.php(167): App\\Http\\Middleware\\Modules\\Status->handle(Object(Illuminate\\Http\\Request), Object(Closure))
#24 /home/pentasof/hrcrm.testpentas.in/agent/application/app/Http/Middleware/General/General.php(103): Illuminate\\Pipeline\\Pipeline->Illuminate\\Pipeline\\{closure}(Object(Illuminate\\Http\\Request))
#25 /home/pentasof/hrcrm.testpentas.in/agent/application/vendor/laravel/framework/src/Illuminate/Pipeline/Pipeline.php(167): App\\Http\\Middleware\\General\\General->handle(Object(Illuminate\\Http\\Request), Object(Closure))
#26 /home/pentasof/hrcrm.testpentas.in/agent/application/app/Http/Middleware/General/SanityCheck.php(45): Illuminate\\Pipeline\\Pipeline->Illuminate\\Pipeline\\{closure}(Object(Illuminate\\Http\\Request))
#27 /home/pentasof/hrcrm.testpentas.in/agent/application/vendor/laravel/framework/src/Illuminate/Pipeline/Pipeline.php(167): App\\Http\\Middleware\\General\\SanityCheck->handle(Object(Illuminate\\Http\\Request), Object(Closure))
#28 /home/pentasof/hrcrm.testpentas.in/agent/application/app/Http/Middleware/General/Settings.php(47): Illuminate\\Pipeline\\Pipeline->Illuminate\\Pipeline\\{closure}(Object(Illuminate\\Http\\Request))
#29 /home/pentasof/hrcrm.testpentas.in/agent/application/vendor/laravel/framework/src/Illuminate/Pipeline/Pipeline.php(167): App\\Http\\Middleware\\General\\Settings->handle(Object(Illuminate\\Http\\Request), Object(Closure))
#30 /home/pentasof/hrcrm.testpentas.in/agent/application/vendor/laravel/framework/src/Illuminate/Routing/Middleware/SubstituteBindings.php(50): Illuminate\\Pipeline\\Pipeline->Illuminate\\Pipeline\\{closure}(Object(Illuminate\\Http\\Request))
#31 /home/pentasof/hrcrm.testpentas.in/agent/application/vendor/laravel/framework/src/Illuminate/Pipeline/Pipeline.php(167): Illuminate\\Routing\\Middleware\\SubstituteBindings->handle(Object(Illuminate\\Http\\Request), Object(Closure))
#32 /home/pentasof/hrcrm.testpentas.in/agent/application/vendor/laravel/framework/src/Illuminate/Foundation/Http/Middleware/VerifyCsrfToken.php(78): Illuminate\\Pipeline\\Pipeline->Illuminate\\Pipeline\\{closure}(Object(Illuminate\\Http\\Request))
#33 /home/pentasof/hrcrm.testpentas.in/agent/application/vendor/laravel/framework/src/Illuminate/Pipeline/Pipeline.php(167): Illuminate\\Foundation\\Http\\Middleware\\VerifyCsrfToken->handle(Object(Illuminate\\Http\\Request), Object(Closure))
#34 /home/pentasof/hrcrm.testpentas.in/agent/application/vendor/laravel/framework/src/Illuminate/View/Middleware/ShareErrorsFromSession.php(49): Illuminate\\Pipeline\\Pipeline->Illuminate\\Pipeline\\{closure}(Object(Illuminate\\Http\\Request))
#35 /home/pentasof/hrcrm.testpentas.in/agent/application/vendor/laravel/framework/src/Illuminate/Pipeline/Pipeline.php(167): Illuminate\\View\\Middleware\\ShareErrorsFromSession->handle(Object(Illuminate\\Http\\Request), Object(Closure))
#36 /home/pentasof/hrcrm.testpentas.in/agent/application/vendor/laravel/framework/src/Illuminate/Session/Middleware/StartSession.php(121): Illuminate\\Pipeline\\Pipeline->Illuminate\\Pipeline\\{closure}(Object(Illuminate\\Http\\Request))
#37 /home/pentasof/hrcrm.testpentas.in/agent/application/vendor/laravel/framework/src/Illuminate/Session/Middleware/StartSession.php(64): Illuminate\\Session\\Middleware\\StartSession->handleStatefulRequest(Object(Illuminate\\Http\\Request), Object(Illuminate\\Session\\Store), Object(Closure))
#38 /home/pentasof/hrcrm.testpentas.in/agent/application/vendor/laravel/framework/src/Illuminate/Pipeline/Pipeline.php(167): Illuminate\\Session\\Middleware\\StartSession->handle(Object(Illuminate\\Http\\Request), Object(Closure))
#39 /home/pentasof/hrcrm.testpentas.in/agent/application/vendor/laravel/framework/src/Illuminate/Cookie/Middleware/AddQueuedCookiesToResponse.php(37): Illuminate\\Pipeline\\Pipeline->Illuminate\\Pipeline\\{closure}(Object(Illuminate\\Http\\Request))
#40 /home/pentasof/hrcrm.testpentas.in/agent/application/vendor/laravel/framework/src/Illuminate/Pipeline/Pipeline.php(167): Illuminate\\Cookie\\Middleware\\AddQueuedCookiesToResponse->handle(Object(Illuminate\\Http\\Request), Object(Closure))
#41 /home/pentasof/hrcrm.testpentas.in/agent/application/vendor/laravel/framework/src/Illuminate/Cookie/Middleware/EncryptCookies.php(67): Illuminate\\Pipeline\\Pipeline->Illuminate\\Pipeline\\{closure}(Object(Illuminate\\Http\\Request))
#42 /home/pentasof/hrcrm.testpentas.in/agent/application/vendor/laravel/framework/src/Illuminate/Pipeline/Pipeline.php(167): Illuminate\\Cookie\\Middleware\\EncryptCookies->handle(Object(Illuminate\\Http\\Request), Object(Closure))
#43 /home/pentasof/hrcrm.testpentas.in/agent/application/app/Http/Middleware/General/Setup.php(37): Illuminate\\Pipeline\\Pipeline->Illuminate\\Pipeline\\{closure}(Object(Illuminate\\Http\\Request))
#44 /home/pentasof/hrcrm.testpentas.in/agent/application/vendor/laravel/framework/src/Illuminate/Pipeline/Pipeline.php(167): App\\Http\\Middleware\\General\\Setup->handle(Object(Illuminate\\Http\\Request), Object(Closure))
#45 /home/pentasof/hrcrm.testpentas.in/agent/application/vendor/laravel/framework/src/Illuminate/Pipeline/Pipeline.php(103): Illuminate\\Pipeline\\Pipeline->Illuminate\\Pipeline\\{closure}(Object(Illuminate\\Http\\Request))
#46 /home/pentasof/hrcrm.testpentas.in/agent/application/vendor/laravel/framework/src/Illuminate/Routing/Router.php(719): Illuminate\\Pipeline\\Pipeline->then(Object(Closure))
#47 /home/pentasof/hrcrm.testpentas.in/agent/application/vendor/laravel/framework/src/Illuminate/Routing/Router.php(698): Illuminate\\Routing\\Router->runRouteWithinStack(Object(Illuminate\\Routing\\Route), Object(Illuminate\\Http\\Request))
#48 /home/pentasof/hrcrm.testpentas.in/agent/application/vendor/laravel/framework/src/Illuminate/Routing/Router.php(662): Illuminate\\Routing\\Router->runRoute(Object(Illuminate\\Http\\Request), Object(Illuminate\\Routing\\Route))
#49 /home/pentasof/hrcrm.testpentas.in/agent/application/vendor/laravel/framework/src/Illuminate/Routing/Router.php(651): Illuminate\\Routing\\Router->dispatchToRoute(Object(Illuminate\\Http\\Request))
#50 /home/pentasof/hrcrm.testpentas.in/agent/application/vendor/laravel/framework/src/Illuminate/Foundation/Http/Kernel.php(167): Illuminate\\Routing\\Router->dispatch(Object(Illuminate\\Http\\Request))
#51 /home/pentasof/hrcrm.testpentas.in/agent/application/vendor/laravel/framework/src/Illuminate/Pipeline/Pipeline.php(128): Illuminate\\Foundation\\Http\\Kernel->Illuminate\\Foundation\\Http\\{closure}(Object(Illuminate\\Http\\Request))
#52 /home/pentasof/hrcrm.testpentas.in/agent/application/vendor/barryvdh/laravel-debugbar/src/Middleware/InjectDebugbar.php(59): Illuminate\\Pipeline\\Pipeline->Illuminate\\Pipeline\\{closure}(Object(Illuminate\\Http\\Request))
#53 /home/pentasof/hrcrm.testpentas.in/agent/application/vendor/laravel/framework/src/Illuminate/Pipeline/Pipeline.php(167): Barryvdh\\Debugbar\\Middleware\\InjectDebugbar->handle(Object(Illuminate\\Http\\Request), Object(Closure))
#54 /home/pentasof/hrcrm.testpentas.in/agent/application/vendor/fideloper/proxy/src/TrustProxies.php(57): Illuminate\\Pipeline\\Pipeline->Illuminate\\Pipeline\\{closure}(Object(Illuminate\\Http\\Request))
#55 /home/pentasof/hrcrm.testpentas.in/agent/application/vendor/laravel/framework/src/Illuminate/Pipeline/Pipeline.php(167): Fideloper\\Proxy\\TrustProxies->handle(Object(Illuminate\\Http\\Request), Object(Closure))
#56 /home/pentasof/hrcrm.testpentas.in/agent/application/vendor/laravel/framework/src/Illuminate/Foundation/Http/Middleware/TransformsRequest.php(21): Illuminate\\Pipeline\\Pipeline->Illuminate\\Pipeline\\{closure}(Object(Illuminate\\Http\\Request))
#57 /home/pentasof/hrcrm.testpentas.in/agent/application/vendor/laravel/framework/src/Illuminate/Foundation/Http/Middleware/ConvertEmptyStringsToNull.php(31): Illuminate\\Foundation\\Http\\Middleware\\TransformsRequest->handle(Object(Illuminate\\Http\\Request), Object(Closure))
#58 /home/pentasof/hrcrm.testpentas.in/agent/application/vendor/laravel/framework/src/Illuminate/Pipeline/Pipeline.php(167): Illuminate\\Foundation\\Http\\Middleware\\ConvertEmptyStringsToNull->handle(Object(Illuminate\\Http\\Request), Object(Closure))
#59 /home/pentasof/hrcrm.testpentas.in/agent/application/vendor/laravel/framework/src/Illuminate/Foundation/Http/Middleware/TransformsRequest.php(21): Illuminate\\Pipeline\\Pipeline->Illuminate\\Pipeline\\{closure}(Object(Illuminate\\Http\\Request))
#60 /home/pentasof/hrcrm.testpentas.in/agent/application/vendor/laravel/framework/src/Illuminate/Foundation/Http/Middleware/TrimStrings.php(40): Illuminate\\Foundation\\Http\\Middleware\\TransformsRequest->handle(Object(Illuminate\\Http\\Request), Object(Closure))
#61 /home/pentasof/hrcrm.testpentas.in/agent/application/vendor/laravel/framework/src/Illuminate/Pipeline/Pipeline.php(167): Illuminate\\Foundation\\Http\\Middleware\\TrimStrings->handle(Object(Illuminate\\Http\\Request), Object(Closure))
#62 /home/pentasof/hrcrm.testpentas.in/agent/application/vendor/laravel/framework/src/Illuminate/Foundation/Http/Middleware/ValidatePostSize.php(27): Illuminate\\Pipeline\\Pipeline->Illuminate\\Pipeline\\{closure}(Object(Illuminate\\Http\\Request))
#63 /home/pentasof/hrcrm.testpentas.in/agent/application/vendor/laravel/framework/src/Illuminate/Pipeline/Pipeline.php(167): Illuminate\\Foundation\\Http\\Middleware\\ValidatePostSize->handle(Object(Illuminate\\Http\\Request), Object(Closure))
#64 /home/pentasof/hrcrm.testpentas.in/agent/application/vendor/laravel/framework/src/Illuminate/Foundation/Http/Middleware/PreventRequestsDuringMaintenance.php(86): Illuminate\\Pipeline\\Pipeline->Illuminate\\Pipeline\\{closure}(Object(Illuminate\\Http\\Request))
#65 /home/pentasof/hrcrm.testpentas.in/agent/application/vendor/laravel/framework/src/Illuminate/Pipeline/Pipeline.php(167): Illuminate\\Foundation\\Http\\Middleware\\PreventRequestsDuringMaintenance->handle(Object(Illuminate\\Http\\Request), Object(Closure))
#66 /home/pentasof/hrcrm.testpentas.in/agent/application/vendor/laravel/framework/src/Illuminate/Pipeline/Pipeline.php(103): Illuminate\\Pipeline\\Pipeline->Illuminate\\Pipeline\\{closure}(Object(Illuminate\\Http\\Request))
#67 /home/pentasof/hrcrm.testpentas.in/agent/application/vendor/laravel/framework/src/Illuminate/Foundation/Http/Kernel.php(142): Illuminate\\Pipeline\\Pipeline->then(Object(Closure))
#68 /home/pentasof/hrcrm.testpentas.in/agent/application/vendor/laravel/framework/src/Illuminate/Foundation/Http/Kernel.php(111): Illuminate\\Foundation\\Http\\Kernel->sendRequestThroughRouter(Object(Illuminate\\Http\\Request))
#69 /home/pentasof/hrcrm.testpentas.in/agent/index.php(91): Illuminate\\Foundation\\Http\\Kernel->handle(Object(Illuminate\\Http\\Request))
#70 {main}
"} 
[2024-07-05 11:36:20] production.ERROR: SQLSTATE[42S22]: Column not found: 1054 Unknown column 'status' in 'field list' (SQL: insert into `refunds` (`booking_id`, `passenger_id`, `refund_amount`, `status`, `request_date`, `processed_date`, `reason`, `agent_id`, `updated_at`, `created_at`) values (1, 2, 5456, ?, 2024-07-05, 2024-07-05, yrtyrety, 3, 2024-07-05 11:36:20, 2024-07-05 11:36:20)) {"userId":3,"exception":"[object] (Illuminate\\Database\\QueryException(code: 42S22): SQLSTATE[42S22]: Column not found: 1054 Unknown column 'status' in 'field list' (SQL: insert into `refunds` (`booking_id`, `passenger_id`, `refund_amount`, `status`, `request_date`, `processed_date`, `reason`, `agent_id`, `updated_at`, `created_at`) values (1, 2, 5456, ?, 2024-07-05, 2024-07-05, yrtyrety, 3, 2024-07-05 11:36:20, 2024-07-05 11:36:20)) at /home/pentasof/hrcrm.testpentas.in/agent/application/vendor/laravel/framework/src/Illuminate/Database/Connection.php:712)
[stacktrace]
#0 /home/pentasof/hrcrm.testpentas.in/agent/application/vendor/laravel/framework/src/Illuminate/Database/Connection.php(672): Illuminate\\Database\\Connection->runQueryCallback('insert into `re...', Array, Object(Closure))
#1 /home/pentasof/hrcrm.testpentas.in/agent/application/vendor/laravel/framework/src/Illuminate/Database/Connection.php(490): Illuminate\\Database\\Connection->run('insert into `re...', Array, Object(Closure))
#2 /home/pentasof/hrcrm.testpentas.in/agent/application/vendor/laravel/framework/src/Illuminate/Database/Connection.php(454): Illuminate\\Database\\Connection->statement('insert into `re...', Array)
#3 /home/pentasof/hrcrm.testpentas.in/agent/application/vendor/laravel/framework/src/Illuminate/Database/Query/Processors/Processor.php(32): Illuminate\\Database\\Connection->insert('insert into `re...', Array)
#4 /home/pentasof/hrcrm.testpentas.in/agent/application/vendor/laravel/framework/src/Illuminate/Database/Query/Builder.php(3028): Illuminate\\Database\\Query\\Processors\\Processor->processInsertGetId(Object(Illuminate\\Database\\Query\\Builder), 'insert into `re...', Array, 'id')
#5 /home/pentasof/hrcrm.testpentas.in/agent/application/vendor/laravel/framework/src/Illuminate/Database/Eloquent/Builder.php(1657): Illuminate\\Database\\Query\\Builder->insertGetId(Array, 'id')
#6 /home/pentasof/hrcrm.testpentas.in/agent/application/vendor/laravel/framework/src/Illuminate/Database/Eloquent/Model.php(1188): Illuminate\\Database\\Eloquent\\Builder->__call('insertGetId', Array)
#7 /home/pentasof/hrcrm.testpentas.in/agent/application/vendor/laravel/framework/src/Illuminate/Database/Eloquent/Model.php(1153): Illuminate\\Database\\Eloquent\\Model->insertAndSetId(Object(Illuminate\\Database\\Eloquent\\Builder), Array)
#8 /home/pentasof/hrcrm.testpentas.in/agent/application/vendor/laravel/framework/src/Illuminate/Database/Eloquent/Model.php(994): Illuminate\\Database\\Eloquent\\Model->performInsert(Object(Illuminate\\Database\\Eloquent\\Builder))
#9 /home/pentasof/hrcrm.testpentas.in/agent/application/app/Http/Controllers/RefundController.php(54): Illuminate\\Database\\Eloquent\\Model->save()
#10 /home/pentasof/hrcrm.testpentas.in/agent/application/vendor/laravel/framework/src/Illuminate/Routing/Controller.php(54): App\\Http\\Controllers\\RefundController->store(Object(Illuminate\\Http\\Request))
#11 /home/pentasof/hrcrm.testpentas.in/agent/application/vendor/laravel/framework/src/Illuminate/Routing/ControllerDispatcher.php(45): Illuminate\\Routing\\Controller->callAction('store', Array)
#12 /home/pentasof/hrcrm.testpentas.in/agent/application/vendor/laravel/framework/src/Illuminate/Routing/Route.php(261): Illuminate\\Routing\\ControllerDispatcher->dispatch(Object(Illuminate\\Routing\\Route), Object(App\\Http\\Controllers\\RefundController), 'store')
#13 /home/pentasof/hrcrm.testpentas.in/agent/application/vendor/laravel/framework/src/Illuminate/Routing/Route.php(205): Illuminate\\Routing\\Route->runController()
#14 /home/pentasof/hrcrm.testpentas.in/agent/application/vendor/laravel/framework/src/Illuminate/Routing/Router.php(721): Illuminate\\Routing\\Route->run()
#15 /home/pentasof/hrcrm.testpentas.in/agent/application/vendor/laravel/framework/src/Illuminate/Pipeline/Pipeline.php(128): Illuminate\\Routing\\Router->Illuminate\\Routing\\{closure}(Object(Illuminate\\Http\\Request))
#16 /home/pentasof/hrcrm.testpentas.in/agent/application/app/Http/Middleware/Modules/Menus.php(34): Illuminate\\Pipeline\\Pipeline->Illuminate\\Pipeline\\{closure}(Object(Illuminate\\Http\\Request))
#17 /home/pentasof/hrcrm.testpentas.in/agent/application/vendor/laravel/framework/src/Illuminate/Pipeline/Pipeline.php(167): App\\Http\\Middleware\\Modules\\Menus->handle(Object(Illuminate\\Http\\Request), Object(Closure))
#18 /home/pentasof/hrcrm.testpentas.in/agent/application/app/Http/Middleware/Modules/Visibility.php(55): Illuminate\\Pipeline\\Pipeline->Illuminate\\Pipeline\\{closure}(Object(Illuminate\\Http\\Request))
#19 /home/pentasof/hrcrm.testpentas.in/agent/application/vendor/laravel/framework/src/Illuminate/Pipeline/Pipeline.php(167): App\\Http\\Middleware\\Modules\\Visibility->handle(Object(Illuminate\\Http\\Request), Object(Closure))
#20 /home/pentasof/hrcrm.testpentas.in/agent/application/app/Http/Middleware/Modules/Status.php(59): Illuminate\\Pipeline\\Pipeline->Illuminate\\Pipeline\\{closure}(Object(Illuminate\\Http\\Request))
#21 /home/pentasof/hrcrm.testpentas.in/agent/application/vendor/laravel/framework/src/Illuminate/Pipeline/Pipeline.php(167): App\\Http\\Middleware\\Modules\\Status->handle(Object(Illuminate\\Http\\Request), Object(Closure))
#22 /home/pentasof/hrcrm.testpentas.in/agent/application/app/Http/Middleware/General/General.php(103): Illuminate\\Pipeline\\Pipeline->Illuminate\\Pipeline\\{closure}(Object(Illuminate\\Http\\Request))
#23 /home/pentasof/hrcrm.testpentas.in/agent/application/vendor/laravel/framework/src/Illuminate/Pipeline/Pipeline.php(167): App\\Http\\Middleware\\General\\General->handle(Object(Illuminate\\Http\\Request), Object(Closure))
#24 /home/pentasof/hrcrm.testpentas.in/agent/application/app/Http/Middleware/General/SanityCheck.php(45): Illuminate\\Pipeline\\Pipeline->Illuminate\\Pipeline\\{closure}(Object(Illuminate\\Http\\Request))
#25 /home/pentasof/hrcrm.testpentas.in/agent/application/vendor/laravel/framework/src/Illuminate/Pipeline/Pipeline.php(167): App\\Http\\Middleware\\General\\SanityCheck->handle(Object(Illuminate\\Http\\Request), Object(Closure))
#26 /home/pentasof/hrcrm.testpentas.in/agent/application/app/Http/Middleware/General/Settings.php(47): Illuminate\\Pipeline\\Pipeline->Illuminate\\Pipeline\\{closure}(Object(Illuminate\\Http\\Request))
#27 /home/pentasof/hrcrm.testpentas.in/agent/application/vendor/laravel/framework/src/Illuminate/Pipeline/Pipeline.php(167): App\\Http\\Middleware\\General\\Settings->handle(Object(Illuminate\\Http\\Request), Object(Closure))
#28 /home/pentasof/hrcrm.testpentas.in/agent/application/vendor/laravel/framework/src/Illuminate/Routing/Middleware/SubstituteBindings.php(50): Illuminate\\Pipeline\\Pipeline->Illuminate\\Pipeline\\{closure}(Object(Illuminate\\Http\\Request))
#29 /home/pentasof/hrcrm.testpentas.in/agent/application/vendor/laravel/framework/src/Illuminate/Pipeline/Pipeline.php(167): Illuminate\\Routing\\Middleware\\SubstituteBindings->handle(Object(Illuminate\\Http\\Request), Object(Closure))
#30 /home/pentasof/hrcrm.testpentas.in/agent/application/vendor/laravel/framework/src/Illuminate/Foundation/Http/Middleware/VerifyCsrfToken.php(78): Illuminate\\Pipeline\\Pipeline->Illuminate\\Pipeline\\{closure}(Object(Illuminate\\Http\\Request))
#31 /home/pentasof/hrcrm.testpentas.in/agent/application/vendor/laravel/framework/src/Illuminate/Pipeline/Pipeline.php(167): Illuminate\\Foundation\\Http\\Middleware\\VerifyCsrfToken->handle(Object(Illuminate\\Http\\Request), Object(Closure))
#32 /home/pentasof/hrcrm.testpentas.in/agent/application/vendor/laravel/framework/src/Illuminate/View/Middleware/ShareErrorsFromSession.php(49): Illuminate\\Pipeline\\Pipeline->Illuminate\\Pipeline\\{closure}(Object(Illuminate\\Http\\Request))
#33 /home/pentasof/hrcrm.testpentas.in/agent/application/vendor/laravel/framework/src/Illuminate/Pipeline/Pipeline.php(167): Illuminate\\View\\Middleware\\ShareErrorsFromSession->handle(Object(Illuminate\\Http\\Request), Object(Closure))
#34 /home/pentasof/hrcrm.testpentas.in/agent/application/vendor/laravel/framework/src/Illuminate/Session/Middleware/StartSession.php(121): Illuminate\\Pipeline\\Pipeline->Illuminate\\Pipeline\\{closure}(Object(Illuminate\\Http\\Request))
#35 /home/pentasof/hrcrm.testpentas.in/agent/application/vendor/laravel/framework/src/Illuminate/Session/Middleware/StartSession.php(64): Illuminate\\Session\\Middleware\\StartSession->handleStatefulRequest(Object(Illuminate\\Http\\Request), Object(Illuminate\\Session\\Store), Object(Closure))
#36 /home/pentasof/hrcrm.testpentas.in/agent/application/vendor/laravel/framework/src/Illuminate/Pipeline/Pipeline.php(167): Illuminate\\Session\\Middleware\\StartSession->handle(Object(Illuminate\\Http\\Request), Object(Closure))
#37 /home/pentasof/hrcrm.testpentas.in/agent/application/vendor/laravel/framework/src/Illuminate/Cookie/Middleware/AddQueuedCookiesToResponse.php(37): Illuminate\\Pipeline\\Pipeline->Illuminate\\Pipeline\\{closure}(Object(Illuminate\\Http\\Request))
#38 /home/pentasof/hrcrm.testpentas.in/agent/application/vendor/laravel/framework/src/Illuminate/Pipeline/Pipeline.php(167): Illuminate\\Cookie\\Middleware\\AddQueuedCookiesToResponse->handle(Object(Illuminate\\Http\\Request), Object(Closure))
#39 /home/pentasof/hrcrm.testpentas.in/agent/application/vendor/laravel/framework/src/Illuminate/Cookie/Middleware/EncryptCookies.php(67): Illuminate\\Pipeline\\Pipeline->Illuminate\\Pipeline\\{closure}(Object(Illuminate\\Http\\Request))
#40 /home/pentasof/hrcrm.testpentas.in/agent/application/vendor/laravel/framework/src/Illuminate/Pipeline/Pipeline.php(167): Illuminate\\Cookie\\Middleware\\EncryptCookies->handle(Object(Illuminate\\Http\\Request), Object(Closure))
#41 /home/pentasof/hrcrm.testpentas.in/agent/application/app/Http/Middleware/General/Setup.php(37): Illuminate\\Pipeline\\Pipeline->Illuminate\\Pipeline\\{closure}(Object(Illuminate\\Http\\Request))
#42 /home/pentasof/hrcrm.testpentas.in/agent/application/vendor/laravel/framework/src/Illuminate/Pipeline/Pipeline.php(167): App\\Http\\Middleware\\General\\Setup->handle(Object(Illuminate\\Http\\Request), Object(Closure))
#43 /home/pentasof/hrcrm.testpentas.in/agent/application/vendor/laravel/framework/src/Illuminate/Pipeline/Pipeline.php(103): Illuminate\\Pipeline\\Pipeline->Illuminate\\Pipeline\\{closure}(Object(Illuminate\\Http\\Request))
#44 /home/pentasof/hrcrm.testpentas.in/agent/application/vendor/laravel/framework/src/Illuminate/Routing/Router.php(719): Illuminate\\Pipeline\\Pipeline->then(Object(Closure))
#45 /home/pentasof/hrcrm.testpentas.in/agent/application/vendor/laravel/framework/src/Illuminate/Routing/Router.php(698): Illuminate\\Routing\\Router->runRouteWithinStack(Object(Illuminate\\Routing\\Route), Object(Illuminate\\Http\\Request))
#46 /home/pentasof/hrcrm.testpentas.in/agent/application/vendor/laravel/framework/src/Illuminate/Routing/Router.php(662): Illuminate\\Routing\\Router->runRoute(Object(Illuminate\\Http\\Request), Object(Illuminate\\Routing\\Route))
#47 /home/pentasof/hrcrm.testpentas.in/agent/application/vendor/laravel/framework/src/Illuminate/Routing/Router.php(651): Illuminate\\Routing\\Router->dispatchToRoute(Object(Illuminate\\Http\\Request))
#48 /home/pentasof/hrcrm.testpentas.in/agent/application/vendor/laravel/framework/src/Illuminate/Foundation/Http/Kernel.php(167): Illuminate\\Routing\\Router->dispatch(Object(Illuminate\\Http\\Request))
#49 /home/pentasof/hrcrm.testpentas.in/agent/application/vendor/laravel/framework/src/Illuminate/Pipeline/Pipeline.php(128): Illuminate\\Foundation\\Http\\Kernel->Illuminate\\Foundation\\Http\\{closure}(Object(Illuminate\\Http\\Request))
#50 /home/pentasof/hrcrm.testpentas.in/agent/application/vendor/barryvdh/laravel-debugbar/src/Middleware/InjectDebugbar.php(59): Illuminate\\Pipeline\\Pipeline->Illuminate\\Pipeline\\{closure}(Object(Illuminate\\Http\\Request))
#51 /home/pentasof/hrcrm.testpentas.in/agent/application/vendor/laravel/framework/src/Illuminate/Pipeline/Pipeline.php(167): Barryvdh\\Debugbar\\Middleware\\InjectDebugbar->handle(Object(Illuminate\\Http\\Request), Object(Closure))
#52 /home/pentasof/hrcrm.testpentas.in/agent/application/vendor/fideloper/proxy/src/TrustProxies.php(57): Illuminate\\Pipeline\\Pipeline->Illuminate\\Pipeline\\{closure}(Object(Illuminate\\Http\\Request))
#53 /home/pentasof/hrcrm.testpentas.in/agent/application/vendor/laravel/framework/src/Illuminate/Pipeline/Pipeline.php(167): Fideloper\\Proxy\\TrustProxies->handle(Object(Illuminate\\Http\\Request), Object(Closure))
#54 /home/pentasof/hrcrm.testpentas.in/agent/application/vendor/laravel/framework/src/Illuminate/Foundation/Http/Middleware/TransformsRequest.php(21): Illuminate\\Pipeline\\Pipeline->Illuminate\\Pipeline\\{closure}(Object(Illuminate\\Http\\Request))
#55 /home/pentasof/hrcrm.testpentas.in/agent/application/vendor/laravel/framework/src/Illuminate/Foundation/Http/Middleware/ConvertEmptyStringsToNull.php(31): Illuminate\\Foundation\\Http\\Middleware\\TransformsRequest->handle(Object(Illuminate\\Http\\Request), Object(Closure))
#56 /home/pentasof/hrcrm.testpentas.in/agent/application/vendor/laravel/framework/src/Illuminate/Pipeline/Pipeline.php(167): Illuminate\\Foundation\\Http\\Middleware\\ConvertEmptyStringsToNull->handle(Object(Illuminate\\Http\\Request), Object(Closure))
#57 /home/pentasof/hrcrm.testpentas.in/agent/application/vendor/laravel/framework/src/Illuminate/Foundation/Http/Middleware/TransformsRequest.php(21): Illuminate\\Pipeline\\Pipeline->Illuminate\\Pipeline\\{closure}(Object(Illuminate\\Http\\Request))
#58 /home/pentasof/hrcrm.testpentas.in/agent/application/vendor/laravel/framework/src/Illuminate/Foundation/Http/Middleware/TrimStrings.php(40): Illuminate\\Foundation\\Http\\Middleware\\TransformsRequest->handle(Object(Illuminate\\Http\\Request), Object(Closure))
#59 /home/pentasof/hrcrm.testpentas.in/agent/application/vendor/laravel/framework/src/Illuminate/Pipeline/Pipeline.php(167): Illuminate\\Foundation\\Http\\Middleware\\TrimStrings->handle(Object(Illuminate\\Http\\Request), Object(Closure))
#60 /home/pentasof/hrcrm.testpentas.in/agent/application/vendor/laravel/framework/src/Illuminate/Foundation/Http/Middleware/ValidatePostSize.php(27): Illuminate\\Pipeline\\Pipeline->Illuminate\\Pipeline\\{closure}(Object(Illuminate\\Http\\Request))
#61 /home/pentasof/hrcrm.testpentas.in/agent/application/vendor/laravel/framework/src/Illuminate/Pipeline/Pipeline.php(167): Illuminate\\Foundation\\Http\\Middleware\\ValidatePostSize->handle(Object(Illuminate\\Http\\Request), Object(Closure))
#62 /home/pentasof/hrcrm.testpentas.in/agent/application/vendor/laravel/framework/src/Illuminate/Foundation/Http/Middleware/PreventRequestsDuringMaintenance.php(86): Illuminate\\Pipeline\\Pipeline->Illuminate\\Pipeline\\{closure}(Object(Illuminate\\Http\\Request))
#63 /home/pentasof/hrcrm.testpentas.in/agent/application/vendor/laravel/framework/src/Illuminate/Pipeline/Pipeline.php(167): Illuminate\\Foundation\\Http\\Middleware\\PreventRequestsDuringMaintenance->handle(Object(Illuminate\\Http\\Request), Object(Closure))
#64 /home/pentasof/hrcrm.testpentas.in/agent/application/vendor/laravel/framework/src/Illuminate/Pipeline/Pipeline.php(103): Illuminate\\Pipeline\\Pipeline->Illuminate\\Pipeline\\{closure}(Object(Illuminate\\Http\\Request))
#65 /home/pentasof/hrcrm.testpentas.in/agent/application/vendor/laravel/framework/src/Illuminate/Foundation/Http/Kernel.php(142): Illuminate\\Pipeline\\Pipeline->then(Object(Closure))
#66 /home/pentasof/hrcrm.testpentas.in/agent/application/vendor/laravel/framework/src/Illuminate/Foundation/Http/Kernel.php(111): Illuminate\\Foundation\\Http\\Kernel->sendRequestThroughRouter(Object(Illuminate\\Http\\Request))
#67 /home/pentasof/hrcrm.testpentas.in/agent/index.php(91): Illuminate\\Foundation\\Http\\Kernel->handle(Object(Illuminate\\Http\\Request))
#68 {main}

[previous exception] [object] (PDOException(code: 42S22): SQLSTATE[42S22]: Column not found: 1054 Unknown column 'status' in 'field list' at /home/pentasof/hrcrm.testpentas.in/agent/application/vendor/laravel/framework/src/Illuminate/Database/Connection.php:495)
[stacktrace]
#0 /home/pentasof/hrcrm.testpentas.in/agent/application/vendor/laravel/framework/src/Illuminate/Database/Connection.php(495): PDO->prepare('insert into `re...')
#1 /home/pentasof/hrcrm.testpentas.in/agent/application/vendor/laravel/framework/src/Illuminate/Database/Connection.php(705): Illuminate\\Database\\Connection->Illuminate\\Database\\{closure}('insert into `re...', Array)
#2 /home/pentasof/hrcrm.testpentas.in/agent/application/vendor/laravel/framework/src/Illuminate/Database/Connection.php(672): Illuminate\\Database\\Connection->runQueryCallback('insert into `re...', Array, Object(Closure))
#3 /home/pentasof/hrcrm.testpentas.in/agent/application/vendor/laravel/framework/src/Illuminate/Database/Connection.php(490): Illuminate\\Database\\Connection->run('insert into `re...', Array, Object(Closure))
#4 /home/pentasof/hrcrm.testpentas.in/agent/application/vendor/laravel/framework/src/Illuminate/Database/Connection.php(454): Illuminate\\Database\\Connection->statement('insert into `re...', Array)
#5 /home/pentasof/hrcrm.testpentas.in/agent/application/vendor/laravel/framework/src/Illuminate/Database/Query/Processors/Processor.php(32): Illuminate\\Database\\Connection->insert('insert into `re...', Array)
#6 /home/pentasof/hrcrm.testpentas.in/agent/application/vendor/laravel/framework/src/Illuminate/Database/Query/Builder.php(3028): Illuminate\\Database\\Query\\Processors\\Processor->processInsertGetId(Object(Illuminate\\Database\\Query\\Builder), 'insert into `re...', Array, 'id')
#7 /home/pentasof/hrcrm.testpentas.in/agent/application/vendor/laravel/framework/src/Illuminate/Database/Eloquent/Builder.php(1657): Illuminate\\Database\\Query\\Builder->insertGetId(Array, 'id')
#8 /home/pentasof/hrcrm.testpentas.in/agent/application/vendor/laravel/framework/src/Illuminate/Database/Eloquent/Model.php(1188): Illuminate\\Database\\Eloquent\\Builder->__call('insertGetId', Array)
#9 /home/pentasof/hrcrm.testpentas.in/agent/application/vendor/laravel/framework/src/Illuminate/Database/Eloquent/Model.php(1153): Illuminate\\Database\\Eloquent\\Model->insertAndSetId(Object(Illuminate\\Database\\Eloquent\\Builder), Array)
#10 /home/pentasof/hrcrm.testpentas.in/agent/application/vendor/laravel/framework/src/Illuminate/Database/Eloquent/Model.php(994): Illuminate\\Database\\Eloquent\\Model->performInsert(Object(Illuminate\\Database\\Eloquent\\Builder))
#11 /home/pentasof/hrcrm.testpentas.in/agent/application/app/Http/Controllers/RefundController.php(54): Illuminate\\Database\\Eloquent\\Model->save()
#12 /home/pentasof/hrcrm.testpentas.in/agent/application/vendor/laravel/framework/src/Illuminate/Routing/Controller.php(54): App\\Http\\Controllers\\RefundController->store(Object(Illuminate\\Http\\Request))
#13 /home/pentasof/hrcrm.testpentas.in/agent/application/vendor/laravel/framework/src/Illuminate/Routing/ControllerDispatcher.php(45): Illuminate\\Routing\\Controller->callAction('store', Array)
#14 /home/pentasof/hrcrm.testpentas.in/agent/application/vendor/laravel/framework/src/Illuminate/Routing/Route.php(261): Illuminate\\Routing\\ControllerDispatcher->dispatch(Object(Illuminate\\Routing\\Route), Object(App\\Http\\Controllers\\RefundController), 'store')
#15 /home/pentasof/hrcrm.testpentas.in/agent/application/vendor/laravel/framework/src/Illuminate/Routing/Route.php(205): Illuminate\\Routing\\Route->runController()
#16 /home/pentasof/hrcrm.testpentas.in/agent/application/vendor/laravel/framework/src/Illuminate/Routing/Router.php(721): Illuminate\\Routing\\Route->run()
#17 /home/pentasof/hrcrm.testpentas.in/agent/application/vendor/laravel/framework/src/Illuminate/Pipeline/Pipeline.php(128): Illuminate\\Routing\\Router->Illuminate\\Routing\\{closure}(Object(Illuminate\\Http\\Request))
#18 /home/pentasof/hrcrm.testpentas.in/agent/application/app/Http/Middleware/Modules/Menus.php(34): Illuminate\\Pipeline\\Pipeline->Illuminate\\Pipeline\\{closure}(Object(Illuminate\\Http\\Request))
#19 /home/pentasof/hrcrm.testpentas.in/agent/application/vendor/laravel/framework/src/Illuminate/Pipeline/Pipeline.php(167): App\\Http\\Middleware\\Modules\\Menus->handle(Object(Illuminate\\Http\\Request), Object(Closure))
#20 /home/pentasof/hrcrm.testpentas.in/agent/application/app/Http/Middleware/Modules/Visibility.php(55): Illuminate\\Pipeline\\Pipeline->Illuminate\\Pipeline\\{closure}(Object(Illuminate\\Http\\Request))
#21 /home/pentasof/hrcrm.testpentas.in/agent/application/vendor/laravel/framework/src/Illuminate/Pipeline/Pipeline.php(167): App\\Http\\Middleware\\Modules\\Visibility->handle(Object(Illuminate\\Http\\Request), Object(Closure))
#22 /home/pentasof/hrcrm.testpentas.in/agent/application/app/Http/Middleware/Modules/Status.php(59): Illuminate\\Pipeline\\Pipeline->Illuminate\\Pipeline\\{closure}(Object(Illuminate\\Http\\Request))
#23 /home/pentasof/hrcrm.testpentas.in/agent/application/vendor/laravel/framework/src/Illuminate/Pipeline/Pipeline.php(167): App\\Http\\Middleware\\Modules\\Status->handle(Object(Illuminate\\Http\\Request), Object(Closure))
#24 /home/pentasof/hrcrm.testpentas.in/agent/application/app/Http/Middleware/General/General.php(103): Illuminate\\Pipeline\\Pipeline->Illuminate\\Pipeline\\{closure}(Object(Illuminate\\Http\\Request))
#25 /home/pentasof/hrcrm.testpentas.in/agent/application/vendor/laravel/framework/src/Illuminate/Pipeline/Pipeline.php(167): App\\Http\\Middleware\\General\\General->handle(Object(Illuminate\\Http\\Request), Object(Closure))
#26 /home/pentasof/hrcrm.testpentas.in/agent/application/app/Http/Middleware/General/SanityCheck.php(45): Illuminate\\Pipeline\\Pipeline->Illuminate\\Pipeline\\{closure}(Object(Illuminate\\Http\\Request))
#27 /home/pentasof/hrcrm.testpentas.in/agent/application/vendor/laravel/framework/src/Illuminate/Pipeline/Pipeline.php(167): App\\Http\\Middleware\\General\\SanityCheck->handle(Object(Illuminate\\Http\\Request), Object(Closure))
#28 /home/pentasof/hrcrm.testpentas.in/agent/application/app/Http/Middleware/General/Settings.php(47): Illuminate\\Pipeline\\Pipeline->Illuminate\\Pipeline\\{closure}(Object(Illuminate\\Http\\Request))
#29 /home/pentasof/hrcrm.testpentas.in/agent/application/vendor/laravel/framework/src/Illuminate/Pipeline/Pipeline.php(167): App\\Http\\Middleware\\General\\Settings->handle(Object(Illuminate\\Http\\Request), Object(Closure))
#30 /home/pentasof/hrcrm.testpentas.in/agent/application/vendor/laravel/framework/src/Illuminate/Routing/Middleware/SubstituteBindings.php(50): Illuminate\\Pipeline\\Pipeline->Illuminate\\Pipeline\\{closure}(Object(Illuminate\\Http\\Request))
#31 /home/pentasof/hrcrm.testpentas.in/agent/application/vendor/laravel/framework/src/Illuminate/Pipeline/Pipeline.php(167): Illuminate\\Routing\\Middleware\\SubstituteBindings->handle(Object(Illuminate\\Http\\Request), Object(Closure))
#32 /home/pentasof/hrcrm.testpentas.in/agent/application/vendor/laravel/framework/src/Illuminate/Foundation/Http/Middleware/VerifyCsrfToken.php(78): Illuminate\\Pipeline\\Pipeline->Illuminate\\Pipeline\\{closure}(Object(Illuminate\\Http\\Request))
#33 /home/pentasof/hrcrm.testpentas.in/agent/application/vendor/laravel/framework/src/Illuminate/Pipeline/Pipeline.php(167): Illuminate\\Foundation\\Http\\Middleware\\VerifyCsrfToken->handle(Object(Illuminate\\Http\\Request), Object(Closure))
#34 /home/pentasof/hrcrm.testpentas.in/agent/application/vendor/laravel/framework/src/Illuminate/View/Middleware/ShareErrorsFromSession.php(49): Illuminate\\Pipeline\\Pipeline->Illuminate\\Pipeline\\{closure}(Object(Illuminate\\Http\\Request))
#35 /home/pentasof/hrcrm.testpentas.in/agent/application/vendor/laravel/framework/src/Illuminate/Pipeline/Pipeline.php(167): Illuminate\\View\\Middleware\\ShareErrorsFromSession->handle(Object(Illuminate\\Http\\Request), Object(Closure))
#36 /home/pentasof/hrcrm.testpentas.in/agent/application/vendor/laravel/framework/src/Illuminate/Session/Middleware/StartSession.php(121): Illuminate\\Pipeline\\Pipeline->Illuminate\\Pipeline\\{closure}(Object(Illuminate\\Http\\Request))
#37 /home/pentasof/hrcrm.testpentas.in/agent/application/vendor/laravel/framework/src/Illuminate/Session/Middleware/StartSession.php(64): Illuminate\\Session\\Middleware\\StartSession->handleStatefulRequest(Object(Illuminate\\Http\\Request), Object(Illuminate\\Session\\Store), Object(Closure))
#38 /home/pentasof/hrcrm.testpentas.in/agent/application/vendor/laravel/framework/src/Illuminate/Pipeline/Pipeline.php(167): Illuminate\\Session\\Middleware\\StartSession->handle(Object(Illuminate\\Http\\Request), Object(Closure))
#39 /home/pentasof/hrcrm.testpentas.in/agent/application/vendor/laravel/framework/src/Illuminate/Cookie/Middleware/AddQueuedCookiesToResponse.php(37): Illuminate\\Pipeline\\Pipeline->Illuminate\\Pipeline\\{closure}(Object(Illuminate\\Http\\Request))
#40 /home/pentasof/hrcrm.testpentas.in/agent/application/vendor/laravel/framework/src/Illuminate/Pipeline/Pipeline.php(167): Illuminate\\Cookie\\Middleware\\AddQueuedCookiesToResponse->handle(Object(Illuminate\\Http\\Request), Object(Closure))
#41 /home/pentasof/hrcrm.testpentas.in/agent/application/vendor/laravel/framework/src/Illuminate/Cookie/Middleware/EncryptCookies.php(67): Illuminate\\Pipeline\\Pipeline->Illuminate\\Pipeline\\{closure}(Object(Illuminate\\Http\\Request))
#42 /home/pentasof/hrcrm.testpentas.in/agent/application/vendor/laravel/framework/src/Illuminate/Pipeline/Pipeline.php(167): Illuminate\\Cookie\\Middleware\\EncryptCookies->handle(Object(Illuminate\\Http\\Request), Object(Closure))
#43 /home/pentasof/hrcrm.testpentas.in/agent/application/app/Http/Middleware/General/Setup.php(37): Illuminate\\Pipeline\\Pipeline->Illuminate\\Pipeline\\{closure}(Object(Illuminate\\Http\\Request))
#44 /home/pentasof/hrcrm.testpentas.in/agent/application/vendor/laravel/framework/src/Illuminate/Pipeline/Pipeline.php(167): App\\Http\\Middleware\\General\\Setup->handle(Object(Illuminate\\Http\\Request), Object(Closure))
#45 /home/pentasof/hrcrm.testpentas.in/agent/application/vendor/laravel/framework/src/Illuminate/Pipeline/Pipeline.php(103): Illuminate\\Pipeline\\Pipeline->Illuminate\\Pipeline\\{closure}(Object(Illuminate\\Http\\Request))
#46 /home/pentasof/hrcrm.testpentas.in/agent/application/vendor/laravel/framework/src/Illuminate/Routing/Router.php(719): Illuminate\\Pipeline\\Pipeline->then(Object(Closure))
#47 /home/pentasof/hrcrm.testpentas.in/agent/application/vendor/laravel/framework/src/Illuminate/Routing/Router.php(698): Illuminate\\Routing\\Router->runRouteWithinStack(Object(Illuminate\\Routing\\Route), Object(Illuminate\\Http\\Request))
#48 /home/pentasof/hrcrm.testpentas.in/agent/application/vendor/laravel/framework/src/Illuminate/Routing/Router.php(662): Illuminate\\Routing\\Router->runRoute(Object(Illuminate\\Http\\Request), Object(Illuminate\\Routing\\Route))
#49 /home/pentasof/hrcrm.testpentas.in/agent/application/vendor/laravel/framework/src/Illuminate/Routing/Router.php(651): Illuminate\\Routing\\Router->dispatchToRoute(Object(Illuminate\\Http\\Request))
#50 /home/pentasof/hrcrm.testpentas.in/agent/application/vendor/laravel/framework/src/Illuminate/Foundation/Http/Kernel.php(167): Illuminate\\Routing\\Router->dispatch(Object(Illuminate\\Http\\Request))
#51 /home/pentasof/hrcrm.testpentas.in/agent/application/vendor/laravel/framework/src/Illuminate/Pipeline/Pipeline.php(128): Illuminate\\Foundation\\Http\\Kernel->Illuminate\\Foundation\\Http\\{closure}(Object(Illuminate\\Http\\Request))
#52 /home/pentasof/hrcrm.testpentas.in/agent/application/vendor/barryvdh/laravel-debugbar/src/Middleware/InjectDebugbar.php(59): Illuminate\\Pipeline\\Pipeline->Illuminate\\Pipeline\\{closure}(Object(Illuminate\\Http\\Request))
#53 /home/pentasof/hrcrm.testpentas.in/agent/application/vendor/laravel/framework/src/Illuminate/Pipeline/Pipeline.php(167): Barryvdh\\Debugbar\\Middleware\\InjectDebugbar->handle(Object(Illuminate\\Http\\Request), Object(Closure))
#54 /home/pentasof/hrcrm.testpentas.in/agent/application/vendor/fideloper/proxy/src/TrustProxies.php(57): Illuminate\\Pipeline\\Pipeline->Illuminate\\Pipeline\\{closure}(Object(Illuminate\\Http\\Request))
#55 /home/pentasof/hrcrm.testpentas.in/agent/application/vendor/laravel/framework/src/Illuminate/Pipeline/Pipeline.php(167): Fideloper\\Proxy\\TrustProxies->handle(Object(Illuminate\\Http\\Request), Object(Closure))
#56 /home/pentasof/hrcrm.testpentas.in/agent/application/vendor/laravel/framework/src/Illuminate/Foundation/Http/Middleware/TransformsRequest.php(21): Illuminate\\Pipeline\\Pipeline->Illuminate\\Pipeline\\{closure}(Object(Illuminate\\Http\\Request))
#57 /home/pentasof/hrcrm.testpentas.in/agent/application/vendor/laravel/framework/src/Illuminate/Foundation/Http/Middleware/ConvertEmptyStringsToNull.php(31): Illuminate\\Foundation\\Http\\Middleware\\TransformsRequest->handle(Object(Illuminate\\Http\\Request), Object(Closure))
#58 /home/pentasof/hrcrm.testpentas.in/agent/application/vendor/laravel/framework/src/Illuminate/Pipeline/Pipeline.php(167): Illuminate\\Foundation\\Http\\Middleware\\ConvertEmptyStringsToNull->handle(Object(Illuminate\\Http\\Request), Object(Closure))
#59 /home/pentasof/hrcrm.testpentas.in/agent/application/vendor/laravel/framework/src/Illuminate/Foundation/Http/Middleware/TransformsRequest.php(21): Illuminate\\Pipeline\\Pipeline->Illuminate\\Pipeline\\{closure}(Object(Illuminate\\Http\\Request))
#60 /home/pentasof/hrcrm.testpentas.in/agent/application/vendor/laravel/framework/src/Illuminate/Foundation/Http/Middleware/TrimStrings.php(40): Illuminate\\Foundation\\Http\\Middleware\\TransformsRequest->handle(Object(Illuminate\\Http\\Request), Object(Closure))
#61 /home/pentasof/hrcrm.testpentas.in/agent/application/vendor/laravel/framework/src/Illuminate/Pipeline/Pipeline.php(167): Illuminate\\Foundation\\Http\\Middleware\\TrimStrings->handle(Object(Illuminate\\Http\\Request), Object(Closure))
#62 /home/pentasof/hrcrm.testpentas.in/agent/application/vendor/laravel/framework/src/Illuminate/Foundation/Http/Middleware/ValidatePostSize.php(27): Illuminate\\Pipeline\\Pipeline->Illuminate\\Pipeline\\{closure}(Object(Illuminate\\Http\\Request))
#63 /home/pentasof/hrcrm.testpentas.in/agent/application/vendor/laravel/framework/src/Illuminate/Pipeline/Pipeline.php(167): Illuminate\\Foundation\\Http\\Middleware\\ValidatePostSize->handle(Object(Illuminate\\Http\\Request), Object(Closure))
#64 /home/pentasof/hrcrm.testpentas.in/agent/application/vendor/laravel/framework/src/Illuminate/Foundation/Http/Middleware/PreventRequestsDuringMaintenance.php(86): Illuminate\\Pipeline\\Pipeline->Illuminate\\Pipeline\\{closure}(Object(Illuminate\\Http\\Request))
#65 /home/pentasof/hrcrm.testpentas.in/agent/application/vendor/laravel/framework/src/Illuminate/Pipeline/Pipeline.php(167): Illuminate\\Foundation\\Http\\Middleware\\PreventRequestsDuringMaintenance->handle(Object(Illuminate\\Http\\Request), Object(Closure))
#66 /home/pentasof/hrcrm.testpentas.in/agent/application/vendor/laravel/framework/src/Illuminate/Pipeline/Pipeline.php(103): Illuminate\\Pipeline\\Pipeline->Illuminate\\Pipeline\\{closure}(Object(Illuminate\\Http\\Request))
#67 /home/pentasof/hrcrm.testpentas.in/agent/application/vendor/laravel/framework/src/Illuminate/Foundation/Http/Kernel.php(142): Illuminate\\Pipeline\\Pipeline->then(Object(Closure))
#68 /home/pentasof/hrcrm.testpentas.in/agent/application/vendor/laravel/framework/src/Illuminate/Foundation/Http/Kernel.php(111): Illuminate\\Foundation\\Http\\Kernel->sendRequestThroughRouter(Object(Illuminate\\Http\\Request))
#69 /home/pentasof/hrcrm.testpentas.in/agent/index.php(91): Illuminate\\Foundation\\Http\\Kernel->handle(Object(Illuminate\\Http\\Request))
#70 {main}
"} 
[2024-07-05 11:37:45] production.ERROR: SQLSTATE[42S22]: Column not found: 1054 Unknown column 'status' in 'field list' (SQL: insert into `refunds` (`booking_id`, `passenger_id`, `refund_amount`, `status`, `request_date`, `processed_date`, `reason`, `agent_id`, `updated_at`, `created_at`) values (1, 2, 5456, ?, 2024-07-05, 2024-07-05, yrtyrety, 3, 2024-07-05 11:37:45, 2024-07-05 11:37:45)) {"userId":3,"exception":"[object] (Illuminate\\Database\\QueryException(code: 42S22): SQLSTATE[42S22]: Column not found: 1054 Unknown column 'status' in 'field list' (SQL: insert into `refunds` (`booking_id`, `passenger_id`, `refund_amount`, `status`, `request_date`, `processed_date`, `reason`, `agent_id`, `updated_at`, `created_at`) values (1, 2, 5456, ?, 2024-07-05, 2024-07-05, yrtyrety, 3, 2024-07-05 11:37:45, 2024-07-05 11:37:45)) at /home/pentasof/hrcrm.testpentas.in/agent/application/vendor/laravel/framework/src/Illuminate/Database/Connection.php:712)
[stacktrace]
#0 /home/pentasof/hrcrm.testpentas.in/agent/application/vendor/laravel/framework/src/Illuminate/Database/Connection.php(672): Illuminate\\Database\\Connection->runQueryCallback('insert into `re...', Array, Object(Closure))
#1 /home/pentasof/hrcrm.testpentas.in/agent/application/vendor/laravel/framework/src/Illuminate/Database/Connection.php(490): Illuminate\\Database\\Connection->run('insert into `re...', Array, Object(Closure))
#2 /home/pentasof/hrcrm.testpentas.in/agent/application/vendor/laravel/framework/src/Illuminate/Database/Connection.php(454): Illuminate\\Database\\Connection->statement('insert into `re...', Array)
#3 /home/pentasof/hrcrm.testpentas.in/agent/application/vendor/laravel/framework/src/Illuminate/Database/Query/Processors/Processor.php(32): Illuminate\\Database\\Connection->insert('insert into `re...', Array)
#4 /home/pentasof/hrcrm.testpentas.in/agent/application/vendor/laravel/framework/src/Illuminate/Database/Query/Builder.php(3028): Illuminate\\Database\\Query\\Processors\\Processor->processInsertGetId(Object(Illuminate\\Database\\Query\\Builder), 'insert into `re...', Array, 'id')
#5 /home/pentasof/hrcrm.testpentas.in/agent/application/vendor/laravel/framework/src/Illuminate/Database/Eloquent/Builder.php(1657): Illuminate\\Database\\Query\\Builder->insertGetId(Array, 'id')
#6 /home/pentasof/hrcrm.testpentas.in/agent/application/vendor/laravel/framework/src/Illuminate/Database/Eloquent/Model.php(1188): Illuminate\\Database\\Eloquent\\Builder->__call('insertGetId', Array)
#7 /home/pentasof/hrcrm.testpentas.in/agent/application/vendor/laravel/framework/src/Illuminate/Database/Eloquent/Model.php(1153): Illuminate\\Database\\Eloquent\\Model->insertAndSetId(Object(Illuminate\\Database\\Eloquent\\Builder), Array)
#8 /home/pentasof/hrcrm.testpentas.in/agent/application/vendor/laravel/framework/src/Illuminate/Database/Eloquent/Model.php(994): Illuminate\\Database\\Eloquent\\Model->performInsert(Object(Illuminate\\Database\\Eloquent\\Builder))
#9 /home/pentasof/hrcrm.testpentas.in/agent/application/app/Http/Controllers/RefundController.php(54): Illuminate\\Database\\Eloquent\\Model->save()
#10 /home/pentasof/hrcrm.testpentas.in/agent/application/vendor/laravel/framework/src/Illuminate/Routing/Controller.php(54): App\\Http\\Controllers\\RefundController->store(Object(Illuminate\\Http\\Request))
#11 /home/pentasof/hrcrm.testpentas.in/agent/application/vendor/laravel/framework/src/Illuminate/Routing/ControllerDispatcher.php(45): Illuminate\\Routing\\Controller->callAction('store', Array)
#12 /home/pentasof/hrcrm.testpentas.in/agent/application/vendor/laravel/framework/src/Illuminate/Routing/Route.php(261): Illuminate\\Routing\\ControllerDispatcher->dispatch(Object(Illuminate\\Routing\\Route), Object(App\\Http\\Controllers\\RefundController), 'store')
#13 /home/pentasof/hrcrm.testpentas.in/agent/application/vendor/laravel/framework/src/Illuminate/Routing/Route.php(205): Illuminate\\Routing\\Route->runController()
#14 /home/pentasof/hrcrm.testpentas.in/agent/application/vendor/laravel/framework/src/Illuminate/Routing/Router.php(721): Illuminate\\Routing\\Route->run()
#15 /home/pentasof/hrcrm.testpentas.in/agent/application/vendor/laravel/framework/src/Illuminate/Pipeline/Pipeline.php(128): Illuminate\\Routing\\Router->Illuminate\\Routing\\{closure}(Object(Illuminate\\Http\\Request))
#16 /home/pentasof/hrcrm.testpentas.in/agent/application/app/Http/Middleware/Modules/Menus.php(34): Illuminate\\Pipeline\\Pipeline->Illuminate\\Pipeline\\{closure}(Object(Illuminate\\Http\\Request))
#17 /home/pentasof/hrcrm.testpentas.in/agent/application/vendor/laravel/framework/src/Illuminate/Pipeline/Pipeline.php(167): App\\Http\\Middleware\\Modules\\Menus->handle(Object(Illuminate\\Http\\Request), Object(Closure))
#18 /home/pentasof/hrcrm.testpentas.in/agent/application/app/Http/Middleware/Modules/Visibility.php(55): Illuminate\\Pipeline\\Pipeline->Illuminate\\Pipeline\\{closure}(Object(Illuminate\\Http\\Request))
#19 /home/pentasof/hrcrm.testpentas.in/agent/application/vendor/laravel/framework/src/Illuminate/Pipeline/Pipeline.php(167): App\\Http\\Middleware\\Modules\\Visibility->handle(Object(Illuminate\\Http\\Request), Object(Closure))
#20 /home/pentasof/hrcrm.testpentas.in/agent/application/app/Http/Middleware/Modules/Status.php(59): Illuminate\\Pipeline\\Pipeline->Illuminate\\Pipeline\\{closure}(Object(Illuminate\\Http\\Request))
#21 /home/pentasof/hrcrm.testpentas.in/agent/application/vendor/laravel/framework/src/Illuminate/Pipeline/Pipeline.php(167): App\\Http\\Middleware\\Modules\\Status->handle(Object(Illuminate\\Http\\Request), Object(Closure))
#22 /home/pentasof/hrcrm.testpentas.in/agent/application/app/Http/Middleware/General/General.php(103): Illuminate\\Pipeline\\Pipeline->Illuminate\\Pipeline\\{closure}(Object(Illuminate\\Http\\Request))
#23 /home/pentasof/hrcrm.testpentas.in/agent/application/vendor/laravel/framework/src/Illuminate/Pipeline/Pipeline.php(167): App\\Http\\Middleware\\General\\General->handle(Object(Illuminate\\Http\\Request), Object(Closure))
#24 /home/pentasof/hrcrm.testpentas.in/agent/application/app/Http/Middleware/General/SanityCheck.php(45): Illuminate\\Pipeline\\Pipeline->Illuminate\\Pipeline\\{closure}(Object(Illuminate\\Http\\Request))
#25 /home/pentasof/hrcrm.testpentas.in/agent/application/vendor/laravel/framework/src/Illuminate/Pipeline/Pipeline.php(167): App\\Http\\Middleware\\General\\SanityCheck->handle(Object(Illuminate\\Http\\Request), Object(Closure))
#26 /home/pentasof/hrcrm.testpentas.in/agent/application/app/Http/Middleware/General/Settings.php(47): Illuminate\\Pipeline\\Pipeline->Illuminate\\Pipeline\\{closure}(Object(Illuminate\\Http\\Request))
#27 /home/pentasof/hrcrm.testpentas.in/agent/application/vendor/laravel/framework/src/Illuminate/Pipeline/Pipeline.php(167): App\\Http\\Middleware\\General\\Settings->handle(Object(Illuminate\\Http\\Request), Object(Closure))
#28 /home/pentasof/hrcrm.testpentas.in/agent/application/vendor/laravel/framework/src/Illuminate/Routing/Middleware/SubstituteBindings.php(50): Illuminate\\Pipeline\\Pipeline->Illuminate\\Pipeline\\{closure}(Object(Illuminate\\Http\\Request))
#29 /home/pentasof/hrcrm.testpentas.in/agent/application/vendor/laravel/framework/src/Illuminate/Pipeline/Pipeline.php(167): Illuminate\\Routing\\Middleware\\SubstituteBindings->handle(Object(Illuminate\\Http\\Request), Object(Closure))
#30 /home/pentasof/hrcrm.testpentas.in/agent/application/vendor/laravel/framework/src/Illuminate/Foundation/Http/Middleware/VerifyCsrfToken.php(78): Illuminate\\Pipeline\\Pipeline->Illuminate\\Pipeline\\{closure}(Object(Illuminate\\Http\\Request))
#31 /home/pentasof/hrcrm.testpentas.in/agent/application/vendor/laravel/framework/src/Illuminate/Pipeline/Pipeline.php(167): Illuminate\\Foundation\\Http\\Middleware\\VerifyCsrfToken->handle(Object(Illuminate\\Http\\Request), Object(Closure))
#32 /home/pentasof/hrcrm.testpentas.in/agent/application/vendor/laravel/framework/src/Illuminate/View/Middleware/ShareErrorsFromSession.php(49): Illuminate\\Pipeline\\Pipeline->Illuminate\\Pipeline\\{closure}(Object(Illuminate\\Http\\Request))
#33 /home/pentasof/hrcrm.testpentas.in/agent/application/vendor/laravel/framework/src/Illuminate/Pipeline/Pipeline.php(167): Illuminate\\View\\Middleware\\ShareErrorsFromSession->handle(Object(Illuminate\\Http\\Request), Object(Closure))
#34 /home/pentasof/hrcrm.testpentas.in/agent/application/vendor/laravel/framework/src/Illuminate/Session/Middleware/StartSession.php(121): Illuminate\\Pipeline\\Pipeline->Illuminate\\Pipeline\\{closure}(Object(Illuminate\\Http\\Request))
#35 /home/pentasof/hrcrm.testpentas.in/agent/application/vendor/laravel/framework/src/Illuminate/Session/Middleware/StartSession.php(64): Illuminate\\Session\\Middleware\\StartSession->handleStatefulRequest(Object(Illuminate\\Http\\Request), Object(Illuminate\\Session\\Store), Object(Closure))
#36 /home/pentasof/hrcrm.testpentas.in/agent/application/vendor/laravel/framework/src/Illuminate/Pipeline/Pipeline.php(167): Illuminate\\Session\\Middleware\\StartSession->handle(Object(Illuminate\\Http\\Request), Object(Closure))
#37 /home/pentasof/hrcrm.testpentas.in/agent/application/vendor/laravel/framework/src/Illuminate/Cookie/Middleware/AddQueuedCookiesToResponse.php(37): Illuminate\\Pipeline\\Pipeline->Illuminate\\Pipeline\\{closure}(Object(Illuminate\\Http\\Request))
#38 /home/pentasof/hrcrm.testpentas.in/agent/application/vendor/laravel/framework/src/Illuminate/Pipeline/Pipeline.php(167): Illuminate\\Cookie\\Middleware\\AddQueuedCookiesToResponse->handle(Object(Illuminate\\Http\\Request), Object(Closure))
#39 /home/pentasof/hrcrm.testpentas.in/agent/application/vendor/laravel/framework/src/Illuminate/Cookie/Middleware/EncryptCookies.php(67): Illuminate\\Pipeline\\Pipeline->Illuminate\\Pipeline\\{closure}(Object(Illuminate\\Http\\Request))
#40 /home/pentasof/hrcrm.testpentas.in/agent/application/vendor/laravel/framework/src/Illuminate/Pipeline/Pipeline.php(167): Illuminate\\Cookie\\Middleware\\EncryptCookies->handle(Object(Illuminate\\Http\\Request), Object(Closure))
#41 /home/pentasof/hrcrm.testpentas.in/agent/application/app/Http/Middleware/General/Setup.php(37): Illuminate\\Pipeline\\Pipeline->Illuminate\\Pipeline\\{closure}(Object(Illuminate\\Http\\Request))
#42 /home/pentasof/hrcrm.testpentas.in/agent/application/vendor/laravel/framework/src/Illuminate/Pipeline/Pipeline.php(167): App\\Http\\Middleware\\General\\Setup->handle(Object(Illuminate\\Http\\Request), Object(Closure))
#43 /home/pentasof/hrcrm.testpentas.in/agent/application/vendor/laravel/framework/src/Illuminate/Pipeline/Pipeline.php(103): Illuminate\\Pipeline\\Pipeline->Illuminate\\Pipeline\\{closure}(Object(Illuminate\\Http\\Request))
#44 /home/pentasof/hrcrm.testpentas.in/agent/application/vendor/laravel/framework/src/Illuminate/Routing/Router.php(719): Illuminate\\Pipeline\\Pipeline->then(Object(Closure))
#45 /home/pentasof/hrcrm.testpentas.in/agent/application/vendor/laravel/framework/src/Illuminate/Routing/Router.php(698): Illuminate\\Routing\\Router->runRouteWithinStack(Object(Illuminate\\Routing\\Route), Object(Illuminate\\Http\\Request))
#46 /home/pentasof/hrcrm.testpentas.in/agent/application/vendor/laravel/framework/src/Illuminate/Routing/Router.php(662): Illuminate\\Routing\\Router->runRoute(Object(Illuminate\\Http\\Request), Object(Illuminate\\Routing\\Route))
#47 /home/pentasof/hrcrm.testpentas.in/agent/application/vendor/laravel/framework/src/Illuminate/Routing/Router.php(651): Illuminate\\Routing\\Router->dispatchToRoute(Object(Illuminate\\Http\\Request))
#48 /home/pentasof/hrcrm.testpentas.in/agent/application/vendor/laravel/framework/src/Illuminate/Foundation/Http/Kernel.php(167): Illuminate\\Routing\\Router->dispatch(Object(Illuminate\\Http\\Request))
#49 /home/pentasof/hrcrm.testpentas.in/agent/application/vendor/laravel/framework/src/Illuminate/Pipeline/Pipeline.php(128): Illuminate\\Foundation\\Http\\Kernel->Illuminate\\Foundation\\Http\\{closure}(Object(Illuminate\\Http\\Request))
#50 /home/pentasof/hrcrm.testpentas.in/agent/application/vendor/barryvdh/laravel-debugbar/src/Middleware/InjectDebugbar.php(59): Illuminate\\Pipeline\\Pipeline->Illuminate\\Pipeline\\{closure}(Object(Illuminate\\Http\\Request))
#51 /home/pentasof/hrcrm.testpentas.in/agent/application/vendor/laravel/framework/src/Illuminate/Pipeline/Pipeline.php(167): Barryvdh\\Debugbar\\Middleware\\InjectDebugbar->handle(Object(Illuminate\\Http\\Request), Object(Closure))
#52 /home/pentasof/hrcrm.testpentas.in/agent/application/vendor/fideloper/proxy/src/TrustProxies.php(57): Illuminate\\Pipeline\\Pipeline->Illuminate\\Pipeline\\{closure}(Object(Illuminate\\Http\\Request))
#53 /home/pentasof/hrcrm.testpentas.in/agent/application/vendor/laravel/framework/src/Illuminate/Pipeline/Pipeline.php(167): Fideloper\\Proxy\\TrustProxies->handle(Object(Illuminate\\Http\\Request), Object(Closure))
#54 /home/pentasof/hrcrm.testpentas.in/agent/application/vendor/laravel/framework/src/Illuminate/Foundation/Http/Middleware/TransformsRequest.php(21): Illuminate\\Pipeline\\Pipeline->Illuminate\\Pipeline\\{closure}(Object(Illuminate\\Http\\Request))
#55 /home/pentasof/hrcrm.testpentas.in/agent/application/vendor/laravel/framework/src/Illuminate/Foundation/Http/Middleware/ConvertEmptyStringsToNull.php(31): Illuminate\\Foundation\\Http\\Middleware\\TransformsRequest->handle(Object(Illuminate\\Http\\Request), Object(Closure))
#56 /home/pentasof/hrcrm.testpentas.in/agent/application/vendor/laravel/framework/src/Illuminate/Pipeline/Pipeline.php(167): Illuminate\\Foundation\\Http\\Middleware\\ConvertEmptyStringsToNull->handle(Object(Illuminate\\Http\\Request), Object(Closure))
#57 /home/pentasof/hrcrm.testpentas.in/agent/application/vendor/laravel/framework/src/Illuminate/Foundation/Http/Middleware/TransformsRequest.php(21): Illuminate\\Pipeline\\Pipeline->Illuminate\\Pipeline\\{closure}(Object(Illuminate\\Http\\Request))
#58 /home/pentasof/hrcrm.testpentas.in/agent/application/vendor/laravel/framework/src/Illuminate/Foundation/Http/Middleware/TrimStrings.php(40): Illuminate\\Foundation\\Http\\Middleware\\TransformsRequest->handle(Object(Illuminate\\Http\\Request), Object(Closure))
#59 /home/pentasof/hrcrm.testpentas.in/agent/application/vendor/laravel/framework/src/Illuminate/Pipeline/Pipeline.php(167): Illuminate\\Foundation\\Http\\Middleware\\TrimStrings->handle(Object(Illuminate\\Http\\Request), Object(Closure))
#60 /home/pentasof/hrcrm.testpentas.in/agent/application/vendor/laravel/framework/src/Illuminate/Foundation/Http/Middleware/ValidatePostSize.php(27): Illuminate\\Pipeline\\Pipeline->Illuminate\\Pipeline\\{closure}(Object(Illuminate\\Http\\Request))
#61 /home/pentasof/hrcrm.testpentas.in/agent/application/vendor/laravel/framework/src/Illuminate/Pipeline/Pipeline.php(167): Illuminate\\Foundation\\Http\\Middleware\\ValidatePostSize->handle(Object(Illuminate\\Http\\Request), Object(Closure))
#62 /home/pentasof/hrcrm.testpentas.in/agent/application/vendor/laravel/framework/src/Illuminate/Foundation/Http/Middleware/PreventRequestsDuringMaintenance.php(86): Illuminate\\Pipeline\\Pipeline->Illuminate\\Pipeline\\{closure}(Object(Illuminate\\Http\\Request))
#63 /home/pentasof/hrcrm.testpentas.in/agent/application/vendor/laravel/framework/src/Illuminate/Pipeline/Pipeline.php(167): Illuminate\\Foundation\\Http\\Middleware\\PreventRequestsDuringMaintenance->handle(Object(Illuminate\\Http\\Request), Object(Closure))
#64 /home/pentasof/hrcrm.testpentas.in/agent/application/vendor/laravel/framework/src/Illuminate/Pipeline/Pipeline.php(103): Illuminate\\Pipeline\\Pipeline->Illuminate\\Pipeline\\{closure}(Object(Illuminate\\Http\\Request))
#65 /home/pentasof/hrcrm.testpentas.in/agent/application/vendor/laravel/framework/src/Illuminate/Foundation/Http/Kernel.php(142): Illuminate\\Pipeline\\Pipeline->then(Object(Closure))
#66 /home/pentasof/hrcrm.testpentas.in/agent/application/vendor/laravel/framework/src/Illuminate/Foundation/Http/Kernel.php(111): Illuminate\\Foundation\\Http\\Kernel->sendRequestThroughRouter(Object(Illuminate\\Http\\Request))
#67 /home/pentasof/hrcrm.testpentas.in/agent/index.php(91): Illuminate\\Foundation\\Http\\Kernel->handle(Object(Illuminate\\Http\\Request))
#68 {main}

[previous exception] [object] (PDOException(code: 42S22): SQLSTATE[42S22]: Column not found: 1054 Unknown column 'status' in 'field list' at /home/pentasof/hrcrm.testpentas.in/agent/application/vendor/laravel/framework/src/Illuminate/Database/Connection.php:495)
[stacktrace]
#0 /home/pentasof/hrcrm.testpentas.in/agent/application/vendor/laravel/framework/src/Illuminate/Database/Connection.php(495): PDO->prepare('insert into `re...')
#1 /home/pentasof/hrcrm.testpentas.in/agent/application/vendor/laravel/framework/src/Illuminate/Database/Connection.php(705): Illuminate\\Database\\Connection->Illuminate\\Database\\{closure}('insert into `re...', Array)
#2 /home/pentasof/hrcrm.testpentas.in/agent/application/vendor/laravel/framework/src/Illuminate/Database/Connection.php(672): Illuminate\\Database\\Connection->runQueryCallback('insert into `re...', Array, Object(Closure))
#3 /home/pentasof/hrcrm.testpentas.in/agent/application/vendor/laravel/framework/src/Illuminate/Database/Connection.php(490): Illuminate\\Database\\Connection->run('insert into `re...', Array, Object(Closure))
#4 /home/pentasof/hrcrm.testpentas.in/agent/application/vendor/laravel/framework/src/Illuminate/Database/Connection.php(454): Illuminate\\Database\\Connection->statement('insert into `re...', Array)
#5 /home/pentasof/hrcrm.testpentas.in/agent/application/vendor/laravel/framework/src/Illuminate/Database/Query/Processors/Processor.php(32): Illuminate\\Database\\Connection->insert('insert into `re...', Array)
#6 /home/pentasof/hrcrm.testpentas.in/agent/application/vendor/laravel/framework/src/Illuminate/Database/Query/Builder.php(3028): Illuminate\\Database\\Query\\Processors\\Processor->processInsertGetId(Object(Illuminate\\Database\\Query\\Builder), 'insert into `re...', Array, 'id')
#7 /home/pentasof/hrcrm.testpentas.in/agent/application/vendor/laravel/framework/src/Illuminate/Database/Eloquent/Builder.php(1657): Illuminate\\Database\\Query\\Builder->insertGetId(Array, 'id')
#8 /home/pentasof/hrcrm.testpentas.in/agent/application/vendor/laravel/framework/src/Illuminate/Database/Eloquent/Model.php(1188): Illuminate\\Database\\Eloquent\\Builder->__call('insertGetId', Array)
#9 /home/pentasof/hrcrm.testpentas.in/agent/application/vendor/laravel/framework/src/Illuminate/Database/Eloquent/Model.php(1153): Illuminate\\Database\\Eloquent\\Model->insertAndSetId(Object(Illuminate\\Database\\Eloquent\\Builder), Array)
#10 /home/pentasof/hrcrm.testpentas.in/agent/application/vendor/laravel/framework/src/Illuminate/Database/Eloquent/Model.php(994): Illuminate\\Database\\Eloquent\\Model->performInsert(Object(Illuminate\\Database\\Eloquent\\Builder))
#11 /home/pentasof/hrcrm.testpentas.in/agent/application/app/Http/Controllers/RefundController.php(54): Illuminate\\Database\\Eloquent\\Model->save()
#12 /home/pentasof/hrcrm.testpentas.in/agent/application/vendor/laravel/framework/src/Illuminate/Routing/Controller.php(54): App\\Http\\Controllers\\RefundController->store(Object(Illuminate\\Http\\Request))
#13 /home/pentasof/hrcrm.testpentas.in/agent/application/vendor/laravel/framework/src/Illuminate/Routing/ControllerDispatcher.php(45): Illuminate\\Routing\\Controller->callAction('store', Array)
#14 /home/pentasof/hrcrm.testpentas.in/agent/application/vendor/laravel/framework/src/Illuminate/Routing/Route.php(261): Illuminate\\Routing\\ControllerDispatcher->dispatch(Object(Illuminate\\Routing\\Route), Object(App\\Http\\Controllers\\RefundController), 'store')
#15 /home/pentasof/hrcrm.testpentas.in/agent/application/vendor/laravel/framework/src/Illuminate/Routing/Route.php(205): Illuminate\\Routing\\Route->runController()
#16 /home/pentasof/hrcrm.testpentas.in/agent/application/vendor/laravel/framework/src/Illuminate/Routing/Router.php(721): Illuminate\\Routing\\Route->run()
#17 /home/pentasof/hrcrm.testpentas.in/agent/application/vendor/laravel/framework/src/Illuminate/Pipeline/Pipeline.php(128): Illuminate\\Routing\\Router->Illuminate\\Routing\\{closure}(Object(Illuminate\\Http\\Request))
#18 /home/pentasof/hrcrm.testpentas.in/agent/application/app/Http/Middleware/Modules/Menus.php(34): Illuminate\\Pipeline\\Pipeline->Illuminate\\Pipeline\\{closure}(Object(Illuminate\\Http\\Request))
#19 /home/pentasof/hrcrm.testpentas.in/agent/application/vendor/laravel/framework/src/Illuminate/Pipeline/Pipeline.php(167): App\\Http\\Middleware\\Modules\\Menus->handle(Object(Illuminate\\Http\\Request), Object(Closure))
#20 /home/pentasof/hrcrm.testpentas.in/agent/application/app/Http/Middleware/Modules/Visibility.php(55): Illuminate\\Pipeline\\Pipeline->Illuminate\\Pipeline\\{closure}(Object(Illuminate\\Http\\Request))
#21 /home/pentasof/hrcrm.testpentas.in/agent/application/vendor/laravel/framework/src/Illuminate/Pipeline/Pipeline.php(167): App\\Http\\Middleware\\Modules\\Visibility->handle(Object(Illuminate\\Http\\Request), Object(Closure))
#22 /home/pentasof/hrcrm.testpentas.in/agent/application/app/Http/Middleware/Modules/Status.php(59): Illuminate\\Pipeline\\Pipeline->Illuminate\\Pipeline\\{closure}(Object(Illuminate\\Http\\Request))
#23 /home/pentasof/hrcrm.testpentas.in/agent/application/vendor/laravel/framework/src/Illuminate/Pipeline/Pipeline.php(167): App\\Http\\Middleware\\Modules\\Status->handle(Object(Illuminate\\Http\\Request), Object(Closure))
#24 /home/pentasof/hrcrm.testpentas.in/agent/application/app/Http/Middleware/General/General.php(103): Illuminate\\Pipeline\\Pipeline->Illuminate\\Pipeline\\{closure}(Object(Illuminate\\Http\\Request))
#25 /home/pentasof/hrcrm.testpentas.in/agent/application/vendor/laravel/framework/src/Illuminate/Pipeline/Pipeline.php(167): App\\Http\\Middleware\\General\\General->handle(Object(Illuminate\\Http\\Request), Object(Closure))
#26 /home/pentasof/hrcrm.testpentas.in/agent/application/app/Http/Middleware/General/SanityCheck.php(45): Illuminate\\Pipeline\\Pipeline->Illuminate\\Pipeline\\{closure}(Object(Illuminate\\Http\\Request))
#27 /home/pentasof/hrcrm.testpentas.in/agent/application/vendor/laravel/framework/src/Illuminate/Pipeline/Pipeline.php(167): App\\Http\\Middleware\\General\\SanityCheck->handle(Object(Illuminate\\Http\\Request), Object(Closure))
#28 /home/pentasof/hrcrm.testpentas.in/agent/application/app/Http/Middleware/General/Settings.php(47): Illuminate\\Pipeline\\Pipeline->Illuminate\\Pipeline\\{closure}(Object(Illuminate\\Http\\Request))
#29 /home/pentasof/hrcrm.testpentas.in/agent/application/vendor/laravel/framework/src/Illuminate/Pipeline/Pipeline.php(167): App\\Http\\Middleware\\General\\Settings->handle(Object(Illuminate\\Http\\Request), Object(Closure))
#30 /home/pentasof/hrcrm.testpentas.in/agent/application/vendor/laravel/framework/src/Illuminate/Routing/Middleware/SubstituteBindings.php(50): Illuminate\\Pipeline\\Pipeline->Illuminate\\Pipeline\\{closure}(Object(Illuminate\\Http\\Request))
#31 /home/pentasof/hrcrm.testpentas.in/agent/application/vendor/laravel/framework/src/Illuminate/Pipeline/Pipeline.php(167): Illuminate\\Routing\\Middleware\\SubstituteBindings->handle(Object(Illuminate\\Http\\Request), Object(Closure))
#32 /home/pentasof/hrcrm.testpentas.in/agent/application/vendor/laravel/framework/src/Illuminate/Foundation/Http/Middleware/VerifyCsrfToken.php(78): Illuminate\\Pipeline\\Pipeline->Illuminate\\Pipeline\\{closure}(Object(Illuminate\\Http\\Request))
#33 /home/pentasof/hrcrm.testpentas.in/agent/application/vendor/laravel/framework/src/Illuminate/Pipeline/Pipeline.php(167): Illuminate\\Foundation\\Http\\Middleware\\VerifyCsrfToken->handle(Object(Illuminate\\Http\\Request), Object(Closure))
#34 /home/pentasof/hrcrm.testpentas.in/agent/application/vendor/laravel/framework/src/Illuminate/View/Middleware/ShareErrorsFromSession.php(49): Illuminate\\Pipeline\\Pipeline->Illuminate\\Pipeline\\{closure}(Object(Illuminate\\Http\\Request))
#35 /home/pentasof/hrcrm.testpentas.in/agent/application/vendor/laravel/framework/src/Illuminate/Pipeline/Pipeline.php(167): Illuminate\\View\\Middleware\\ShareErrorsFromSession->handle(Object(Illuminate\\Http\\Request), Object(Closure))
#36 /home/pentasof/hrcrm.testpentas.in/agent/application/vendor/laravel/framework/src/Illuminate/Session/Middleware/StartSession.php(121): Illuminate\\Pipeline\\Pipeline->Illuminate\\Pipeline\\{closure}(Object(Illuminate\\Http\\Request))
#37 /home/pentasof/hrcrm.testpentas.in/agent/application/vendor/laravel/framework/src/Illuminate/Session/Middleware/StartSession.php(64): Illuminate\\Session\\Middleware\\StartSession->handleStatefulRequest(Object(Illuminate\\Http\\Request), Object(Illuminate\\Session\\Store), Object(Closure))
#38 /home/pentasof/hrcrm.testpentas.in/agent/application/vendor/laravel/framework/src/Illuminate/Pipeline/Pipeline.php(167): Illuminate\\Session\\Middleware\\StartSession->handle(Object(Illuminate\\Http\\Request), Object(Closure))
#39 /home/pentasof/hrcrm.testpentas.in/agent/application/vendor/laravel/framework/src/Illuminate/Cookie/Middleware/AddQueuedCookiesToResponse.php(37): Illuminate\\Pipeline\\Pipeline->Illuminate\\Pipeline\\{closure}(Object(Illuminate\\Http\\Request))
#40 /home/pentasof/hrcrm.testpentas.in/agent/application/vendor/laravel/framework/src/Illuminate/Pipeline/Pipeline.php(167): Illuminate\\Cookie\\Middleware\\AddQueuedCookiesToResponse->handle(Object(Illuminate\\Http\\Request), Object(Closure))
#41 /home/pentasof/hrcrm.testpentas.in/agent/application/vendor/laravel/framework/src/Illuminate/Cookie/Middleware/EncryptCookies.php(67): Illuminate\\Pipeline\\Pipeline->Illuminate\\Pipeline\\{closure}(Object(Illuminate\\Http\\Request))
#42 /home/pentasof/hrcrm.testpentas.in/agent/application/vendor/laravel/framework/src/Illuminate/Pipeline/Pipeline.php(167): Illuminate\\Cookie\\Middleware\\EncryptCookies->handle(Object(Illuminate\\Http\\Request), Object(Closure))
#43 /home/pentasof/hrcrm.testpentas.in/agent/application/app/Http/Middleware/General/Setup.php(37): Illuminate\\Pipeline\\Pipeline->Illuminate\\Pipeline\\{closure}(Object(Illuminate\\Http\\Request))
#44 /home/pentasof/hrcrm.testpentas.in/agent/application/vendor/laravel/framework/src/Illuminate/Pipeline/Pipeline.php(167): App\\Http\\Middleware\\General\\Setup->handle(Object(Illuminate\\Http\\Request), Object(Closure))
#45 /home/pentasof/hrcrm.testpentas.in/agent/application/vendor/laravel/framework/src/Illuminate/Pipeline/Pipeline.php(103): Illuminate\\Pipeline\\Pipeline->Illuminate\\Pipeline\\{closure}(Object(Illuminate\\Http\\Request))
#46 /home/pentasof/hrcrm.testpentas.in/agent/application/vendor/laravel/framework/src/Illuminate/Routing/Router.php(719): Illuminate\\Pipeline\\Pipeline->then(Object(Closure))
#47 /home/pentasof/hrcrm.testpentas.in/agent/application/vendor/laravel/framework/src/Illuminate/Routing/Router.php(698): Illuminate\\Routing\\Router->runRouteWithinStack(Object(Illuminate\\Routing\\Route), Object(Illuminate\\Http\\Request))
#48 /home/pentasof/hrcrm.testpentas.in/agent/application/vendor/laravel/framework/src/Illuminate/Routing/Router.php(662): Illuminate\\Routing\\Router->runRoute(Object(Illuminate\\Http\\Request), Object(Illuminate\\Routing\\Route))
#49 /home/pentasof/hrcrm.testpentas.in/agent/application/vendor/laravel/framework/src/Illuminate/Routing/Router.php(651): Illuminate\\Routing\\Router->dispatchToRoute(Object(Illuminate\\Http\\Request))
#50 /home/pentasof/hrcrm.testpentas.in/agent/application/vendor/laravel/framework/src/Illuminate/Foundation/Http/Kernel.php(167): Illuminate\\Routing\\Router->dispatch(Object(Illuminate\\Http\\Request))
#51 /home/pentasof/hrcrm.testpentas.in/agent/application/vendor/laravel/framework/src/Illuminate/Pipeline/Pipeline.php(128): Illuminate\\Foundation\\Http\\Kernel->Illuminate\\Foundation\\Http\\{closure}(Object(Illuminate\\Http\\Request))
#52 /home/pentasof/hrcrm.testpentas.in/agent/application/vendor/barryvdh/laravel-debugbar/src/Middleware/InjectDebugbar.php(59): Illuminate\\Pipeline\\Pipeline->Illuminate\\Pipeline\\{closure}(Object(Illuminate\\Http\\Request))
#53 /home/pentasof/hrcrm.testpentas.in/agent/application/vendor/laravel/framework/src/Illuminate/Pipeline/Pipeline.php(167): Barryvdh\\Debugbar\\Middleware\\InjectDebugbar->handle(Object(Illuminate\\Http\\Request), Object(Closure))
#54 /home/pentasof/hrcrm.testpentas.in/agent/application/vendor/fideloper/proxy/src/TrustProxies.php(57): Illuminate\\Pipeline\\Pipeline->Illuminate\\Pipeline\\{closure}(Object(Illuminate\\Http\\Request))
#55 /home/pentasof/hrcrm.testpentas.in/agent/application/vendor/laravel/framework/src/Illuminate/Pipeline/Pipeline.php(167): Fideloper\\Proxy\\TrustProxies->handle(Object(Illuminate\\Http\\Request), Object(Closure))
#56 /home/pentasof/hrcrm.testpentas.in/agent/application/vendor/laravel/framework/src/Illuminate/Foundation/Http/Middleware/TransformsRequest.php(21): Illuminate\\Pipeline\\Pipeline->Illuminate\\Pipeline\\{closure}(Object(Illuminate\\Http\\Request))
#57 /home/pentasof/hrcrm.testpentas.in/agent/application/vendor/laravel/framework/src/Illuminate/Foundation/Http/Middleware/ConvertEmptyStringsToNull.php(31): Illuminate\\Foundation\\Http\\Middleware\\TransformsRequest->handle(Object(Illuminate\\Http\\Request), Object(Closure))
#58 /home/pentasof/hrcrm.testpentas.in/agent/application/vendor/laravel/framework/src/Illuminate/Pipeline/Pipeline.php(167): Illuminate\\Foundation\\Http\\Middleware\\ConvertEmptyStringsToNull->handle(Object(Illuminate\\Http\\Request), Object(Closure))
#59 /home/pentasof/hrcrm.testpentas.in/agent/application/vendor/laravel/framework/src/Illuminate/Foundation/Http/Middleware/TransformsRequest.php(21): Illuminate\\Pipeline\\Pipeline->Illuminate\\Pipeline\\{closure}(Object(Illuminate\\Http\\Request))
#60 /home/pentasof/hrcrm.testpentas.in/agent/application/vendor/laravel/framework/src/Illuminate/Foundation/Http/Middleware/TrimStrings.php(40): Illuminate\\Foundation\\Http\\Middleware\\TransformsRequest->handle(Object(Illuminate\\Http\\Request), Object(Closure))
#61 /home/pentasof/hrcrm.testpentas.in/agent/application/vendor/laravel/framework/src/Illuminate/Pipeline/Pipeline.php(167): Illuminate\\Foundation\\Http\\Middleware\\TrimStrings->handle(Object(Illuminate\\Http\\Request), Object(Closure))
#62 /home/pentasof/hrcrm.testpentas.in/agent/application/vendor/laravel/framework/src/Illuminate/Foundation/Http/Middleware/ValidatePostSize.php(27): Illuminate\\Pipeline\\Pipeline->Illuminate\\Pipeline\\{closure}(Object(Illuminate\\Http\\Request))
#63 /home/pentasof/hrcrm.testpentas.in/agent/application/vendor/laravel/framework/src/Illuminate/Pipeline/Pipeline.php(167): Illuminate\\Foundation\\Http\\Middleware\\ValidatePostSize->handle(Object(Illuminate\\Http\\Request), Object(Closure))
#64 /home/pentasof/hrcrm.testpentas.in/agent/application/vendor/laravel/framework/src/Illuminate/Foundation/Http/Middleware/PreventRequestsDuringMaintenance.php(86): Illuminate\\Pipeline\\Pipeline->Illuminate\\Pipeline\\{closure}(Object(Illuminate\\Http\\Request))
#65 /home/pentasof/hrcrm.testpentas.in/agent/application/vendor/laravel/framework/src/Illuminate/Pipeline/Pipeline.php(167): Illuminate\\Foundation\\Http\\Middleware\\PreventRequestsDuringMaintenance->handle(Object(Illuminate\\Http\\Request), Object(Closure))
#66 /home/pentasof/hrcrm.testpentas.in/agent/application/vendor/laravel/framework/src/Illuminate/Pipeline/Pipeline.php(103): Illuminate\\Pipeline\\Pipeline->Illuminate\\Pipeline\\{closure}(Object(Illuminate\\Http\\Request))
#67 /home/pentasof/hrcrm.testpentas.in/agent/application/vendor/laravel/framework/src/Illuminate/Foundation/Http/Kernel.php(142): Illuminate\\Pipeline\\Pipeline->then(Object(Closure))
#68 /home/pentasof/hrcrm.testpentas.in/agent/application/vendor/laravel/framework/src/Illuminate/Foundation/Http/Kernel.php(111): Illuminate\\Foundation\\Http\\Kernel->sendRequestThroughRouter(Object(Illuminate\\Http\\Request))
#69 /home/pentasof/hrcrm.testpentas.in/agent/index.php(91): Illuminate\\Foundation\\Http\\Kernel->handle(Object(Illuminate\\Http\\Request))
#70 {main}
"} 
[2024-07-05 13:45:45] production.ERROR: View [salelead.index] not found. {"userId":3,"exception":"[object] (InvalidArgumentException(code: 0): View [salelead.index] not found. at /home/pentasof/hrcrm.testpentas.in/agent/application/vendor/laravel/framework/src/Illuminate/View/FileViewFinder.php:137)
[stacktrace]
#0 /home/pentasof/hrcrm.testpentas.in/agent/application/vendor/laravel/framework/src/Illuminate/View/FileViewFinder.php(79): Illuminate\\View\\FileViewFinder->findInPaths('salelead.index', Array)
#1 /home/pentasof/hrcrm.testpentas.in/agent/application/vendor/laravel/framework/src/Illuminate/View/Factory.php(137): Illuminate\\View\\FileViewFinder->find('salelead.index')
#2 /home/pentasof/hrcrm.testpentas.in/agent/application/vendor/laravel/framework/src/Illuminate/Foundation/helpers.php(932): Illuminate\\View\\Factory->make('salelead.index', Array, Array)
#3 /home/pentasof/hrcrm.testpentas.in/agent/application/app/Http/Controllers/LeadsController.php(17): view('salelead.index', Array)
#4 /home/pentasof/hrcrm.testpentas.in/agent/application/vendor/laravel/framework/src/Illuminate/Routing/Controller.php(54): App\\Http\\Controllers\\LeadsController->index()
#5 /home/pentasof/hrcrm.testpentas.in/agent/application/vendor/laravel/framework/src/Illuminate/Routing/ControllerDispatcher.php(45): Illuminate\\Routing\\Controller->callAction('index', Array)
#6 /home/pentasof/hrcrm.testpentas.in/agent/application/vendor/laravel/framework/src/Illuminate/Routing/Route.php(261): Illuminate\\Routing\\ControllerDispatcher->dispatch(Object(Illuminate\\Routing\\Route), Object(App\\Http\\Controllers\\LeadsController), 'index')
#7 /home/pentasof/hrcrm.testpentas.in/agent/application/vendor/laravel/framework/src/Illuminate/Routing/Route.php(205): Illuminate\\Routing\\Route->runController()
#8 /home/pentasof/hrcrm.testpentas.in/agent/application/vendor/laravel/framework/src/Illuminate/Routing/Router.php(721): Illuminate\\Routing\\Route->run()
#9 /home/pentasof/hrcrm.testpentas.in/agent/application/vendor/laravel/framework/src/Illuminate/Pipeline/Pipeline.php(128): Illuminate\\Routing\\Router->Illuminate\\Routing\\{closure}(Object(Illuminate\\Http\\Request))
#10 /home/pentasof/hrcrm.testpentas.in/agent/application/app/Http/Middleware/Modules/Menus.php(34): Illuminate\\Pipeline\\Pipeline->Illuminate\\Pipeline\\{closure}(Object(Illuminate\\Http\\Request))
#11 /home/pentasof/hrcrm.testpentas.in/agent/application/vendor/laravel/framework/src/Illuminate/Pipeline/Pipeline.php(167): App\\Http\\Middleware\\Modules\\Menus->handle(Object(Illuminate\\Http\\Request), Object(Closure))
#12 /home/pentasof/hrcrm.testpentas.in/agent/application/app/Http/Middleware/Modules/Visibility.php(55): Illuminate\\Pipeline\\Pipeline->Illuminate\\Pipeline\\{closure}(Object(Illuminate\\Http\\Request))
#13 /home/pentasof/hrcrm.testpentas.in/agent/application/vendor/laravel/framework/src/Illuminate/Pipeline/Pipeline.php(167): App\\Http\\Middleware\\Modules\\Visibility->handle(Object(Illuminate\\Http\\Request), Object(Closure))
#14 /home/pentasof/hrcrm.testpentas.in/agent/application/app/Http/Middleware/Modules/Status.php(59): Illuminate\\Pipeline\\Pipeline->Illuminate\\Pipeline\\{closure}(Object(Illuminate\\Http\\Request))
#15 /home/pentasof/hrcrm.testpentas.in/agent/application/vendor/laravel/framework/src/Illuminate/Pipeline/Pipeline.php(167): App\\Http\\Middleware\\Modules\\Status->handle(Object(Illuminate\\Http\\Request), Object(Closure))
#16 /home/pentasof/hrcrm.testpentas.in/agent/application/app/Http/Middleware/General/General.php(103): Illuminate\\Pipeline\\Pipeline->Illuminate\\Pipeline\\{closure}(Object(Illuminate\\Http\\Request))
#17 /home/pentasof/hrcrm.testpentas.in/agent/application/vendor/laravel/framework/src/Illuminate/Pipeline/Pipeline.php(167): App\\Http\\Middleware\\General\\General->handle(Object(Illuminate\\Http\\Request), Object(Closure))
#18 /home/pentasof/hrcrm.testpentas.in/agent/application/app/Http/Middleware/General/SanityCheck.php(45): Illuminate\\Pipeline\\Pipeline->Illuminate\\Pipeline\\{closure}(Object(Illuminate\\Http\\Request))
#19 /home/pentasof/hrcrm.testpentas.in/agent/application/vendor/laravel/framework/src/Illuminate/Pipeline/Pipeline.php(167): App\\Http\\Middleware\\General\\SanityCheck->handle(Object(Illuminate\\Http\\Request), Object(Closure))
#20 /home/pentasof/hrcrm.testpentas.in/agent/application/app/Http/Middleware/General/Settings.php(47): Illuminate\\Pipeline\\Pipeline->Illuminate\\Pipeline\\{closure}(Object(Illuminate\\Http\\Request))
#21 /home/pentasof/hrcrm.testpentas.in/agent/application/vendor/laravel/framework/src/Illuminate/Pipeline/Pipeline.php(167): App\\Http\\Middleware\\General\\Settings->handle(Object(Illuminate\\Http\\Request), Object(Closure))
#22 /home/pentasof/hrcrm.testpentas.in/agent/application/vendor/laravel/framework/src/Illuminate/Routing/Middleware/SubstituteBindings.php(50): Illuminate\\Pipeline\\Pipeline->Illuminate\\Pipeline\\{closure}(Object(Illuminate\\Http\\Request))
#23 /home/pentasof/hrcrm.testpentas.in/agent/application/vendor/laravel/framework/src/Illuminate/Pipeline/Pipeline.php(167): Illuminate\\Routing\\Middleware\\SubstituteBindings->handle(Object(Illuminate\\Http\\Request), Object(Closure))
#24 /home/pentasof/hrcrm.testpentas.in/agent/application/vendor/laravel/framework/src/Illuminate/Foundation/Http/Middleware/VerifyCsrfToken.php(78): Illuminate\\Pipeline\\Pipeline->Illuminate\\Pipeline\\{closure}(Object(Illuminate\\Http\\Request))
#25 /home/pentasof/hrcrm.testpentas.in/agent/application/vendor/laravel/framework/src/Illuminate/Pipeline/Pipeline.php(167): Illuminate\\Foundation\\Http\\Middleware\\VerifyCsrfToken->handle(Object(Illuminate\\Http\\Request), Object(Closure))
#26 /home/pentasof/hrcrm.testpentas.in/agent/application/vendor/laravel/framework/src/Illuminate/View/Middleware/ShareErrorsFromSession.php(49): Illuminate\\Pipeline\\Pipeline->Illuminate\\Pipeline\\{closure}(Object(Illuminate\\Http\\Request))
#27 /home/pentasof/hrcrm.testpentas.in/agent/application/vendor/laravel/framework/src/Illuminate/Pipeline/Pipeline.php(167): Illuminate\\View\\Middleware\\ShareErrorsFromSession->handle(Object(Illuminate\\Http\\Request), Object(Closure))
#28 /home/pentasof/hrcrm.testpentas.in/agent/application/vendor/laravel/framework/src/Illuminate/Session/Middleware/StartSession.php(121): Illuminate\\Pipeline\\Pipeline->Illuminate\\Pipeline\\{closure}(Object(Illuminate\\Http\\Request))
#29 /home/pentasof/hrcrm.testpentas.in/agent/application/vendor/laravel/framework/src/Illuminate/Session/Middleware/StartSession.php(64): Illuminate\\Session\\Middleware\\StartSession->handleStatefulRequest(Object(Illuminate\\Http\\Request), Object(Illuminate\\Session\\Store), Object(Closure))
#30 /home/pentasof/hrcrm.testpentas.in/agent/application/vendor/laravel/framework/src/Illuminate/Pipeline/Pipeline.php(167): Illuminate\\Session\\Middleware\\StartSession->handle(Object(Illuminate\\Http\\Request), Object(Closure))
#31 /home/pentasof/hrcrm.testpentas.in/agent/application/vendor/laravel/framework/src/Illuminate/Cookie/Middleware/AddQueuedCookiesToResponse.php(37): Illuminate\\Pipeline\\Pipeline->Illuminate\\Pipeline\\{closure}(Object(Illuminate\\Http\\Request))
#32 /home/pentasof/hrcrm.testpentas.in/agent/application/vendor/laravel/framework/src/Illuminate/Pipeline/Pipeline.php(167): Illuminate\\Cookie\\Middleware\\AddQueuedCookiesToResponse->handle(Object(Illuminate\\Http\\Request), Object(Closure))
#33 /home/pentasof/hrcrm.testpentas.in/agent/application/vendor/laravel/framework/src/Illuminate/Cookie/Middleware/EncryptCookies.php(67): Illuminate\\Pipeline\\Pipeline->Illuminate\\Pipeline\\{closure}(Object(Illuminate\\Http\\Request))
#34 /home/pentasof/hrcrm.testpentas.in/agent/application/vendor/laravel/framework/src/Illuminate/Pipeline/Pipeline.php(167): Illuminate\\Cookie\\Middleware\\EncryptCookies->handle(Object(Illuminate\\Http\\Request), Object(Closure))
#35 /home/pentasof/hrcrm.testpentas.in/agent/application/app/Http/Middleware/General/Setup.php(37): Illuminate\\Pipeline\\Pipeline->Illuminate\\Pipeline\\{closure}(Object(Illuminate\\Http\\Request))
#36 /home/pentasof/hrcrm.testpentas.in/agent/application/vendor/laravel/framework/src/Illuminate/Pipeline/Pipeline.php(167): App\\Http\\Middleware\\General\\Setup->handle(Object(Illuminate\\Http\\Request), Object(Closure))
#37 /home/pentasof/hrcrm.testpentas.in/agent/application/vendor/laravel/framework/src/Illuminate/Pipeline/Pipeline.php(103): Illuminate\\Pipeline\\Pipeline->Illuminate\\Pipeline\\{closure}(Object(Illuminate\\Http\\Request))
#38 /home/pentasof/hrcrm.testpentas.in/agent/application/vendor/laravel/framework/src/Illuminate/Routing/Router.php(719): Illuminate\\Pipeline\\Pipeline->then(Object(Closure))
#39 /home/pentasof/hrcrm.testpentas.in/agent/application/vendor/laravel/framework/src/Illuminate/Routing/Router.php(698): Illuminate\\Routing\\Router->runRouteWithinStack(Object(Illuminate\\Routing\\Route), Object(Illuminate\\Http\\Request))
#40 /home/pentasof/hrcrm.testpentas.in/agent/application/vendor/laravel/framework/src/Illuminate/Routing/Router.php(662): Illuminate\\Routing\\Router->runRoute(Object(Illuminate\\Http\\Request), Object(Illuminate\\Routing\\Route))
#41 /home/pentasof/hrcrm.testpentas.in/agent/application/vendor/laravel/framework/src/Illuminate/Routing/Router.php(651): Illuminate\\Routing\\Router->dispatchToRoute(Object(Illuminate\\Http\\Request))
#42 /home/pentasof/hrcrm.testpentas.in/agent/application/vendor/laravel/framework/src/Illuminate/Foundation/Http/Kernel.php(167): Illuminate\\Routing\\Router->dispatch(Object(Illuminate\\Http\\Request))
#43 /home/pentasof/hrcrm.testpentas.in/agent/application/vendor/laravel/framework/src/Illuminate/Pipeline/Pipeline.php(128): Illuminate\\Foundation\\Http\\Kernel->Illuminate\\Foundation\\Http\\{closure}(Object(Illuminate\\Http\\Request))
#44 /home/pentasof/hrcrm.testpentas.in/agent/application/vendor/barryvdh/laravel-debugbar/src/Middleware/InjectDebugbar.php(59): Illuminate\\Pipeline\\Pipeline->Illuminate\\Pipeline\\{closure}(Object(Illuminate\\Http\\Request))
#45 /home/pentasof/hrcrm.testpentas.in/agent/application/vendor/laravel/framework/src/Illuminate/Pipeline/Pipeline.php(167): Barryvdh\\Debugbar\\Middleware\\InjectDebugbar->handle(Object(Illuminate\\Http\\Request), Object(Closure))
#46 /home/pentasof/hrcrm.testpentas.in/agent/application/vendor/fideloper/proxy/src/TrustProxies.php(57): Illuminate\\Pipeline\\Pipeline->Illuminate\\Pipeline\\{closure}(Object(Illuminate\\Http\\Request))
#47 /home/pentasof/hrcrm.testpentas.in/agent/application/vendor/laravel/framework/src/Illuminate/Pipeline/Pipeline.php(167): Fideloper\\Proxy\\TrustProxies->handle(Object(Illuminate\\Http\\Request), Object(Closure))
#48 /home/pentasof/hrcrm.testpentas.in/agent/application/vendor/laravel/framework/src/Illuminate/Foundation/Http/Middleware/TransformsRequest.php(21): Illuminate\\Pipeline\\Pipeline->Illuminate\\Pipeline\\{closure}(Object(Illuminate\\Http\\Request))
#49 /home/pentasof/hrcrm.testpentas.in/agent/application/vendor/laravel/framework/src/Illuminate/Foundation/Http/Middleware/ConvertEmptyStringsToNull.php(31): Illuminate\\Foundation\\Http\\Middleware\\TransformsRequest->handle(Object(Illuminate\\Http\\Request), Object(Closure))
#50 /home/pentasof/hrcrm.testpentas.in/agent/application/vendor/laravel/framework/src/Illuminate/Pipeline/Pipeline.php(167): Illuminate\\Foundation\\Http\\Middleware\\ConvertEmptyStringsToNull->handle(Object(Illuminate\\Http\\Request), Object(Closure))
#51 /home/pentasof/hrcrm.testpentas.in/agent/application/vendor/laravel/framework/src/Illuminate/Foundation/Http/Middleware/TransformsRequest.php(21): Illuminate\\Pipeline\\Pipeline->Illuminate\\Pipeline\\{closure}(Object(Illuminate\\Http\\Request))
#52 /home/pentasof/hrcrm.testpentas.in/agent/application/vendor/laravel/framework/src/Illuminate/Foundation/Http/Middleware/TrimStrings.php(40): Illuminate\\Foundation\\Http\\Middleware\\TransformsRequest->handle(Object(Illuminate\\Http\\Request), Object(Closure))
#53 /home/pentasof/hrcrm.testpentas.in/agent/application/vendor/laravel/framework/src/Illuminate/Pipeline/Pipeline.php(167): Illuminate\\Foundation\\Http\\Middleware\\TrimStrings->handle(Object(Illuminate\\Http\\Request), Object(Closure))
#54 /home/pentasof/hrcrm.testpentas.in/agent/application/vendor/laravel/framework/src/Illuminate/Foundation/Http/Middleware/ValidatePostSize.php(27): Illuminate\\Pipeline\\Pipeline->Illuminate\\Pipeline\\{closure}(Object(Illuminate\\Http\\Request))
#55 /home/pentasof/hrcrm.testpentas.in/agent/application/vendor/laravel/framework/src/Illuminate/Pipeline/Pipeline.php(167): Illuminate\\Foundation\\Http\\Middleware\\ValidatePostSize->handle(Object(Illuminate\\Http\\Request), Object(Closure))
#56 /home/pentasof/hrcrm.testpentas.in/agent/application/vendor/laravel/framework/src/Illuminate/Foundation/Http/Middleware/PreventRequestsDuringMaintenance.php(86): Illuminate\\Pipeline\\Pipeline->Illuminate\\Pipeline\\{closure}(Object(Illuminate\\Http\\Request))
#57 /home/pentasof/hrcrm.testpentas.in/agent/application/vendor/laravel/framework/src/Illuminate/Pipeline/Pipeline.php(167): Illuminate\\Foundation\\Http\\Middleware\\PreventRequestsDuringMaintenance->handle(Object(Illuminate\\Http\\Request), Object(Closure))
#58 /home/pentasof/hrcrm.testpentas.in/agent/application/vendor/laravel/framework/src/Illuminate/Pipeline/Pipeline.php(103): Illuminate\\Pipeline\\Pipeline->Illuminate\\Pipeline\\{closure}(Object(Illuminate\\Http\\Request))
#59 /home/pentasof/hrcrm.testpentas.in/agent/application/vendor/laravel/framework/src/Illuminate/Foundation/Http/Kernel.php(142): Illuminate\\Pipeline\\Pipeline->then(Object(Closure))
#60 /home/pentasof/hrcrm.testpentas.in/agent/application/vendor/laravel/framework/src/Illuminate/Foundation/Http/Kernel.php(111): Illuminate\\Foundation\\Http\\Kernel->sendRequestThroughRouter(Object(Illuminate\\Http\\Request))
#61 /home/pentasof/hrcrm.testpentas.in/agent/index.php(91): Illuminate\\Foundation\\Http\\Kernel->handle(Object(Illuminate\\Http\\Request))
#62 {main}
"} 
[2024-07-05 13:46:32] production.ERROR: Route [leads.createa] not defined. (View: /home/pentasof/hrcrm.testpentas.in/agent/application/resources/views/salelead/index.blade.php) {"view":{"view":"/home/pentasof/hrcrm.testpentas.in/agent/application/vendor/laravel/framework/src/Illuminate/Routing/UrlGenerator.php","data":[]},"userId":3,"exception":"[object] (Facade\\Ignition\\Exceptions\\ViewException(code: 0): Route [leads.createa] not defined. (View: /home/pentasof/hrcrm.testpentas.in/agent/application/resources/views/salelead/index.blade.php) at /home/pentasof/hrcrm.testpentas.in/agent/application/vendor/laravel/framework/src/Illuminate/Routing/UrlGenerator.php:444)
[stacktrace]
#0 /home/pentasof/hrcrm.testpentas.in/agent/application/vendor/laravel/framework/src/Illuminate/Foundation/helpers.php(739): Illuminate\\Routing\\UrlGenerator->route('leads.createa', Array, true)
#1 /home/pentasof/hrcrm.testpentas.in/agent/application/resources/views/salelead/index.blade.php(49): route('leads.createa')
#2 /home/pentasof/hrcrm.testpentas.in/agent/application/vendor/laravel/framework/src/Illuminate/Filesystem/Filesystem.php(107): require('/home/pentasof/...')
#3 /home/pentasof/hrcrm.testpentas.in/agent/application/vendor/laravel/framework/src/Illuminate/Filesystem/Filesystem.php(108): Illuminate\\Filesystem\\Filesystem::Illuminate\\Filesystem\\{closure}()
#4 /home/pentasof/hrcrm.testpentas.in/agent/application/vendor/laravel/framework/src/Illuminate/View/Engines/PhpEngine.php(58): Illuminate\\Filesystem\\Filesystem->getRequire('/home/pentasof/...', Array)
#5 /home/pentasof/hrcrm.testpentas.in/agent/application/vendor/laravel/framework/src/Illuminate/View/Engines/CompilerEngine.php(61): Illuminate\\View\\Engines\\PhpEngine->evaluatePath('/home/pentasof/...', Array)
#6 /home/pentasof/hrcrm.testpentas.in/agent/application/vendor/facade/ignition/src/Views/Engines/CompilerEngine.php(37): Illuminate\\View\\Engines\\CompilerEngine->get('/home/pentasof/...', Array)
#7 /home/pentasof/hrcrm.testpentas.in/agent/application/vendor/laravel/framework/src/Illuminate/View/View.php(139): Facade\\Ignition\\Views\\Engines\\CompilerEngine->get('/home/pentasof/...', Array)
#8 /home/pentasof/hrcrm.testpentas.in/agent/application/vendor/laravel/framework/src/Illuminate/View/View.php(122): Illuminate\\View\\View->getContents()
#9 /home/pentasof/hrcrm.testpentas.in/agent/application/vendor/laravel/framework/src/Illuminate/View/View.php(91): Illuminate\\View\\View->renderContents()
#10 /home/pentasof/hrcrm.testpentas.in/agent/application/vendor/laravel/framework/src/Illuminate/Http/Response.php(69): Illuminate\\View\\View->render()
#11 /home/pentasof/hrcrm.testpentas.in/agent/application/vendor/laravel/framework/src/Illuminate/Http/Response.php(35): Illuminate\\Http\\Response->setContent(Object(Illuminate\\View\\View))
#12 /home/pentasof/hrcrm.testpentas.in/agent/application/vendor/laravel/framework/src/Illuminate/Routing/Router.php(820): Illuminate\\Http\\Response->__construct(Object(Illuminate\\View\\View), 200, Array)
#13 /home/pentasof/hrcrm.testpentas.in/agent/application/vendor/laravel/framework/src/Illuminate/Routing/Router.php(789): Illuminate\\Routing\\Router::toResponse(Object(Illuminate\\Http\\Request), Object(Illuminate\\View\\View))
#14 /home/pentasof/hrcrm.testpentas.in/agent/application/vendor/laravel/framework/src/Illuminate/Routing/Router.php(720): Illuminate\\Routing\\Router->prepareResponse(Object(Illuminate\\Http\\Request), Object(Illuminate\\View\\View))
#15 /home/pentasof/hrcrm.testpentas.in/agent/application/vendor/laravel/framework/src/Illuminate/Pipeline/Pipeline.php(128): Illuminate\\Routing\\Router->Illuminate\\Routing\\{closure}(Object(Illuminate\\Http\\Request))
#16 /home/pentasof/hrcrm.testpentas.in/agent/application/app/Http/Middleware/Modules/Menus.php(34): Illuminate\\Pipeline\\Pipeline->Illuminate\\Pipeline\\{closure}(Object(Illuminate\\Http\\Request))
#17 /home/pentasof/hrcrm.testpentas.in/agent/application/vendor/laravel/framework/src/Illuminate/Pipeline/Pipeline.php(167): App\\Http\\Middleware\\Modules\\Menus->handle(Object(Illuminate\\Http\\Request), Object(Closure))
#18 /home/pentasof/hrcrm.testpentas.in/agent/application/app/Http/Middleware/Modules/Visibility.php(55): Illuminate\\Pipeline\\Pipeline->Illuminate\\Pipeline\\{closure}(Object(Illuminate\\Http\\Request))
#19 /home/pentasof/hrcrm.testpentas.in/agent/application/vendor/laravel/framework/src/Illuminate/Pipeline/Pipeline.php(167): App\\Http\\Middleware\\Modules\\Visibility->handle(Object(Illuminate\\Http\\Request), Object(Closure))
#20 /home/pentasof/hrcrm.testpentas.in/agent/application/app/Http/Middleware/Modules/Status.php(59): Illuminate\\Pipeline\\Pipeline->Illuminate\\Pipeline\\{closure}(Object(Illuminate\\Http\\Request))
#21 /home/pentasof/hrcrm.testpentas.in/agent/application/vendor/laravel/framework/src/Illuminate/Pipeline/Pipeline.php(167): App\\Http\\Middleware\\Modules\\Status->handle(Object(Illuminate\\Http\\Request), Object(Closure))
#22 /home/pentasof/hrcrm.testpentas.in/agent/application/app/Http/Middleware/General/General.php(103): Illuminate\\Pipeline\\Pipeline->Illuminate\\Pipeline\\{closure}(Object(Illuminate\\Http\\Request))
#23 /home/pentasof/hrcrm.testpentas.in/agent/application/vendor/laravel/framework/src/Illuminate/Pipeline/Pipeline.php(167): App\\Http\\Middleware\\General\\General->handle(Object(Illuminate\\Http\\Request), Object(Closure))
#24 /home/pentasof/hrcrm.testpentas.in/agent/application/app/Http/Middleware/General/SanityCheck.php(45): Illuminate\\Pipeline\\Pipeline->Illuminate\\Pipeline\\{closure}(Object(Illuminate\\Http\\Request))
#25 /home/pentasof/hrcrm.testpentas.in/agent/application/vendor/laravel/framework/src/Illuminate/Pipeline/Pipeline.php(167): App\\Http\\Middleware\\General\\SanityCheck->handle(Object(Illuminate\\Http\\Request), Object(Closure))
#26 /home/pentasof/hrcrm.testpentas.in/agent/application/app/Http/Middleware/General/Settings.php(47): Illuminate\\Pipeline\\Pipeline->Illuminate\\Pipeline\\{closure}(Object(Illuminate\\Http\\Request))
#27 /home/pentasof/hrcrm.testpentas.in/agent/application/vendor/laravel/framework/src/Illuminate/Pipeline/Pipeline.php(167): App\\Http\\Middleware\\General\\Settings->handle(Object(Illuminate\\Http\\Request), Object(Closure))
#28 /home/pentasof/hrcrm.testpentas.in/agent/application/vendor/laravel/framework/src/Illuminate/Routing/Middleware/SubstituteBindings.php(50): Illuminate\\Pipeline\\Pipeline->Illuminate\\Pipeline\\{closure}(Object(Illuminate\\Http\\Request))
#29 /home/pentasof/hrcrm.testpentas.in/agent/application/vendor/laravel/framework/src/Illuminate/Pipeline/Pipeline.php(167): Illuminate\\Routing\\Middleware\\SubstituteBindings->handle(Object(Illuminate\\Http\\Request), Object(Closure))
#30 /home/pentasof/hrcrm.testpentas.in/agent/application/vendor/laravel/framework/src/Illuminate/Foundation/Http/Middleware/VerifyCsrfToken.php(78): Illuminate\\Pipeline\\Pipeline->Illuminate\\Pipeline\\{closure}(Object(Illuminate\\Http\\Request))
#31 /home/pentasof/hrcrm.testpentas.in/agent/application/vendor/laravel/framework/src/Illuminate/Pipeline/Pipeline.php(167): Illuminate\\Foundation\\Http\\Middleware\\VerifyCsrfToken->handle(Object(Illuminate\\Http\\Request), Object(Closure))
#32 /home/pentasof/hrcrm.testpentas.in/agent/application/vendor/laravel/framework/src/Illuminate/View/Middleware/ShareErrorsFromSession.php(49): Illuminate\\Pipeline\\Pipeline->Illuminate\\Pipeline\\{closure}(Object(Illuminate\\Http\\Request))
#33 /home/pentasof/hrcrm.testpentas.in/agent/application/vendor/laravel/framework/src/Illuminate/Pipeline/Pipeline.php(167): Illuminate\\View\\Middleware\\ShareErrorsFromSession->handle(Object(Illuminate\\Http\\Request), Object(Closure))
#34 /home/pentasof/hrcrm.testpentas.in/agent/application/vendor/laravel/framework/src/Illuminate/Session/Middleware/StartSession.php(121): Illuminate\\Pipeline\\Pipeline->Illuminate\\Pipeline\\{closure}(Object(Illuminate\\Http\\Request))
#35 /home/pentasof/hrcrm.testpentas.in/agent/application/vendor/laravel/framework/src/Illuminate/Session/Middleware/StartSession.php(64): Illuminate\\Session\\Middleware\\StartSession->handleStatefulRequest(Object(Illuminate\\Http\\Request), Object(Illuminate\\Session\\Store), Object(Closure))
#36 /home/pentasof/hrcrm.testpentas.in/agent/application/vendor/laravel/framework/src/Illuminate/Pipeline/Pipeline.php(167): Illuminate\\Session\\Middleware\\StartSession->handle(Object(Illuminate\\Http\\Request), Object(Closure))
#37 /home/pentasof/hrcrm.testpentas.in/agent/application/vendor/laravel/framework/src/Illuminate/Cookie/Middleware/AddQueuedCookiesToResponse.php(37): Illuminate\\Pipeline\\Pipeline->Illuminate\\Pipeline\\{closure}(Object(Illuminate\\Http\\Request))
#38 /home/pentasof/hrcrm.testpentas.in/agent/application/vendor/laravel/framework/src/Illuminate/Pipeline/Pipeline.php(167): Illuminate\\Cookie\\Middleware\\AddQueuedCookiesToResponse->handle(Object(Illuminate\\Http\\Request), Object(Closure))
#39 /home/pentasof/hrcrm.testpentas.in/agent/application/vendor/laravel/framework/src/Illuminate/Cookie/Middleware/EncryptCookies.php(67): Illuminate\\Pipeline\\Pipeline->Illuminate\\Pipeline\\{closure}(Object(Illuminate\\Http\\Request))
#40 /home/pentasof/hrcrm.testpentas.in/agent/application/vendor/laravel/framework/src/Illuminate/Pipeline/Pipeline.php(167): Illuminate\\Cookie\\Middleware\\EncryptCookies->handle(Object(Illuminate\\Http\\Request), Object(Closure))
#41 /home/pentasof/hrcrm.testpentas.in/agent/application/app/Http/Middleware/General/Setup.php(37): Illuminate\\Pipeline\\Pipeline->Illuminate\\Pipeline\\{closure}(Object(Illuminate\\Http\\Request))
#42 /home/pentasof/hrcrm.testpentas.in/agent/application/vendor/laravel/framework/src/Illuminate/Pipeline/Pipeline.php(167): App\\Http\\Middleware\\General\\Setup->handle(Object(Illuminate\\Http\\Request), Object(Closure))
#43 /home/pentasof/hrcrm.testpentas.in/agent/application/vendor/laravel/framework/src/Illuminate/Pipeline/Pipeline.php(103): Illuminate\\Pipeline\\Pipeline->Illuminate\\Pipeline\\{closure}(Object(Illuminate\\Http\\Request))
#44 /home/pentasof/hrcrm.testpentas.in/agent/application/vendor/laravel/framework/src/Illuminate/Routing/Router.php(719): Illuminate\\Pipeline\\Pipeline->then(Object(Closure))
#45 /home/pentasof/hrcrm.testpentas.in/agent/application/vendor/laravel/framework/src/Illuminate/Routing/Router.php(698): Illuminate\\Routing\\Router->runRouteWithinStack(Object(Illuminate\\Routing\\Route), Object(Illuminate\\Http\\Request))
#46 /home/pentasof/hrcrm.testpentas.in/agent/application/vendor/laravel/framework/src/Illuminate/Routing/Router.php(662): Illuminate\\Routing\\Router->runRoute(Object(Illuminate\\Http\\Request), Object(Illuminate\\Routing\\Route))
#47 /home/pentasof/hrcrm.testpentas.in/agent/application/vendor/laravel/framework/src/Illuminate/Routing/Router.php(651): Illuminate\\Routing\\Router->dispatchToRoute(Object(Illuminate\\Http\\Request))
#48 /home/pentasof/hrcrm.testpentas.in/agent/application/vendor/laravel/framework/src/Illuminate/Foundation/Http/Kernel.php(167): Illuminate\\Routing\\Router->dispatch(Object(Illuminate\\Http\\Request))
#49 /home/pentasof/hrcrm.testpentas.in/agent/application/vendor/laravel/framework/src/Illuminate/Pipeline/Pipeline.php(128): Illuminate\\Foundation\\Http\\Kernel->Illuminate\\Foundation\\Http\\{closure}(Object(Illuminate\\Http\\Request))
#50 /home/pentasof/hrcrm.testpentas.in/agent/application/vendor/barryvdh/laravel-debugbar/src/Middleware/InjectDebugbar.php(59): Illuminate\\Pipeline\\Pipeline->Illuminate\\Pipeline\\{closure}(Object(Illuminate\\Http\\Request))
#51 /home/pentasof/hrcrm.testpentas.in/agent/application/vendor/laravel/framework/src/Illuminate/Pipeline/Pipeline.php(167): Barryvdh\\Debugbar\\Middleware\\InjectDebugbar->handle(Object(Illuminate\\Http\\Request), Object(Closure))
#52 /home/pentasof/hrcrm.testpentas.in/agent/application/vendor/fideloper/proxy/src/TrustProxies.php(57): Illuminate\\Pipeline\\Pipeline->Illuminate\\Pipeline\\{closure}(Object(Illuminate\\Http\\Request))
#53 /home/pentasof/hrcrm.testpentas.in/agent/application/vendor/laravel/framework/src/Illuminate/Pipeline/Pipeline.php(167): Fideloper\\Proxy\\TrustProxies->handle(Object(Illuminate\\Http\\Request), Object(Closure))
#54 /home/pentasof/hrcrm.testpentas.in/agent/application/vendor/laravel/framework/src/Illuminate/Foundation/Http/Middleware/TransformsRequest.php(21): Illuminate\\Pipeline\\Pipeline->Illuminate\\Pipeline\\{closure}(Object(Illuminate\\Http\\Request))
#55 /home/pentasof/hrcrm.testpentas.in/agent/application/vendor/laravel/framework/src/Illuminate/Foundation/Http/Middleware/ConvertEmptyStringsToNull.php(31): Illuminate\\Foundation\\Http\\Middleware\\TransformsRequest->handle(Object(Illuminate\\Http\\Request), Object(Closure))
#56 /home/pentasof/hrcrm.testpentas.in/agent/application/vendor/laravel/framework/src/Illuminate/Pipeline/Pipeline.php(167): Illuminate\\Foundation\\Http\\Middleware\\ConvertEmptyStringsToNull->handle(Object(Illuminate\\Http\\Request), Object(Closure))
#57 /home/pentasof/hrcrm.testpentas.in/agent/application/vendor/laravel/framework/src/Illuminate/Foundation/Http/Middleware/TransformsRequest.php(21): Illuminate\\Pipeline\\Pipeline->Illuminate\\Pipeline\\{closure}(Object(Illuminate\\Http\\Request))
#58 /home/pentasof/hrcrm.testpentas.in/agent/application/vendor/laravel/framework/src/Illuminate/Foundation/Http/Middleware/TrimStrings.php(40): Illuminate\\Foundation\\Http\\Middleware\\TransformsRequest->handle(Object(Illuminate\\Http\\Request), Object(Closure))
#59 /home/pentasof/hrcrm.testpentas.in/agent/application/vendor/laravel/framework/src/Illuminate/Pipeline/Pipeline.php(167): Illuminate\\Foundation\\Http\\Middleware\\TrimStrings->handle(Object(Illuminate\\Http\\Request), Object(Closure))
#60 /home/pentasof/hrcrm.testpentas.in/agent/application/vendor/laravel/framework/src/Illuminate/Foundation/Http/Middleware/ValidatePostSize.php(27): Illuminate\\Pipeline\\Pipeline->Illuminate\\Pipeline\\{closure}(Object(Illuminate\\Http\\Request))
#61 /home/pentasof/hrcrm.testpentas.in/agent/application/vendor/laravel/framework/src/Illuminate/Pipeline/Pipeline.php(167): Illuminate\\Foundation\\Http\\Middleware\\ValidatePostSize->handle(Object(Illuminate\\Http\\Request), Object(Closure))
#62 /home/pentasof/hrcrm.testpentas.in/agent/application/vendor/laravel/framework/src/Illuminate/Foundation/Http/Middleware/PreventRequestsDuringMaintenance.php(86): Illuminate\\Pipeline\\Pipeline->Illuminate\\Pipeline\\{closure}(Object(Illuminate\\Http\\Request))
#63 /home/pentasof/hrcrm.testpentas.in/agent/application/vendor/laravel/framework/src/Illuminate/Pipeline/Pipeline.php(167): Illuminate\\Foundation\\Http\\Middleware\\PreventRequestsDuringMaintenance->handle(Object(Illuminate\\Http\\Request), Object(Closure))
#64 /home/pentasof/hrcrm.testpentas.in/agent/application/vendor/laravel/framework/src/Illuminate/Pipeline/Pipeline.php(103): Illuminate\\Pipeline\\Pipeline->Illuminate\\Pipeline\\{closure}(Object(Illuminate\\Http\\Request))
#65 /home/pentasof/hrcrm.testpentas.in/agent/application/vendor/laravel/framework/src/Illuminate/Foundation/Http/Kernel.php(142): Illuminate\\Pipeline\\Pipeline->then(Object(Closure))
#66 /home/pentasof/hrcrm.testpentas.in/agent/application/vendor/laravel/framework/src/Illuminate/Foundation/Http/Kernel.php(111): Illuminate\\Foundation\\Http\\Kernel->sendRequestThroughRouter(Object(Illuminate\\Http\\Request))
#67 /home/pentasof/hrcrm.testpentas.in/agent/index.php(91): Illuminate\\Foundation\\Http\\Kernel->handle(Object(Illuminate\\Http\\Request))
#68 {main}

[previous exception] [object] (Symfony\\Component\\Routing\\Exception\\RouteNotFoundException(code: 0): Route [leads.createa] not defined. at /home/pentasof/hrcrm.testpentas.in/agent/application/vendor/laravel/framework/src/Illuminate/Routing/UrlGenerator.php:444)
[stacktrace]
#0 /home/pentasof/hrcrm.testpentas.in/agent/application/vendor/laravel/framework/src/Illuminate/Foundation/helpers.php(739): Illuminate\\Routing\\UrlGenerator->route('leads.createa', Array, true)
#1 /home/pentasof/hrcrm.testpentas.in/agent/application/storage/framework/views/bcf06c4781392ab0321534eaeb6954f287f9e7b7.php(49): route('leads.createa')
#2 /home/pentasof/hrcrm.testpentas.in/agent/application/vendor/laravel/framework/src/Illuminate/Filesystem/Filesystem.php(107): require('/home/pentasof/...')
#3 /home/pentasof/hrcrm.testpentas.in/agent/application/vendor/laravel/framework/src/Illuminate/Filesystem/Filesystem.php(108): Illuminate\\Filesystem\\Filesystem::Illuminate\\Filesystem\\{closure}()
#4 /home/pentasof/hrcrm.testpentas.in/agent/application/vendor/laravel/framework/src/Illuminate/View/Engines/PhpEngine.php(58): Illuminate\\Filesystem\\Filesystem->getRequire('/home/pentasof/...', Array)
#5 /home/pentasof/hrcrm.testpentas.in/agent/application/vendor/laravel/framework/src/Illuminate/View/Engines/CompilerEngine.php(61): Illuminate\\View\\Engines\\PhpEngine->evaluatePath('/home/pentasof/...', Array)
#6 /home/pentasof/hrcrm.testpentas.in/agent/application/vendor/facade/ignition/src/Views/Engines/CompilerEngine.php(37): Illuminate\\View\\Engines\\CompilerEngine->get('/home/pentasof/...', Array)
#7 /home/pentasof/hrcrm.testpentas.in/agent/application/vendor/laravel/framework/src/Illuminate/View/View.php(139): Facade\\Ignition\\Views\\Engines\\CompilerEngine->get('/home/pentasof/...', Array)
#8 /home/pentasof/hrcrm.testpentas.in/agent/application/vendor/laravel/framework/src/Illuminate/View/View.php(122): Illuminate\\View\\View->getContents()
#9 /home/pentasof/hrcrm.testpentas.in/agent/application/vendor/laravel/framework/src/Illuminate/View/View.php(91): Illuminate\\View\\View->renderContents()
#10 /home/pentasof/hrcrm.testpentas.in/agent/application/vendor/laravel/framework/src/Illuminate/Http/Response.php(69): Illuminate\\View\\View->render()
#11 /home/pentasof/hrcrm.testpentas.in/agent/application/vendor/laravel/framework/src/Illuminate/Http/Response.php(35): Illuminate\\Http\\Response->setContent(Object(Illuminate\\View\\View))
#12 /home/pentasof/hrcrm.testpentas.in/agent/application/vendor/laravel/framework/src/Illuminate/Routing/Router.php(820): Illuminate\\Http\\Response->__construct(Object(Illuminate\\View\\View), 200, Array)
#13 /home/pentasof/hrcrm.testpentas.in/agent/application/vendor/laravel/framework/src/Illuminate/Routing/Router.php(789): Illuminate\\Routing\\Router::toResponse(Object(Illuminate\\Http\\Request), Object(Illuminate\\View\\View))
#14 /home/pentasof/hrcrm.testpentas.in/agent/application/vendor/laravel/framework/src/Illuminate/Routing/Router.php(720): Illuminate\\Routing\\Router->prepareResponse(Object(Illuminate\\Http\\Request), Object(Illuminate\\View\\View))
#15 /home/pentasof/hrcrm.testpentas.in/agent/application/vendor/laravel/framework/src/Illuminate/Pipeline/Pipeline.php(128): Illuminate\\Routing\\Router->Illuminate\\Routing\\{closure}(Object(Illuminate\\Http\\Request))
#16 /home/pentasof/hrcrm.testpentas.in/agent/application/app/Http/Middleware/Modules/Menus.php(34): Illuminate\\Pipeline\\Pipeline->Illuminate\\Pipeline\\{closure}(Object(Illuminate\\Http\\Request))
#17 /home/pentasof/hrcrm.testpentas.in/agent/application/vendor/laravel/framework/src/Illuminate/Pipeline/Pipeline.php(167): App\\Http\\Middleware\\Modules\\Menus->handle(Object(Illuminate\\Http\\Request), Object(Closure))
#18 /home/pentasof/hrcrm.testpentas.in/agent/application/app/Http/Middleware/Modules/Visibility.php(55): Illuminate\\Pipeline\\Pipeline->Illuminate\\Pipeline\\{closure}(Object(Illuminate\\Http\\Request))
#19 /home/pentasof/hrcrm.testpentas.in/agent/application/vendor/laravel/framework/src/Illuminate/Pipeline/Pipeline.php(167): App\\Http\\Middleware\\Modules\\Visibility->handle(Object(Illuminate\\Http\\Request), Object(Closure))
#20 /home/pentasof/hrcrm.testpentas.in/agent/application/app/Http/Middleware/Modules/Status.php(59): Illuminate\\Pipeline\\Pipeline->Illuminate\\Pipeline\\{closure}(Object(Illuminate\\Http\\Request))
#21 /home/pentasof/hrcrm.testpentas.in/agent/application/vendor/laravel/framework/src/Illuminate/Pipeline/Pipeline.php(167): App\\Http\\Middleware\\Modules\\Status->handle(Object(Illuminate\\Http\\Request), Object(Closure))
#22 /home/pentasof/hrcrm.testpentas.in/agent/application/app/Http/Middleware/General/General.php(103): Illuminate\\Pipeline\\Pipeline->Illuminate\\Pipeline\\{closure}(Object(Illuminate\\Http\\Request))
#23 /home/pentasof/hrcrm.testpentas.in/agent/application/vendor/laravel/framework/src/Illuminate/Pipeline/Pipeline.php(167): App\\Http\\Middleware\\General\\General->handle(Object(Illuminate\\Http\\Request), Object(Closure))
#24 /home/pentasof/hrcrm.testpentas.in/agent/application/app/Http/Middleware/General/SanityCheck.php(45): Illuminate\\Pipeline\\Pipeline->Illuminate\\Pipeline\\{closure}(Object(Illuminate\\Http\\Request))
#25 /home/pentasof/hrcrm.testpentas.in/agent/application/vendor/laravel/framework/src/Illuminate/Pipeline/Pipeline.php(167): App\\Http\\Middleware\\General\\SanityCheck->handle(Object(Illuminate\\Http\\Request), Object(Closure))
#26 /home/pentasof/hrcrm.testpentas.in/agent/application/app/Http/Middleware/General/Settings.php(47): Illuminate\\Pipeline\\Pipeline->Illuminate\\Pipeline\\{closure}(Object(Illuminate\\Http\\Request))
#27 /home/pentasof/hrcrm.testpentas.in/agent/application/vendor/laravel/framework/src/Illuminate/Pipeline/Pipeline.php(167): App\\Http\\Middleware\\General\\Settings->handle(Object(Illuminate\\Http\\Request), Object(Closure))
#28 /home/pentasof/hrcrm.testpentas.in/agent/application/vendor/laravel/framework/src/Illuminate/Routing/Middleware/SubstituteBindings.php(50): Illuminate\\Pipeline\\Pipeline->Illuminate\\Pipeline\\{closure}(Object(Illuminate\\Http\\Request))
#29 /home/pentasof/hrcrm.testpentas.in/agent/application/vendor/laravel/framework/src/Illuminate/Pipeline/Pipeline.php(167): Illuminate\\Routing\\Middleware\\SubstituteBindings->handle(Object(Illuminate\\Http\\Request), Object(Closure))
#30 /home/pentasof/hrcrm.testpentas.in/agent/application/vendor/laravel/framework/src/Illuminate/Foundation/Http/Middleware/VerifyCsrfToken.php(78): Illuminate\\Pipeline\\Pipeline->Illuminate\\Pipeline\\{closure}(Object(Illuminate\\Http\\Request))
#31 /home/pentasof/hrcrm.testpentas.in/agent/application/vendor/laravel/framework/src/Illuminate/Pipeline/Pipeline.php(167): Illuminate\\Foundation\\Http\\Middleware\\VerifyCsrfToken->handle(Object(Illuminate\\Http\\Request), Object(Closure))
#32 /home/pentasof/hrcrm.testpentas.in/agent/application/vendor/laravel/framework/src/Illuminate/View/Middleware/ShareErrorsFromSession.php(49): Illuminate\\Pipeline\\Pipeline->Illuminate\\Pipeline\\{closure}(Object(Illuminate\\Http\\Request))
#33 /home/pentasof/hrcrm.testpentas.in/agent/application/vendor/laravel/framework/src/Illuminate/Pipeline/Pipeline.php(167): Illuminate\\View\\Middleware\\ShareErrorsFromSession->handle(Object(Illuminate\\Http\\Request), Object(Closure))
#34 /home/pentasof/hrcrm.testpentas.in/agent/application/vendor/laravel/framework/src/Illuminate/Session/Middleware/StartSession.php(121): Illuminate\\Pipeline\\Pipeline->Illuminate\\Pipeline\\{closure}(Object(Illuminate\\Http\\Request))
#35 /home/pentasof/hrcrm.testpentas.in/agent/application/vendor/laravel/framework/src/Illuminate/Session/Middleware/StartSession.php(64): Illuminate\\Session\\Middleware\\StartSession->handleStatefulRequest(Object(Illuminate\\Http\\Request), Object(Illuminate\\Session\\Store), Object(Closure))
#36 /home/pentasof/hrcrm.testpentas.in/agent/application/vendor/laravel/framework/src/Illuminate/Pipeline/Pipeline.php(167): Illuminate\\Session\\Middleware\\StartSession->handle(Object(Illuminate\\Http\\Request), Object(Closure))
#37 /home/pentasof/hrcrm.testpentas.in/agent/application/vendor/laravel/framework/src/Illuminate/Cookie/Middleware/AddQueuedCookiesToResponse.php(37): Illuminate\\Pipeline\\Pipeline->Illuminate\\Pipeline\\{closure}(Object(Illuminate\\Http\\Request))
#38 /home/pentasof/hrcrm.testpentas.in/agent/application/vendor/laravel/framework/src/Illuminate/Pipeline/Pipeline.php(167): Illuminate\\Cookie\\Middleware\\AddQueuedCookiesToResponse->handle(Object(Illuminate\\Http\\Request), Object(Closure))
#39 /home/pentasof/hrcrm.testpentas.in/agent/application/vendor/laravel/framework/src/Illuminate/Cookie/Middleware/EncryptCookies.php(67): Illuminate\\Pipeline\\Pipeline->Illuminate\\Pipeline\\{closure}(Object(Illuminate\\Http\\Request))
#40 /home/pentasof/hrcrm.testpentas.in/agent/application/vendor/laravel/framework/src/Illuminate/Pipeline/Pipeline.php(167): Illuminate\\Cookie\\Middleware\\EncryptCookies->handle(Object(Illuminate\\Http\\Request), Object(Closure))
#41 /home/pentasof/hrcrm.testpentas.in/agent/application/app/Http/Middleware/General/Setup.php(37): Illuminate\\Pipeline\\Pipeline->Illuminate\\Pipeline\\{closure}(Object(Illuminate\\Http\\Request))
#42 /home/pentasof/hrcrm.testpentas.in/agent/application/vendor/laravel/framework/src/Illuminate/Pipeline/Pipeline.php(167): App\\Http\\Middleware\\General\\Setup->handle(Object(Illuminate\\Http\\Request), Object(Closure))
#43 /home/pentasof/hrcrm.testpentas.in/agent/application/vendor/laravel/framework/src/Illuminate/Pipeline/Pipeline.php(103): Illuminate\\Pipeline\\Pipeline->Illuminate\\Pipeline\\{closure}(Object(Illuminate\\Http\\Request))
#44 /home/pentasof/hrcrm.testpentas.in/agent/application/vendor/laravel/framework/src/Illuminate/Routing/Router.php(719): Illuminate\\Pipeline\\Pipeline->then(Object(Closure))
#45 /home/pentasof/hrcrm.testpentas.in/agent/application/vendor/laravel/framework/src/Illuminate/Routing/Router.php(698): Illuminate\\Routing\\Router->runRouteWithinStack(Object(Illuminate\\Routing\\Route), Object(Illuminate\\Http\\Request))
#46 /home/pentasof/hrcrm.testpentas.in/agent/application/vendor/laravel/framework/src/Illuminate/Routing/Router.php(662): Illuminate\\Routing\\Router->runRoute(Object(Illuminate\\Http\\Request), Object(Illuminate\\Routing\\Route))
#47 /home/pentasof/hrcrm.testpentas.in/agent/application/vendor/laravel/framework/src/Illuminate/Routing/Router.php(651): Illuminate\\Routing\\Router->dispatchToRoute(Object(Illuminate\\Http\\Request))
#48 /home/pentasof/hrcrm.testpentas.in/agent/application/vendor/laravel/framework/src/Illuminate/Foundation/Http/Kernel.php(167): Illuminate\\Routing\\Router->dispatch(Object(Illuminate\\Http\\Request))
#49 /home/pentasof/hrcrm.testpentas.in/agent/application/vendor/laravel/framework/src/Illuminate/Pipeline/Pipeline.php(128): Illuminate\\Foundation\\Http\\Kernel->Illuminate\\Foundation\\Http\\{closure}(Object(Illuminate\\Http\\Request))
#50 /home/pentasof/hrcrm.testpentas.in/agent/application/vendor/barryvdh/laravel-debugbar/src/Middleware/InjectDebugbar.php(59): Illuminate\\Pipeline\\Pipeline->Illuminate\\Pipeline\\{closure}(Object(Illuminate\\Http\\Request))
#51 /home/pentasof/hrcrm.testpentas.in/agent/application/vendor/laravel/framework/src/Illuminate/Pipeline/Pipeline.php(167): Barryvdh\\Debugbar\\Middleware\\InjectDebugbar->handle(Object(Illuminate\\Http\\Request), Object(Closure))
#52 /home/pentasof/hrcrm.testpentas.in/agent/application/vendor/fideloper/proxy/src/TrustProxies.php(57): Illuminate\\Pipeline\\Pipeline->Illuminate\\Pipeline\\{closure}(Object(Illuminate\\Http\\Request))
#53 /home/pentasof/hrcrm.testpentas.in/agent/application/vendor/laravel/framework/src/Illuminate/Pipeline/Pipeline.php(167): Fideloper\\Proxy\\TrustProxies->handle(Object(Illuminate\\Http\\Request), Object(Closure))
#54 /home/pentasof/hrcrm.testpentas.in/agent/application/vendor/laravel/framework/src/Illuminate/Foundation/Http/Middleware/TransformsRequest.php(21): Illuminate\\Pipeline\\Pipeline->Illuminate\\Pipeline\\{closure}(Object(Illuminate\\Http\\Request))
#55 /home/pentasof/hrcrm.testpentas.in/agent/application/vendor/laravel/framework/src/Illuminate/Foundation/Http/Middleware/ConvertEmptyStringsToNull.php(31): Illuminate\\Foundation\\Http\\Middleware\\TransformsRequest->handle(Object(Illuminate\\Http\\Request), Object(Closure))
#56 /home/pentasof/hrcrm.testpentas.in/agent/application/vendor/laravel/framework/src/Illuminate/Pipeline/Pipeline.php(167): Illuminate\\Foundation\\Http\\Middleware\\ConvertEmptyStringsToNull->handle(Object(Illuminate\\Http\\Request), Object(Closure))
#57 /home/pentasof/hrcrm.testpentas.in/agent/application/vendor/laravel/framework/src/Illuminate/Foundation/Http/Middleware/TransformsRequest.php(21): Illuminate\\Pipeline\\Pipeline->Illuminate\\Pipeline\\{closure}(Object(Illuminate\\Http\\Request))
#58 /home/pentasof/hrcrm.testpentas.in/agent/application/vendor/laravel/framework/src/Illuminate/Foundation/Http/Middleware/TrimStrings.php(40): Illuminate\\Foundation\\Http\\Middleware\\TransformsRequest->handle(Object(Illuminate\\Http\\Request), Object(Closure))
#59 /home/pentasof/hrcrm.testpentas.in/agent/application/vendor/laravel/framework/src/Illuminate/Pipeline/Pipeline.php(167): Illuminate\\Foundation\\Http\\Middleware\\TrimStrings->handle(Object(Illuminate\\Http\\Request), Object(Closure))
#60 /home/pentasof/hrcrm.testpentas.in/agent/application/vendor/laravel/framework/src/Illuminate/Foundation/Http/Middleware/ValidatePostSize.php(27): Illuminate\\Pipeline\\Pipeline->Illuminate\\Pipeline\\{closure}(Object(Illuminate\\Http\\Request))
#61 /home/pentasof/hrcrm.testpentas.in/agent/application/vendor/laravel/framework/src/Illuminate/Pipeline/Pipeline.php(167): Illuminate\\Foundation\\Http\\Middleware\\ValidatePostSize->handle(Object(Illuminate\\Http\\Request), Object(Closure))
#62 /home/pentasof/hrcrm.testpentas.in/agent/application/vendor/laravel/framework/src/Illuminate/Foundation/Http/Middleware/PreventRequestsDuringMaintenance.php(86): Illuminate\\Pipeline\\Pipeline->Illuminate\\Pipeline\\{closure}(Object(Illuminate\\Http\\Request))
#63 /home/pentasof/hrcrm.testpentas.in/agent/application/vendor/laravel/framework/src/Illuminate/Pipeline/Pipeline.php(167): Illuminate\\Foundation\\Http\\Middleware\\PreventRequestsDuringMaintenance->handle(Object(Illuminate\\Http\\Request), Object(Closure))
#64 /home/pentasof/hrcrm.testpentas.in/agent/application/vendor/laravel/framework/src/Illuminate/Pipeline/Pipeline.php(103): Illuminate\\Pipeline\\Pipeline->Illuminate\\Pipeline\\{closure}(Object(Illuminate\\Http\\Request))
#65 /home/pentasof/hrcrm.testpentas.in/agent/application/vendor/laravel/framework/src/Illuminate/Foundation/Http/Kernel.php(142): Illuminate\\Pipeline\\Pipeline->then(Object(Closure))
#66 /home/pentasof/hrcrm.testpentas.in/agent/application/vendor/laravel/framework/src/Illuminate/Foundation/Http/Kernel.php(111): Illuminate\\Foundation\\Http\\Kernel->sendRequestThroughRouter(Object(Illuminate\\Http\\Request))
#67 /home/pentasof/hrcrm.testpentas.in/agent/index.php(91): Illuminate\\Foundation\\Http\\Kernel->handle(Object(Illuminate\\Http\\Request))
#68 {main}
"} 
[2024-07-05 13:47:29] production.ERROR: Route [leads.storea] not defined. (View: /home/pentasof/hrcrm.testpentas.in/agent/application/resources/views/salelead/create.blade.php) {"view":{"view":"/home/pentasof/hrcrm.testpentas.in/agent/application/vendor/laravel/framework/src/Illuminate/Routing/UrlGenerator.php","data":[]},"userId":3,"exception":"[object] (Facade\\Ignition\\Exceptions\\ViewException(code: 0): Route [leads.storea] not defined. (View: /home/pentasof/hrcrm.testpentas.in/agent/application/resources/views/salelead/create.blade.php) at /home/pentasof/hrcrm.testpentas.in/agent/application/vendor/laravel/framework/src/Illuminate/Routing/UrlGenerator.php:444)
[stacktrace]
#0 /home/pentasof/hrcrm.testpentas.in/agent/application/vendor/laravel/framework/src/Illuminate/Foundation/helpers.php(739): Illuminate\\Routing\\UrlGenerator->route('leads.storea', Array, true)
#1 /home/pentasof/hrcrm.testpentas.in/agent/application/resources/views/salelead/create.blade.php(49): route('leads.storea')
#2 /home/pentasof/hrcrm.testpentas.in/agent/application/vendor/laravel/framework/src/Illuminate/Filesystem/Filesystem.php(107): require('/home/pentasof/...')
#3 /home/pentasof/hrcrm.testpentas.in/agent/application/vendor/laravel/framework/src/Illuminate/Filesystem/Filesystem.php(108): Illuminate\\Filesystem\\Filesystem::Illuminate\\Filesystem\\{closure}()
#4 /home/pentasof/hrcrm.testpentas.in/agent/application/vendor/laravel/framework/src/Illuminate/View/Engines/PhpEngine.php(58): Illuminate\\Filesystem\\Filesystem->getRequire('/home/pentasof/...', Array)
#5 /home/pentasof/hrcrm.testpentas.in/agent/application/vendor/laravel/framework/src/Illuminate/View/Engines/CompilerEngine.php(61): Illuminate\\View\\Engines\\PhpEngine->evaluatePath('/home/pentasof/...', Array)
#6 /home/pentasof/hrcrm.testpentas.in/agent/application/vendor/facade/ignition/src/Views/Engines/CompilerEngine.php(37): Illuminate\\View\\Engines\\CompilerEngine->get('/home/pentasof/...', Array)
#7 /home/pentasof/hrcrm.testpentas.in/agent/application/vendor/laravel/framework/src/Illuminate/View/View.php(139): Facade\\Ignition\\Views\\Engines\\CompilerEngine->get('/home/pentasof/...', Array)
#8 /home/pentasof/hrcrm.testpentas.in/agent/application/vendor/laravel/framework/src/Illuminate/View/View.php(122): Illuminate\\View\\View->getContents()
#9 /home/pentasof/hrcrm.testpentas.in/agent/application/vendor/laravel/framework/src/Illuminate/View/View.php(91): Illuminate\\View\\View->renderContents()
#10 /home/pentasof/hrcrm.testpentas.in/agent/application/vendor/laravel/framework/src/Illuminate/Http/Response.php(69): Illuminate\\View\\View->render()
#11 /home/pentasof/hrcrm.testpentas.in/agent/application/vendor/laravel/framework/src/Illuminate/Http/Response.php(35): Illuminate\\Http\\Response->setContent(Object(Illuminate\\View\\View))
#12 /home/pentasof/hrcrm.testpentas.in/agent/application/vendor/laravel/framework/src/Illuminate/Routing/Router.php(820): Illuminate\\Http\\Response->__construct(Object(Illuminate\\View\\View), 200, Array)
#13 /home/pentasof/hrcrm.testpentas.in/agent/application/vendor/laravel/framework/src/Illuminate/Routing/Router.php(789): Illuminate\\Routing\\Router::toResponse(Object(Illuminate\\Http\\Request), Object(Illuminate\\View\\View))
#14 /home/pentasof/hrcrm.testpentas.in/agent/application/vendor/laravel/framework/src/Illuminate/Routing/Router.php(720): Illuminate\\Routing\\Router->prepareResponse(Object(Illuminate\\Http\\Request), Object(Illuminate\\View\\View))
#15 /home/pentasof/hrcrm.testpentas.in/agent/application/vendor/laravel/framework/src/Illuminate/Pipeline/Pipeline.php(128): Illuminate\\Routing\\Router->Illuminate\\Routing\\{closure}(Object(Illuminate\\Http\\Request))
#16 /home/pentasof/hrcrm.testpentas.in/agent/application/app/Http/Middleware/Modules/Menus.php(34): Illuminate\\Pipeline\\Pipeline->Illuminate\\Pipeline\\{closure}(Object(Illuminate\\Http\\Request))
#17 /home/pentasof/hrcrm.testpentas.in/agent/application/vendor/laravel/framework/src/Illuminate/Pipeline/Pipeline.php(167): App\\Http\\Middleware\\Modules\\Menus->handle(Object(Illuminate\\Http\\Request), Object(Closure))
#18 /home/pentasof/hrcrm.testpentas.in/agent/application/app/Http/Middleware/Modules/Visibility.php(55): Illuminate\\Pipeline\\Pipeline->Illuminate\\Pipeline\\{closure}(Object(Illuminate\\Http\\Request))
#19 /home/pentasof/hrcrm.testpentas.in/agent/application/vendor/laravel/framework/src/Illuminate/Pipeline/Pipeline.php(167): App\\Http\\Middleware\\Modules\\Visibility->handle(Object(Illuminate\\Http\\Request), Object(Closure))
#20 /home/pentasof/hrcrm.testpentas.in/agent/application/app/Http/Middleware/Modules/Status.php(59): Illuminate\\Pipeline\\Pipeline->Illuminate\\Pipeline\\{closure}(Object(Illuminate\\Http\\Request))
#21 /home/pentasof/hrcrm.testpentas.in/agent/application/vendor/laravel/framework/src/Illuminate/Pipeline/Pipeline.php(167): App\\Http\\Middleware\\Modules\\Status->handle(Object(Illuminate\\Http\\Request), Object(Closure))
#22 /home/pentasof/hrcrm.testpentas.in/agent/application/app/Http/Middleware/General/General.php(103): Illuminate\\Pipeline\\Pipeline->Illuminate\\Pipeline\\{closure}(Object(Illuminate\\Http\\Request))
#23 /home/pentasof/hrcrm.testpentas.in/agent/application/vendor/laravel/framework/src/Illuminate/Pipeline/Pipeline.php(167): App\\Http\\Middleware\\General\\General->handle(Object(Illuminate\\Http\\Request), Object(Closure))
#24 /home/pentasof/hrcrm.testpentas.in/agent/application/app/Http/Middleware/General/SanityCheck.php(45): Illuminate\\Pipeline\\Pipeline->Illuminate\\Pipeline\\{closure}(Object(Illuminate\\Http\\Request))
#25 /home/pentasof/hrcrm.testpentas.in/agent/application/vendor/laravel/framework/src/Illuminate/Pipeline/Pipeline.php(167): App\\Http\\Middleware\\General\\SanityCheck->handle(Object(Illuminate\\Http\\Request), Object(Closure))
#26 /home/pentasof/hrcrm.testpentas.in/agent/application/app/Http/Middleware/General/Settings.php(47): Illuminate\\Pipeline\\Pipeline->Illuminate\\Pipeline\\{closure}(Object(Illuminate\\Http\\Request))
#27 /home/pentasof/hrcrm.testpentas.in/agent/application/vendor/laravel/framework/src/Illuminate/Pipeline/Pipeline.php(167): App\\Http\\Middleware\\General\\Settings->handle(Object(Illuminate\\Http\\Request), Object(Closure))
#28 /home/pentasof/hrcrm.testpentas.in/agent/application/vendor/laravel/framework/src/Illuminate/Routing/Middleware/SubstituteBindings.php(50): Illuminate\\Pipeline\\Pipeline->Illuminate\\Pipeline\\{closure}(Object(Illuminate\\Http\\Request))
#29 /home/pentasof/hrcrm.testpentas.in/agent/application/vendor/laravel/framework/src/Illuminate/Pipeline/Pipeline.php(167): Illuminate\\Routing\\Middleware\\SubstituteBindings->handle(Object(Illuminate\\Http\\Request), Object(Closure))
#30 /home/pentasof/hrcrm.testpentas.in/agent/application/vendor/laravel/framework/src/Illuminate/Foundation/Http/Middleware/VerifyCsrfToken.php(78): Illuminate\\Pipeline\\Pipeline->Illuminate\\Pipeline\\{closure}(Object(Illuminate\\Http\\Request))
#31 /home/pentasof/hrcrm.testpentas.in/agent/application/vendor/laravel/framework/src/Illuminate/Pipeline/Pipeline.php(167): Illuminate\\Foundation\\Http\\Middleware\\VerifyCsrfToken->handle(Object(Illuminate\\Http\\Request), Object(Closure))
#32 /home/pentasof/hrcrm.testpentas.in/agent/application/vendor/laravel/framework/src/Illuminate/View/Middleware/ShareErrorsFromSession.php(49): Illuminate\\Pipeline\\Pipeline->Illuminate\\Pipeline\\{closure}(Object(Illuminate\\Http\\Request))
#33 /home/pentasof/hrcrm.testpentas.in/agent/application/vendor/laravel/framework/src/Illuminate/Pipeline/Pipeline.php(167): Illuminate\\View\\Middleware\\ShareErrorsFromSession->handle(Object(Illuminate\\Http\\Request), Object(Closure))
#34 /home/pentasof/hrcrm.testpentas.in/agent/application/vendor/laravel/framework/src/Illuminate/Session/Middleware/StartSession.php(121): Illuminate\\Pipeline\\Pipeline->Illuminate\\Pipeline\\{closure}(Object(Illuminate\\Http\\Request))
#35 /home/pentasof/hrcrm.testpentas.in/agent/application/vendor/laravel/framework/src/Illuminate/Session/Middleware/StartSession.php(64): Illuminate\\Session\\Middleware\\StartSession->handleStatefulRequest(Object(Illuminate\\Http\\Request), Object(Illuminate\\Session\\Store), Object(Closure))
#36 /home/pentasof/hrcrm.testpentas.in/agent/application/vendor/laravel/framework/src/Illuminate/Pipeline/Pipeline.php(167): Illuminate\\Session\\Middleware\\StartSession->handle(Object(Illuminate\\Http\\Request), Object(Closure))
#37 /home/pentasof/hrcrm.testpentas.in/agent/application/vendor/laravel/framework/src/Illuminate/Cookie/Middleware/AddQueuedCookiesToResponse.php(37): Illuminate\\Pipeline\\Pipeline->Illuminate\\Pipeline\\{closure}(Object(Illuminate\\Http\\Request))
#38 /home/pentasof/hrcrm.testpentas.in/agent/application/vendor/laravel/framework/src/Illuminate/Pipeline/Pipeline.php(167): Illuminate\\Cookie\\Middleware\\AddQueuedCookiesToResponse->handle(Object(Illuminate\\Http\\Request), Object(Closure))
#39 /home/pentasof/hrcrm.testpentas.in/agent/application/vendor/laravel/framework/src/Illuminate/Cookie/Middleware/EncryptCookies.php(67): Illuminate\\Pipeline\\Pipeline->Illuminate\\Pipeline\\{closure}(Object(Illuminate\\Http\\Request))
#40 /home/pentasof/hrcrm.testpentas.in/agent/application/vendor/laravel/framework/src/Illuminate/Pipeline/Pipeline.php(167): Illuminate\\Cookie\\Middleware\\EncryptCookies->handle(Object(Illuminate\\Http\\Request), Object(Closure))
#41 /home/pentasof/hrcrm.testpentas.in/agent/application/app/Http/Middleware/General/Setup.php(37): Illuminate\\Pipeline\\Pipeline->Illuminate\\Pipeline\\{closure}(Object(Illuminate\\Http\\Request))
#42 /home/pentasof/hrcrm.testpentas.in/agent/application/vendor/laravel/framework/src/Illuminate/Pipeline/Pipeline.php(167): App\\Http\\Middleware\\General\\Setup->handle(Object(Illuminate\\Http\\Request), Object(Closure))
#43 /home/pentasof/hrcrm.testpentas.in/agent/application/vendor/laravel/framework/src/Illuminate/Pipeline/Pipeline.php(103): Illuminate\\Pipeline\\Pipeline->Illuminate\\Pipeline\\{closure}(Object(Illuminate\\Http\\Request))
#44 /home/pentasof/hrcrm.testpentas.in/agent/application/vendor/laravel/framework/src/Illuminate/Routing/Router.php(719): Illuminate\\Pipeline\\Pipeline->then(Object(Closure))
#45 /home/pentasof/hrcrm.testpentas.in/agent/application/vendor/laravel/framework/src/Illuminate/Routing/Router.php(698): Illuminate\\Routing\\Router->runRouteWithinStack(Object(Illuminate\\Routing\\Route), Object(Illuminate\\Http\\Request))
#46 /home/pentasof/hrcrm.testpentas.in/agent/application/vendor/laravel/framework/src/Illuminate/Routing/Router.php(662): Illuminate\\Routing\\Router->runRoute(Object(Illuminate\\Http\\Request), Object(Illuminate\\Routing\\Route))
#47 /home/pentasof/hrcrm.testpentas.in/agent/application/vendor/laravel/framework/src/Illuminate/Routing/Router.php(651): Illuminate\\Routing\\Router->dispatchToRoute(Object(Illuminate\\Http\\Request))
#48 /home/pentasof/hrcrm.testpentas.in/agent/application/vendor/laravel/framework/src/Illuminate/Foundation/Http/Kernel.php(167): Illuminate\\Routing\\Router->dispatch(Object(Illuminate\\Http\\Request))
#49 /home/pentasof/hrcrm.testpentas.in/agent/application/vendor/laravel/framework/src/Illuminate/Pipeline/Pipeline.php(128): Illuminate\\Foundation\\Http\\Kernel->Illuminate\\Foundation\\Http\\{closure}(Object(Illuminate\\Http\\Request))
#50 /home/pentasof/hrcrm.testpentas.in/agent/application/vendor/barryvdh/laravel-debugbar/src/Middleware/InjectDebugbar.php(59): Illuminate\\Pipeline\\Pipeline->Illuminate\\Pipeline\\{closure}(Object(Illuminate\\Http\\Request))
#51 /home/pentasof/hrcrm.testpentas.in/agent/application/vendor/laravel/framework/src/Illuminate/Pipeline/Pipeline.php(167): Barryvdh\\Debugbar\\Middleware\\InjectDebugbar->handle(Object(Illuminate\\Http\\Request), Object(Closure))
#52 /home/pentasof/hrcrm.testpentas.in/agent/application/vendor/fideloper/proxy/src/TrustProxies.php(57): Illuminate\\Pipeline\\Pipeline->Illuminate\\Pipeline\\{closure}(Object(Illuminate\\Http\\Request))
#53 /home/pentasof/hrcrm.testpentas.in/agent/application/vendor/laravel/framework/src/Illuminate/Pipeline/Pipeline.php(167): Fideloper\\Proxy\\TrustProxies->handle(Object(Illuminate\\Http\\Request), Object(Closure))
#54 /home/pentasof/hrcrm.testpentas.in/agent/application/vendor/laravel/framework/src/Illuminate/Foundation/Http/Middleware/TransformsRequest.php(21): Illuminate\\Pipeline\\Pipeline->Illuminate\\Pipeline\\{closure}(Object(Illuminate\\Http\\Request))
#55 /home/pentasof/hrcrm.testpentas.in/agent/application/vendor/laravel/framework/src/Illuminate/Foundation/Http/Middleware/ConvertEmptyStringsToNull.php(31): Illuminate\\Foundation\\Http\\Middleware\\TransformsRequest->handle(Object(Illuminate\\Http\\Request), Object(Closure))
#56 /home/pentasof/hrcrm.testpentas.in/agent/application/vendor/laravel/framework/src/Illuminate/Pipeline/Pipeline.php(167): Illuminate\\Foundation\\Http\\Middleware\\ConvertEmptyStringsToNull->handle(Object(Illuminate\\Http\\Request), Object(Closure))
#57 /home/pentasof/hrcrm.testpentas.in/agent/application/vendor/laravel/framework/src/Illuminate/Foundation/Http/Middleware/TransformsRequest.php(21): Illuminate\\Pipeline\\Pipeline->Illuminate\\Pipeline\\{closure}(Object(Illuminate\\Http\\Request))
#58 /home/pentasof/hrcrm.testpentas.in/agent/application/vendor/laravel/framework/src/Illuminate/Foundation/Http/Middleware/TrimStrings.php(40): Illuminate\\Foundation\\Http\\Middleware\\TransformsRequest->handle(Object(Illuminate\\Http\\Request), Object(Closure))
#59 /home/pentasof/hrcrm.testpentas.in/agent/application/vendor/laravel/framework/src/Illuminate/Pipeline/Pipeline.php(167): Illuminate\\Foundation\\Http\\Middleware\\TrimStrings->handle(Object(Illuminate\\Http\\Request), Object(Closure))
#60 /home/pentasof/hrcrm.testpentas.in/agent/application/vendor/laravel/framework/src/Illuminate/Foundation/Http/Middleware/ValidatePostSize.php(27): Illuminate\\Pipeline\\Pipeline->Illuminate\\Pipeline\\{closure}(Object(Illuminate\\Http\\Request))
#61 /home/pentasof/hrcrm.testpentas.in/agent/application/vendor/laravel/framework/src/Illuminate/Pipeline/Pipeline.php(167): Illuminate\\Foundation\\Http\\Middleware\\ValidatePostSize->handle(Object(Illuminate\\Http\\Request), Object(Closure))
#62 /home/pentasof/hrcrm.testpentas.in/agent/application/vendor/laravel/framework/src/Illuminate/Foundation/Http/Middleware/PreventRequestsDuringMaintenance.php(86): Illuminate\\Pipeline\\Pipeline->Illuminate\\Pipeline\\{closure}(Object(Illuminate\\Http\\Request))
#63 /home/pentasof/hrcrm.testpentas.in/agent/application/vendor/laravel/framework/src/Illuminate/Pipeline/Pipeline.php(167): Illuminate\\Foundation\\Http\\Middleware\\PreventRequestsDuringMaintenance->handle(Object(Illuminate\\Http\\Request), Object(Closure))
#64 /home/pentasof/hrcrm.testpentas.in/agent/application/vendor/laravel/framework/src/Illuminate/Pipeline/Pipeline.php(103): Illuminate\\Pipeline\\Pipeline->Illuminate\\Pipeline\\{closure}(Object(Illuminate\\Http\\Request))
#65 /home/pentasof/hrcrm.testpentas.in/agent/application/vendor/laravel/framework/src/Illuminate/Foundation/Http/Kernel.php(142): Illuminate\\Pipeline\\Pipeline->then(Object(Closure))
#66 /home/pentasof/hrcrm.testpentas.in/agent/application/vendor/laravel/framework/src/Illuminate/Foundation/Http/Kernel.php(111): Illuminate\\Foundation\\Http\\Kernel->sendRequestThroughRouter(Object(Illuminate\\Http\\Request))
#67 /home/pentasof/hrcrm.testpentas.in/agent/index.php(91): Illuminate\\Foundation\\Http\\Kernel->handle(Object(Illuminate\\Http\\Request))
#68 {main}

[previous exception] [object] (Symfony\\Component\\Routing\\Exception\\RouteNotFoundException(code: 0): Route [leads.storea] not defined. at /home/pentasof/hrcrm.testpentas.in/agent/application/vendor/laravel/framework/src/Illuminate/Routing/UrlGenerator.php:444)
[stacktrace]
#0 /home/pentasof/hrcrm.testpentas.in/agent/application/vendor/laravel/framework/src/Illuminate/Foundation/helpers.php(739): Illuminate\\Routing\\UrlGenerator->route('leads.storea', Array, true)
#1 /home/pentasof/hrcrm.testpentas.in/agent/application/storage/framework/views/c2c4e18596edf939b3e864e1fb3834a98f09a2e5.php(49): route('leads.storea')
#2 /home/pentasof/hrcrm.testpentas.in/agent/application/vendor/laravel/framework/src/Illuminate/Filesystem/Filesystem.php(107): require('/home/pentasof/...')
#3 /home/pentasof/hrcrm.testpentas.in/agent/application/vendor/laravel/framework/src/Illuminate/Filesystem/Filesystem.php(108): Illuminate\\Filesystem\\Filesystem::Illuminate\\Filesystem\\{closure}()
#4 /home/pentasof/hrcrm.testpentas.in/agent/application/vendor/laravel/framework/src/Illuminate/View/Engines/PhpEngine.php(58): Illuminate\\Filesystem\\Filesystem->getRequire('/home/pentasof/...', Array)
#5 /home/pentasof/hrcrm.testpentas.in/agent/application/vendor/laravel/framework/src/Illuminate/View/Engines/CompilerEngine.php(61): Illuminate\\View\\Engines\\PhpEngine->evaluatePath('/home/pentasof/...', Array)
#6 /home/pentasof/hrcrm.testpentas.in/agent/application/vendor/facade/ignition/src/Views/Engines/CompilerEngine.php(37): Illuminate\\View\\Engines\\CompilerEngine->get('/home/pentasof/...', Array)
#7 /home/pentasof/hrcrm.testpentas.in/agent/application/vendor/laravel/framework/src/Illuminate/View/View.php(139): Facade\\Ignition\\Views\\Engines\\CompilerEngine->get('/home/pentasof/...', Array)
#8 /home/pentasof/hrcrm.testpentas.in/agent/application/vendor/laravel/framework/src/Illuminate/View/View.php(122): Illuminate\\View\\View->getContents()
#9 /home/pentasof/hrcrm.testpentas.in/agent/application/vendor/laravel/framework/src/Illuminate/View/View.php(91): Illuminate\\View\\View->renderContents()
#10 /home/pentasof/hrcrm.testpentas.in/agent/application/vendor/laravel/framework/src/Illuminate/Http/Response.php(69): Illuminate\\View\\View->render()
#11 /home/pentasof/hrcrm.testpentas.in/agent/application/vendor/laravel/framework/src/Illuminate/Http/Response.php(35): Illuminate\\Http\\Response->setContent(Object(Illuminate\\View\\View))
#12 /home/pentasof/hrcrm.testpentas.in/agent/application/vendor/laravel/framework/src/Illuminate/Routing/Router.php(820): Illuminate\\Http\\Response->__construct(Object(Illuminate\\View\\View), 200, Array)
#13 /home/pentasof/hrcrm.testpentas.in/agent/application/vendor/laravel/framework/src/Illuminate/Routing/Router.php(789): Illuminate\\Routing\\Router::toResponse(Object(Illuminate\\Http\\Request), Object(Illuminate\\View\\View))
#14 /home/pentasof/hrcrm.testpentas.in/agent/application/vendor/laravel/framework/src/Illuminate/Routing/Router.php(720): Illuminate\\Routing\\Router->prepareResponse(Object(Illuminate\\Http\\Request), Object(Illuminate\\View\\View))
#15 /home/pentasof/hrcrm.testpentas.in/agent/application/vendor/laravel/framework/src/Illuminate/Pipeline/Pipeline.php(128): Illuminate\\Routing\\Router->Illuminate\\Routing\\{closure}(Object(Illuminate\\Http\\Request))
#16 /home/pentasof/hrcrm.testpentas.in/agent/application/app/Http/Middleware/Modules/Menus.php(34): Illuminate\\Pipeline\\Pipeline->Illuminate\\Pipeline\\{closure}(Object(Illuminate\\Http\\Request))
#17 /home/pentasof/hrcrm.testpentas.in/agent/application/vendor/laravel/framework/src/Illuminate/Pipeline/Pipeline.php(167): App\\Http\\Middleware\\Modules\\Menus->handle(Object(Illuminate\\Http\\Request), Object(Closure))
#18 /home/pentasof/hrcrm.testpentas.in/agent/application/app/Http/Middleware/Modules/Visibility.php(55): Illuminate\\Pipeline\\Pipeline->Illuminate\\Pipeline\\{closure}(Object(Illuminate\\Http\\Request))
#19 /home/pentasof/hrcrm.testpentas.in/agent/application/vendor/laravel/framework/src/Illuminate/Pipeline/Pipeline.php(167): App\\Http\\Middleware\\Modules\\Visibility->handle(Object(Illuminate\\Http\\Request), Object(Closure))
#20 /home/pentasof/hrcrm.testpentas.in/agent/application/app/Http/Middleware/Modules/Status.php(59): Illuminate\\Pipeline\\Pipeline->Illuminate\\Pipeline\\{closure}(Object(Illuminate\\Http\\Request))
#21 /home/pentasof/hrcrm.testpentas.in/agent/application/vendor/laravel/framework/src/Illuminate/Pipeline/Pipeline.php(167): App\\Http\\Middleware\\Modules\\Status->handle(Object(Illuminate\\Http\\Request), Object(Closure))
#22 /home/pentasof/hrcrm.testpentas.in/agent/application/app/Http/Middleware/General/General.php(103): Illuminate\\Pipeline\\Pipeline->Illuminate\\Pipeline\\{closure}(Object(Illuminate\\Http\\Request))
#23 /home/pentasof/hrcrm.testpentas.in/agent/application/vendor/laravel/framework/src/Illuminate/Pipeline/Pipeline.php(167): App\\Http\\Middleware\\General\\General->handle(Object(Illuminate\\Http\\Request), Object(Closure))
#24 /home/pentasof/hrcrm.testpentas.in/agent/application/app/Http/Middleware/General/SanityCheck.php(45): Illuminate\\Pipeline\\Pipeline->Illuminate\\Pipeline\\{closure}(Object(Illuminate\\Http\\Request))
#25 /home/pentasof/hrcrm.testpentas.in/agent/application/vendor/laravel/framework/src/Illuminate/Pipeline/Pipeline.php(167): App\\Http\\Middleware\\General\\SanityCheck->handle(Object(Illuminate\\Http\\Request), Object(Closure))
#26 /home/pentasof/hrcrm.testpentas.in/agent/application/app/Http/Middleware/General/Settings.php(47): Illuminate\\Pipeline\\Pipeline->Illuminate\\Pipeline\\{closure}(Object(Illuminate\\Http\\Request))
#27 /home/pentasof/hrcrm.testpentas.in/agent/application/vendor/laravel/framework/src/Illuminate/Pipeline/Pipeline.php(167): App\\Http\\Middleware\\General\\Settings->handle(Object(Illuminate\\Http\\Request), Object(Closure))
#28 /home/pentasof/hrcrm.testpentas.in/agent/application/vendor/laravel/framework/src/Illuminate/Routing/Middleware/SubstituteBindings.php(50): Illuminate\\Pipeline\\Pipeline->Illuminate\\Pipeline\\{closure}(Object(Illuminate\\Http\\Request))
#29 /home/pentasof/hrcrm.testpentas.in/agent/application/vendor/laravel/framework/src/Illuminate/Pipeline/Pipeline.php(167): Illuminate\\Routing\\Middleware\\SubstituteBindings->handle(Object(Illuminate\\Http\\Request), Object(Closure))
#30 /home/pentasof/hrcrm.testpentas.in/agent/application/vendor/laravel/framework/src/Illuminate/Foundation/Http/Middleware/VerifyCsrfToken.php(78): Illuminate\\Pipeline\\Pipeline->Illuminate\\Pipeline\\{closure}(Object(Illuminate\\Http\\Request))
#31 /home/pentasof/hrcrm.testpentas.in/agent/application/vendor/laravel/framework/src/Illuminate/Pipeline/Pipeline.php(167): Illuminate\\Foundation\\Http\\Middleware\\VerifyCsrfToken->handle(Object(Illuminate\\Http\\Request), Object(Closure))
#32 /home/pentasof/hrcrm.testpentas.in/agent/application/vendor/laravel/framework/src/Illuminate/View/Middleware/ShareErrorsFromSession.php(49): Illuminate\\Pipeline\\Pipeline->Illuminate\\Pipeline\\{closure}(Object(Illuminate\\Http\\Request))
#33 /home/pentasof/hrcrm.testpentas.in/agent/application/vendor/laravel/framework/src/Illuminate/Pipeline/Pipeline.php(167): Illuminate\\View\\Middleware\\ShareErrorsFromSession->handle(Object(Illuminate\\Http\\Request), Object(Closure))
#34 /home/pentasof/hrcrm.testpentas.in/agent/application/vendor/laravel/framework/src/Illuminate/Session/Middleware/StartSession.php(121): Illuminate\\Pipeline\\Pipeline->Illuminate\\Pipeline\\{closure}(Object(Illuminate\\Http\\Request))
#35 /home/pentasof/hrcrm.testpentas.in/agent/application/vendor/laravel/framework/src/Illuminate/Session/Middleware/StartSession.php(64): Illuminate\\Session\\Middleware\\StartSession->handleStatefulRequest(Object(Illuminate\\Http\\Request), Object(Illuminate\\Session\\Store), Object(Closure))
#36 /home/pentasof/hrcrm.testpentas.in/agent/application/vendor/laravel/framework/src/Illuminate/Pipeline/Pipeline.php(167): Illuminate\\Session\\Middleware\\StartSession->handle(Object(Illuminate\\Http\\Request), Object(Closure))
#37 /home/pentasof/hrcrm.testpentas.in/agent/application/vendor/laravel/framework/src/Illuminate/Cookie/Middleware/AddQueuedCookiesToResponse.php(37): Illuminate\\Pipeline\\Pipeline->Illuminate\\Pipeline\\{closure}(Object(Illuminate\\Http\\Request))
#38 /home/pentasof/hrcrm.testpentas.in/agent/application/vendor/laravel/framework/src/Illuminate/Pipeline/Pipeline.php(167): Illuminate\\Cookie\\Middleware\\AddQueuedCookiesToResponse->handle(Object(Illuminate\\Http\\Request), Object(Closure))
#39 /home/pentasof/hrcrm.testpentas.in/agent/application/vendor/laravel/framework/src/Illuminate/Cookie/Middleware/EncryptCookies.php(67): Illuminate\\Pipeline\\Pipeline->Illuminate\\Pipeline\\{closure}(Object(Illuminate\\Http\\Request))
#40 /home/pentasof/hrcrm.testpentas.in/agent/application/vendor/laravel/framework/src/Illuminate/Pipeline/Pipeline.php(167): Illuminate\\Cookie\\Middleware\\EncryptCookies->handle(Object(Illuminate\\Http\\Request), Object(Closure))
#41 /home/pentasof/hrcrm.testpentas.in/agent/application/app/Http/Middleware/General/Setup.php(37): Illuminate\\Pipeline\\Pipeline->Illuminate\\Pipeline\\{closure}(Object(Illuminate\\Http\\Request))
#42 /home/pentasof/hrcrm.testpentas.in/agent/application/vendor/laravel/framework/src/Illuminate/Pipeline/Pipeline.php(167): App\\Http\\Middleware\\General\\Setup->handle(Object(Illuminate\\Http\\Request), Object(Closure))
#43 /home/pentasof/hrcrm.testpentas.in/agent/application/vendor/laravel/framework/src/Illuminate/Pipeline/Pipeline.php(103): Illuminate\\Pipeline\\Pipeline->Illuminate\\Pipeline\\{closure}(Object(Illuminate\\Http\\Request))
#44 /home/pentasof/hrcrm.testpentas.in/agent/application/vendor/laravel/framework/src/Illuminate/Routing/Router.php(719): Illuminate\\Pipeline\\Pipeline->then(Object(Closure))
#45 /home/pentasof/hrcrm.testpentas.in/agent/application/vendor/laravel/framework/src/Illuminate/Routing/Router.php(698): Illuminate\\Routing\\Router->runRouteWithinStack(Object(Illuminate\\Routing\\Route), Object(Illuminate\\Http\\Request))
#46 /home/pentasof/hrcrm.testpentas.in/agent/application/vendor/laravel/framework/src/Illuminate/Routing/Router.php(662): Illuminate\\Routing\\Router->runRoute(Object(Illuminate\\Http\\Request), Object(Illuminate\\Routing\\Route))
#47 /home/pentasof/hrcrm.testpentas.in/agent/application/vendor/laravel/framework/src/Illuminate/Routing/Router.php(651): Illuminate\\Routing\\Router->dispatchToRoute(Object(Illuminate\\Http\\Request))
#48 /home/pentasof/hrcrm.testpentas.in/agent/application/vendor/laravel/framework/src/Illuminate/Foundation/Http/Kernel.php(167): Illuminate\\Routing\\Router->dispatch(Object(Illuminate\\Http\\Request))
#49 /home/pentasof/hrcrm.testpentas.in/agent/application/vendor/laravel/framework/src/Illuminate/Pipeline/Pipeline.php(128): Illuminate\\Foundation\\Http\\Kernel->Illuminate\\Foundation\\Http\\{closure}(Object(Illuminate\\Http\\Request))
#50 /home/pentasof/hrcrm.testpentas.in/agent/application/vendor/barryvdh/laravel-debugbar/src/Middleware/InjectDebugbar.php(59): Illuminate\\Pipeline\\Pipeline->Illuminate\\Pipeline\\{closure}(Object(Illuminate\\Http\\Request))
#51 /home/pentasof/hrcrm.testpentas.in/agent/application/vendor/laravel/framework/src/Illuminate/Pipeline/Pipeline.php(167): Barryvdh\\Debugbar\\Middleware\\InjectDebugbar->handle(Object(Illuminate\\Http\\Request), Object(Closure))
#52 /home/pentasof/hrcrm.testpentas.in/agent/application/vendor/fideloper/proxy/src/TrustProxies.php(57): Illuminate\\Pipeline\\Pipeline->Illuminate\\Pipeline\\{closure}(Object(Illuminate\\Http\\Request))
#53 /home/pentasof/hrcrm.testpentas.in/agent/application/vendor/laravel/framework/src/Illuminate/Pipeline/Pipeline.php(167): Fideloper\\Proxy\\TrustProxies->handle(Object(Illuminate\\Http\\Request), Object(Closure))
#54 /home/pentasof/hrcrm.testpentas.in/agent/application/vendor/laravel/framework/src/Illuminate/Foundation/Http/Middleware/TransformsRequest.php(21): Illuminate\\Pipeline\\Pipeline->Illuminate\\Pipeline\\{closure}(Object(Illuminate\\Http\\Request))
#55 /home/pentasof/hrcrm.testpentas.in/agent/application/vendor/laravel/framework/src/Illuminate/Foundation/Http/Middleware/ConvertEmptyStringsToNull.php(31): Illuminate\\Foundation\\Http\\Middleware\\TransformsRequest->handle(Object(Illuminate\\Http\\Request), Object(Closure))
#56 /home/pentasof/hrcrm.testpentas.in/agent/application/vendor/laravel/framework/src/Illuminate/Pipeline/Pipeline.php(167): Illuminate\\Foundation\\Http\\Middleware\\ConvertEmptyStringsToNull->handle(Object(Illuminate\\Http\\Request), Object(Closure))
#57 /home/pentasof/hrcrm.testpentas.in/agent/application/vendor/laravel/framework/src/Illuminate/Foundation/Http/Middleware/TransformsRequest.php(21): Illuminate\\Pipeline\\Pipeline->Illuminate\\Pipeline\\{closure}(Object(Illuminate\\Http\\Request))
#58 /home/pentasof/hrcrm.testpentas.in/agent/application/vendor/laravel/framework/src/Illuminate/Foundation/Http/Middleware/TrimStrings.php(40): Illuminate\\Foundation\\Http\\Middleware\\TransformsRequest->handle(Object(Illuminate\\Http\\Request), Object(Closure))
#59 /home/pentasof/hrcrm.testpentas.in/agent/application/vendor/laravel/framework/src/Illuminate/Pipeline/Pipeline.php(167): Illuminate\\Foundation\\Http\\Middleware\\TrimStrings->handle(Object(Illuminate\\Http\\Request), Object(Closure))
#60 /home/pentasof/hrcrm.testpentas.in/agent/application/vendor/laravel/framework/src/Illuminate/Foundation/Http/Middleware/ValidatePostSize.php(27): Illuminate\\Pipeline\\Pipeline->Illuminate\\Pipeline\\{closure}(Object(Illuminate\\Http\\Request))
#61 /home/pentasof/hrcrm.testpentas.in/agent/application/vendor/laravel/framework/src/Illuminate/Pipeline/Pipeline.php(167): Illuminate\\Foundation\\Http\\Middleware\\ValidatePostSize->handle(Object(Illuminate\\Http\\Request), Object(Closure))
#62 /home/pentasof/hrcrm.testpentas.in/agent/application/vendor/laravel/framework/src/Illuminate/Foundation/Http/Middleware/PreventRequestsDuringMaintenance.php(86): Illuminate\\Pipeline\\Pipeline->Illuminate\\Pipeline\\{closure}(Object(Illuminate\\Http\\Request))
#63 /home/pentasof/hrcrm.testpentas.in/agent/application/vendor/laravel/framework/src/Illuminate/Pipeline/Pipeline.php(167): Illuminate\\Foundation\\Http\\Middleware\\PreventRequestsDuringMaintenance->handle(Object(Illuminate\\Http\\Request), Object(Closure))
#64 /home/pentasof/hrcrm.testpentas.in/agent/application/vendor/laravel/framework/src/Illuminate/Pipeline/Pipeline.php(103): Illuminate\\Pipeline\\Pipeline->Illuminate\\Pipeline\\{closure}(Object(Illuminate\\Http\\Request))
#65 /home/pentasof/hrcrm.testpentas.in/agent/application/vendor/laravel/framework/src/Illuminate/Foundation/Http/Kernel.php(142): Illuminate\\Pipeline\\Pipeline->then(Object(Closure))
#66 /home/pentasof/hrcrm.testpentas.in/agent/application/vendor/laravel/framework/src/Illuminate/Foundation/Http/Kernel.php(111): Illuminate\\Foundation\\Http\\Kernel->sendRequestThroughRouter(Object(Illuminate\\Http\\Request))
#67 /home/pentasof/hrcrm.testpentas.in/agent/index.php(91): Illuminate\\Foundation\\Http\\Kernel->handle(Object(Illuminate\\Http\\Request))
#68 {main}
"} 
[2024-07-05 13:38:30] production.ERROR: SQLSTATE[HY000] [1045] Access denied for user 'pentasof_cm'@'localhost' (using password: YES) (SQL: select * from `settings` left join `settings2` on `settings2`.`settings2_id` = `settings`.`settings_id` where `settings_id` = 1 limit 1) {"exception":"[object] (Illuminate\\Database\\QueryException(code: 1045): SQLSTATE[HY000] [1045] Access denied for user 'pentasof_cm'@'localhost' (using password: YES) (SQL: select * from `settings` left join `settings2` on `settings2`.`settings2_id` = `settings`.`settings_id` where `settings_id` = 1 limit 1) at /home/pentasof/hrcrm.testpentas.in/agent/application/vendor/laravel/framework/src/Illuminate/Database/Connection.php:712)
[stacktrace]
#0 /home/pentasof/hrcrm.testpentas.in/agent/application/vendor/laravel/framework/src/Illuminate/Database/Connection.php(672): Illuminate\\Database\\Connection->runQueryCallback('select * from `...', Array, Object(Closure))
#1 /home/pentasof/hrcrm.testpentas.in/agent/application/vendor/laravel/framework/src/Illuminate/Database/Connection.php(359): Illuminate\\Database\\Connection->run('select * from `...', Array, Object(Closure))
#2 /home/pentasof/hrcrm.testpentas.in/agent/application/vendor/laravel/framework/src/Illuminate/Database/Query/Builder.php(2413): Illuminate\\Database\\Connection->select('select * from `...', Array, true)
#3 /home/pentasof/hrcrm.testpentas.in/agent/application/vendor/laravel/framework/src/Illuminate/Database/Query/Builder.php(2402): Illuminate\\Database\\Query\\Builder->runSelect()
#4 /home/pentasof/hrcrm.testpentas.in/agent/application/vendor/laravel/framework/src/Illuminate/Database/Query/Builder.php(2936): Illuminate\\Database\\Query\\Builder->Illuminate\\Database\\Query\\{closure}()
#5 /home/pentasof/hrcrm.testpentas.in/agent/application/vendor/laravel/framework/src/Illuminate/Database/Query/Builder.php(2401): Illuminate\\Database\\Query\\Builder->onceWithColumns(Array, Object(Closure))
#6 /home/pentasof/hrcrm.testpentas.in/agent/application/vendor/laravel/framework/src/Illuminate/Database/Eloquent/Builder.php(625): Illuminate\\Database\\Query\\Builder->get(Array)
#7 /home/pentasof/hrcrm.testpentas.in/agent/application/vendor/laravel/framework/src/Illuminate/Database/Eloquent/Builder.php(609): Illuminate\\Database\\Eloquent\\Builder->getModels(Array)
#8 /home/pentasof/hrcrm.testpentas.in/agent/application/vendor/laravel/framework/src/Illuminate/Database/Concerns/BuildsQueries.php(294): Illuminate\\Database\\Eloquent\\Builder->get(Array)
#9 /home/pentasof/hrcrm.testpentas.in/agent/application/app/Providers/ConfigSystemServiceProvider.php(30): Illuminate\\Database\\Eloquent\\Builder->first()
#10 /home/pentasof/hrcrm.testpentas.in/agent/application/vendor/laravel/framework/src/Illuminate/Container/BoundMethod.php(36): App\\Providers\\ConfigSystemServiceProvider->boot()
#11 /home/pentasof/hrcrm.testpentas.in/agent/application/vendor/laravel/framework/src/Illuminate/Container/Util.php(40): Illuminate\\Container\\BoundMethod::Illuminate\\Container\\{closure}()
#12 /home/pentasof/hrcrm.testpentas.in/agent/application/vendor/laravel/framework/src/Illuminate/Container/BoundMethod.php(93): Illuminate\\Container\\Util::unwrapIfClosure(Object(Closure))
#13 /home/pentasof/hrcrm.testpentas.in/agent/application/vendor/laravel/framework/src/Illuminate/Container/BoundMethod.php(35): Illuminate\\Container\\BoundMethod::callBoundMethod(Object(Illuminate\\Foundation\\Application), Array, Object(Closure))
#14 /home/pentasof/hrcrm.testpentas.in/agent/application/vendor/laravel/framework/src/Illuminate/Container/Container.php(653): Illuminate\\Container\\BoundMethod::call(Object(Illuminate\\Foundation\\Application), Array, Array, NULL)
#15 /home/pentasof/hrcrm.testpentas.in/agent/application/vendor/laravel/framework/src/Illuminate/Foundation/Application.php(924): Illuminate\\Container\\Container->call(Array)
#16 /home/pentasof/hrcrm.testpentas.in/agent/application/vendor/laravel/framework/src/Illuminate/Foundation/Application.php(905): Illuminate\\Foundation\\Application->bootProvider(Object(App\\Providers\\ConfigSystemServiceProvider))
#17 [internal function]: Illuminate\\Foundation\\Application->Illuminate\\Foundation\\{closure}(Object(App\\Providers\\ConfigSystemServiceProvider), 32)
#18 /home/pentasof/hrcrm.testpentas.in/agent/application/vendor/laravel/framework/src/Illuminate/Foundation/Application.php(904): array_walk(Array, Object(Closure))
#19 /home/pentasof/hrcrm.testpentas.in/agent/application/vendor/laravel/framework/src/Illuminate/Foundation/Bootstrap/BootProviders.php(17): Illuminate\\Foundation\\Application->boot()
#20 /home/pentasof/hrcrm.testpentas.in/agent/application/vendor/laravel/framework/src/Illuminate/Foundation/Application.php(237): Illuminate\\Foundation\\Bootstrap\\BootProviders->bootstrap(Object(Illuminate\\Foundation\\Application))
#21 /home/pentasof/hrcrm.testpentas.in/agent/application/vendor/laravel/framework/src/Illuminate/Foundation/Http/Kernel.php(153): Illuminate\\Foundation\\Application->bootstrapWith(Array)
#22 /home/pentasof/hrcrm.testpentas.in/agent/application/vendor/laravel/framework/src/Illuminate/Foundation/Http/Kernel.php(137): Illuminate\\Foundation\\Http\\Kernel->bootstrap()
#23 /home/pentasof/hrcrm.testpentas.in/agent/application/vendor/laravel/framework/src/Illuminate/Foundation/Http/Kernel.php(111): Illuminate\\Foundation\\Http\\Kernel->sendRequestThroughRouter(Object(Illuminate\\Http\\Request))
#24 /home/pentasof/hrcrm.testpentas.in/agent/index.php(91): Illuminate\\Foundation\\Http\\Kernel->handle(Object(Illuminate\\Http\\Request))
#25 {main}

[previous exception] [object] (PDOException(code: 1045): SQLSTATE[HY000] [1045] Access denied for user 'pentasof_cm'@'localhost' (using password: YES) at /home/pentasof/hrcrm.testpentas.in/agent/application/vendor/laravel/framework/src/Illuminate/Database/Connectors/Connector.php:70)
[stacktrace]
#0 /home/pentasof/hrcrm.testpentas.in/agent/application/vendor/laravel/framework/src/Illuminate/Database/Connectors/Connector.php(70): PDO->__construct('mysql:host=loca...', 'pentasof_cm', Object(SensitiveParameterValue), Array)
#1 /home/pentasof/hrcrm.testpentas.in/agent/application/vendor/laravel/framework/src/Illuminate/Database/Connectors/Connector.php(45): Illuminate\\Database\\Connectors\\Connector->createPdoConnection('mysql:host=loca...', 'pentasof_cm', 'pentasof_crm', Array)
#2 /home/pentasof/hrcrm.testpentas.in/agent/application/vendor/laravel/framework/src/Illuminate/Database/Connectors/MySqlConnector.php(24): Illuminate\\Database\\Connectors\\Connector->createConnection('mysql:host=loca...', Array, Array)
#3 /home/pentasof/hrcrm.testpentas.in/agent/application/vendor/laravel/framework/src/Illuminate/Database/Connectors/ConnectionFactory.php(184): Illuminate\\Database\\Connectors\\MySqlConnector->connect(Array)
#4 [internal function]: Illuminate\\Database\\Connectors\\ConnectionFactory->Illuminate\\Database\\Connectors\\{closure}()
#5 /home/pentasof/hrcrm.testpentas.in/agent/application/vendor/laravel/framework/src/Illuminate/Database/Connection.php(1064): call_user_func(Object(Closure))
#6 /home/pentasof/hrcrm.testpentas.in/agent/application/vendor/laravel/framework/src/Illuminate/Database/Connection.php(1100): Illuminate\\Database\\Connection->getPdo()
#7 /home/pentasof/hrcrm.testpentas.in/agent/application/vendor/laravel/framework/src/Illuminate/Database/Connection.php(442): Illuminate\\Database\\Connection->getReadPdo()
#8 /home/pentasof/hrcrm.testpentas.in/agent/application/vendor/laravel/framework/src/Illuminate/Database/Connection.php(368): Illuminate\\Database\\Connection->getPdoForSelect(true)
#9 /home/pentasof/hrcrm.testpentas.in/agent/application/vendor/laravel/framework/src/Illuminate/Database/Connection.php(705): Illuminate\\Database\\Connection->Illuminate\\Database\\{closure}('select * from `...', Array)
#10 /home/pentasof/hrcrm.testpentas.in/agent/application/vendor/laravel/framework/src/Illuminate/Database/Connection.php(672): Illuminate\\Database\\Connection->runQueryCallback('select * from `...', Array, Object(Closure))
#11 /home/pentasof/hrcrm.testpentas.in/agent/application/vendor/laravel/framework/src/Illuminate/Database/Connection.php(359): Illuminate\\Database\\Connection->run('select * from `...', Array, Object(Closure))
#12 /home/pentasof/hrcrm.testpentas.in/agent/application/vendor/laravel/framework/src/Illuminate/Database/Query/Builder.php(2413): Illuminate\\Database\\Connection->select('select * from `...', Array, true)
#13 /home/pentasof/hrcrm.testpentas.in/agent/application/vendor/laravel/framework/src/Illuminate/Database/Query/Builder.php(2402): Illuminate\\Database\\Query\\Builder->runSelect()
#14 /home/pentasof/hrcrm.testpentas.in/agent/application/vendor/laravel/framework/src/Illuminate/Database/Query/Builder.php(2936): Illuminate\\Database\\Query\\Builder->Illuminate\\Database\\Query\\{closure}()
#15 /home/pentasof/hrcrm.testpentas.in/agent/application/vendor/laravel/framework/src/Illuminate/Database/Query/Builder.php(2401): Illuminate\\Database\\Query\\Builder->onceWithColumns(Array, Object(Closure))
#16 /home/pentasof/hrcrm.testpentas.in/agent/application/vendor/laravel/framework/src/Illuminate/Database/Eloquent/Builder.php(625): Illuminate\\Database\\Query\\Builder->get(Array)
#17 /home/pentasof/hrcrm.testpentas.in/agent/application/vendor/laravel/framework/src/Illuminate/Database/Eloquent/Builder.php(609): Illuminate\\Database\\Eloquent\\Builder->getModels(Array)
#18 /home/pentasof/hrcrm.testpentas.in/agent/application/vendor/laravel/framework/src/Illuminate/Database/Concerns/BuildsQueries.php(294): Illuminate\\Database\\Eloquent\\Builder->get(Array)
#19 /home/pentasof/hrcrm.testpentas.in/agent/application/app/Providers/ConfigSystemServiceProvider.php(30): Illuminate\\Database\\Eloquent\\Builder->first()
#20 /home/pentasof/hrcrm.testpentas.in/agent/application/vendor/laravel/framework/src/Illuminate/Container/BoundMethod.php(36): App\\Providers\\ConfigSystemServiceProvider->boot()
#21 /home/pentasof/hrcrm.testpentas.in/agent/application/vendor/laravel/framework/src/Illuminate/Container/Util.php(40): Illuminate\\Container\\BoundMethod::Illuminate\\Container\\{closure}()
#22 /home/pentasof/hrcrm.testpentas.in/agent/application/vendor/laravel/framework/src/Illuminate/Container/BoundMethod.php(93): Illuminate\\Container\\Util::unwrapIfClosure(Object(Closure))
#23 /home/pentasof/hrcrm.testpentas.in/agent/application/vendor/laravel/framework/src/Illuminate/Container/BoundMethod.php(35): Illuminate\\Container\\BoundMethod::callBoundMethod(Object(Illuminate\\Foundation\\Application), Array, Object(Closure))
#24 /home/pentasof/hrcrm.testpentas.in/agent/application/vendor/laravel/framework/src/Illuminate/Container/Container.php(653): Illuminate\\Container\\BoundMethod::call(Object(Illuminate\\Foundation\\Application), Array, Array, NULL)
#25 /home/pentasof/hrcrm.testpentas.in/agent/application/vendor/laravel/framework/src/Illuminate/Foundation/Application.php(924): Illuminate\\Container\\Container->call(Array)
#26 /home/pentasof/hrcrm.testpentas.in/agent/application/vendor/laravel/framework/src/Illuminate/Foundation/Application.php(905): Illuminate\\Foundation\\Application->bootProvider(Object(App\\Providers\\ConfigSystemServiceProvider))
#27 [internal function]: Illuminate\\Foundation\\Application->Illuminate\\Foundation\\{closure}(Object(App\\Providers\\ConfigSystemServiceProvider), 32)
#28 /home/pentasof/hrcrm.testpentas.in/agent/application/vendor/laravel/framework/src/Illuminate/Foundation/Application.php(904): array_walk(Array, Object(Closure))
#29 /home/pentasof/hrcrm.testpentas.in/agent/application/vendor/laravel/framework/src/Illuminate/Foundation/Bootstrap/BootProviders.php(17): Illuminate\\Foundation\\Application->boot()
#30 /home/pentasof/hrcrm.testpentas.in/agent/application/vendor/laravel/framework/src/Illuminate/Foundation/Application.php(237): Illuminate\\Foundation\\Bootstrap\\BootProviders->bootstrap(Object(Illuminate\\Foundation\\Application))
#31 /home/pentasof/hrcrm.testpentas.in/agent/application/vendor/laravel/framework/src/Illuminate/Foundation/Http/Kernel.php(153): Illuminate\\Foundation\\Application->bootstrapWith(Array)
#32 /home/pentasof/hrcrm.testpentas.in/agent/application/vendor/laravel/framework/src/Illuminate/Foundation/Http/Kernel.php(137): Illuminate\\Foundation\\Http\\Kernel->bootstrap()
#33 /home/pentasof/hrcrm.testpentas.in/agent/application/vendor/laravel/framework/src/Illuminate/Foundation/Http/Kernel.php(111): Illuminate\\Foundation\\Http\\Kernel->sendRequestThroughRouter(Object(Illuminate\\Http\\Request))
#34 /home/pentasof/hrcrm.testpentas.in/agent/index.php(91): Illuminate\\Foundation\\Http\\Kernel->handle(Object(Illuminate\\Http\\Request))
#35 {main}
"} 
[2024-07-05 13:38:31] production.ERROR: SQLSTATE[HY000] [1045] Access denied for user 'pentasof_cm'@'localhost' (using password: YES) (SQL: select * from `settings` left join `settings2` on `settings2`.`settings2_id` = `settings`.`settings_id` where `settings_id` = 1 limit 1) {"exception":"[object] (Illuminate\\Database\\QueryException(code: 1045): SQLSTATE[HY000] [1045] Access denied for user 'pentasof_cm'@'localhost' (using password: YES) (SQL: select * from `settings` left join `settings2` on `settings2`.`settings2_id` = `settings`.`settings_id` where `settings_id` = 1 limit 1) at /home/pentasof/hrcrm.testpentas.in/agent/application/vendor/laravel/framework/src/Illuminate/Database/Connection.php:712)
[stacktrace]
#0 /home/pentasof/hrcrm.testpentas.in/agent/application/vendor/laravel/framework/src/Illuminate/Database/Connection.php(672): Illuminate\\Database\\Connection->runQueryCallback('select * from `...', Array, Object(Closure))
#1 /home/pentasof/hrcrm.testpentas.in/agent/application/vendor/laravel/framework/src/Illuminate/Database/Connection.php(359): Illuminate\\Database\\Connection->run('select * from `...', Array, Object(Closure))
#2 /home/pentasof/hrcrm.testpentas.in/agent/application/vendor/laravel/framework/src/Illuminate/Database/Query/Builder.php(2413): Illuminate\\Database\\Connection->select('select * from `...', Array, true)
#3 /home/pentasof/hrcrm.testpentas.in/agent/application/vendor/laravel/framework/src/Illuminate/Database/Query/Builder.php(2402): Illuminate\\Database\\Query\\Builder->runSelect()
#4 /home/pentasof/hrcrm.testpentas.in/agent/application/vendor/laravel/framework/src/Illuminate/Database/Query/Builder.php(2936): Illuminate\\Database\\Query\\Builder->Illuminate\\Database\\Query\\{closure}()
#5 /home/pentasof/hrcrm.testpentas.in/agent/application/vendor/laravel/framework/src/Illuminate/Database/Query/Builder.php(2401): Illuminate\\Database\\Query\\Builder->onceWithColumns(Array, Object(Closure))
#6 /home/pentasof/hrcrm.testpentas.in/agent/application/vendor/laravel/framework/src/Illuminate/Database/Eloquent/Builder.php(625): Illuminate\\Database\\Query\\Builder->get(Array)
#7 /home/pentasof/hrcrm.testpentas.in/agent/application/vendor/laravel/framework/src/Illuminate/Database/Eloquent/Builder.php(609): Illuminate\\Database\\Eloquent\\Builder->getModels(Array)
#8 /home/pentasof/hrcrm.testpentas.in/agent/application/vendor/laravel/framework/src/Illuminate/Database/Concerns/BuildsQueries.php(294): Illuminate\\Database\\Eloquent\\Builder->get(Array)
#9 /home/pentasof/hrcrm.testpentas.in/agent/application/app/Providers/ConfigSystemServiceProvider.php(30): Illuminate\\Database\\Eloquent\\Builder->first()
#10 /home/pentasof/hrcrm.testpentas.in/agent/application/vendor/laravel/framework/src/Illuminate/Container/BoundMethod.php(36): App\\Providers\\ConfigSystemServiceProvider->boot()
#11 /home/pentasof/hrcrm.testpentas.in/agent/application/vendor/laravel/framework/src/Illuminate/Container/Util.php(40): Illuminate\\Container\\BoundMethod::Illuminate\\Container\\{closure}()
#12 /home/pentasof/hrcrm.testpentas.in/agent/application/vendor/laravel/framework/src/Illuminate/Container/BoundMethod.php(93): Illuminate\\Container\\Util::unwrapIfClosure(Object(Closure))
#13 /home/pentasof/hrcrm.testpentas.in/agent/application/vendor/laravel/framework/src/Illuminate/Container/BoundMethod.php(35): Illuminate\\Container\\BoundMethod::callBoundMethod(Object(Illuminate\\Foundation\\Application), Array, Object(Closure))
#14 /home/pentasof/hrcrm.testpentas.in/agent/application/vendor/laravel/framework/src/Illuminate/Container/Container.php(653): Illuminate\\Container\\BoundMethod::call(Object(Illuminate\\Foundation\\Application), Array, Array, NULL)
#15 /home/pentasof/hrcrm.testpentas.in/agent/application/vendor/laravel/framework/src/Illuminate/Foundation/Application.php(924): Illuminate\\Container\\Container->call(Array)
#16 /home/pentasof/hrcrm.testpentas.in/agent/application/vendor/laravel/framework/src/Illuminate/Foundation/Application.php(905): Illuminate\\Foundation\\Application->bootProvider(Object(App\\Providers\\ConfigSystemServiceProvider))
#17 [internal function]: Illuminate\\Foundation\\Application->Illuminate\\Foundation\\{closure}(Object(App\\Providers\\ConfigSystemServiceProvider), 32)
#18 /home/pentasof/hrcrm.testpentas.in/agent/application/vendor/laravel/framework/src/Illuminate/Foundation/Application.php(904): array_walk(Array, Object(Closure))
#19 /home/pentasof/hrcrm.testpentas.in/agent/application/vendor/laravel/framework/src/Illuminate/Foundation/Bootstrap/BootProviders.php(17): Illuminate\\Foundation\\Application->boot()
#20 /home/pentasof/hrcrm.testpentas.in/agent/application/vendor/laravel/framework/src/Illuminate/Foundation/Application.php(237): Illuminate\\Foundation\\Bootstrap\\BootProviders->bootstrap(Object(Illuminate\\Foundation\\Application))
#21 /home/pentasof/hrcrm.testpentas.in/agent/application/vendor/laravel/framework/src/Illuminate/Foundation/Http/Kernel.php(153): Illuminate\\Foundation\\Application->bootstrapWith(Array)
#22 /home/pentasof/hrcrm.testpentas.in/agent/application/vendor/laravel/framework/src/Illuminate/Foundation/Http/Kernel.php(137): Illuminate\\Foundation\\Http\\Kernel->bootstrap()
#23 /home/pentasof/hrcrm.testpentas.in/agent/application/vendor/laravel/framework/src/Illuminate/Foundation/Http/Kernel.php(111): Illuminate\\Foundation\\Http\\Kernel->sendRequestThroughRouter(Object(Illuminate\\Http\\Request))
#24 /home/pentasof/hrcrm.testpentas.in/agent/index.php(91): Illuminate\\Foundation\\Http\\Kernel->handle(Object(Illuminate\\Http\\Request))
#25 {main}

[previous exception] [object] (PDOException(code: 1045): SQLSTATE[HY000] [1045] Access denied for user 'pentasof_cm'@'localhost' (using password: YES) at /home/pentasof/hrcrm.testpentas.in/agent/application/vendor/laravel/framework/src/Illuminate/Database/Connectors/Connector.php:70)
[stacktrace]
#0 /home/pentasof/hrcrm.testpentas.in/agent/application/vendor/laravel/framework/src/Illuminate/Database/Connectors/Connector.php(70): PDO->__construct('mysql:host=loca...', 'pentasof_cm', Object(SensitiveParameterValue), Array)
#1 /home/pentasof/hrcrm.testpentas.in/agent/application/vendor/laravel/framework/src/Illuminate/Database/Connectors/Connector.php(45): Illuminate\\Database\\Connectors\\Connector->createPdoConnection('mysql:host=loca...', 'pentasof_cm', 'pentasof_crm', Array)
#2 /home/pentasof/hrcrm.testpentas.in/agent/application/vendor/laravel/framework/src/Illuminate/Database/Connectors/MySqlConnector.php(24): Illuminate\\Database\\Connectors\\Connector->createConnection('mysql:host=loca...', Array, Array)
#3 /home/pentasof/hrcrm.testpentas.in/agent/application/vendor/laravel/framework/src/Illuminate/Database/Connectors/ConnectionFactory.php(184): Illuminate\\Database\\Connectors\\MySqlConnector->connect(Array)
#4 [internal function]: Illuminate\\Database\\Connectors\\ConnectionFactory->Illuminate\\Database\\Connectors\\{closure}()
#5 /home/pentasof/hrcrm.testpentas.in/agent/application/vendor/laravel/framework/src/Illuminate/Database/Connection.php(1064): call_user_func(Object(Closure))
#6 /home/pentasof/hrcrm.testpentas.in/agent/application/vendor/laravel/framework/src/Illuminate/Database/Connection.php(1100): Illuminate\\Database\\Connection->getPdo()
#7 /home/pentasof/hrcrm.testpentas.in/agent/application/vendor/laravel/framework/src/Illuminate/Database/Connection.php(442): Illuminate\\Database\\Connection->getReadPdo()
#8 /home/pentasof/hrcrm.testpentas.in/agent/application/vendor/laravel/framework/src/Illuminate/Database/Connection.php(368): Illuminate\\Database\\Connection->getPdoForSelect(true)
#9 /home/pentasof/hrcrm.testpentas.in/agent/application/vendor/laravel/framework/src/Illuminate/Database/Connection.php(705): Illuminate\\Database\\Connection->Illuminate\\Database\\{closure}('select * from `...', Array)
#10 /home/pentasof/hrcrm.testpentas.in/agent/application/vendor/laravel/framework/src/Illuminate/Database/Connection.php(672): Illuminate\\Database\\Connection->runQueryCallback('select * from `...', Array, Object(Closure))
#11 /home/pentasof/hrcrm.testpentas.in/agent/application/vendor/laravel/framework/src/Illuminate/Database/Connection.php(359): Illuminate\\Database\\Connection->run('select * from `...', Array, Object(Closure))
#12 /home/pentasof/hrcrm.testpentas.in/agent/application/vendor/laravel/framework/src/Illuminate/Database/Query/Builder.php(2413): Illuminate\\Database\\Connection->select('select * from `...', Array, true)
#13 /home/pentasof/hrcrm.testpentas.in/agent/application/vendor/laravel/framework/src/Illuminate/Database/Query/Builder.php(2402): Illuminate\\Database\\Query\\Builder->runSelect()
#14 /home/pentasof/hrcrm.testpentas.in/agent/application/vendor/laravel/framework/src/Illuminate/Database/Query/Builder.php(2936): Illuminate\\Database\\Query\\Builder->Illuminate\\Database\\Query\\{closure}()
#15 /home/pentasof/hrcrm.testpentas.in/agent/application/vendor/laravel/framework/src/Illuminate/Database/Query/Builder.php(2401): Illuminate\\Database\\Query\\Builder->onceWithColumns(Array, Object(Closure))
#16 /home/pentasof/hrcrm.testpentas.in/agent/application/vendor/laravel/framework/src/Illuminate/Database/Eloquent/Builder.php(625): Illuminate\\Database\\Query\\Builder->get(Array)
#17 /home/pentasof/hrcrm.testpentas.in/agent/application/vendor/laravel/framework/src/Illuminate/Database/Eloquent/Builder.php(609): Illuminate\\Database\\Eloquent\\Builder->getModels(Array)
#18 /home/pentasof/hrcrm.testpentas.in/agent/application/vendor/laravel/framework/src/Illuminate/Database/Concerns/BuildsQueries.php(294): Illuminate\\Database\\Eloquent\\Builder->get(Array)
#19 /home/pentasof/hrcrm.testpentas.in/agent/application/app/Providers/ConfigSystemServiceProvider.php(30): Illuminate\\Database\\Eloquent\\Builder->first()
#20 /home/pentasof/hrcrm.testpentas.in/agent/application/vendor/laravel/framework/src/Illuminate/Container/BoundMethod.php(36): App\\Providers\\ConfigSystemServiceProvider->boot()
#21 /home/pentasof/hrcrm.testpentas.in/agent/application/vendor/laravel/framework/src/Illuminate/Container/Util.php(40): Illuminate\\Container\\BoundMethod::Illuminate\\Container\\{closure}()
#22 /home/pentasof/hrcrm.testpentas.in/agent/application/vendor/laravel/framework/src/Illuminate/Container/BoundMethod.php(93): Illuminate\\Container\\Util::unwrapIfClosure(Object(Closure))
#23 /home/pentasof/hrcrm.testpentas.in/agent/application/vendor/laravel/framework/src/Illuminate/Container/BoundMethod.php(35): Illuminate\\Container\\BoundMethod::callBoundMethod(Object(Illuminate\\Foundation\\Application), Array, Object(Closure))
#24 /home/pentasof/hrcrm.testpentas.in/agent/application/vendor/laravel/framework/src/Illuminate/Container/Container.php(653): Illuminate\\Container\\BoundMethod::call(Object(Illuminate\\Foundation\\Application), Array, Array, NULL)
#25 /home/pentasof/hrcrm.testpentas.in/agent/application/vendor/laravel/framework/src/Illuminate/Foundation/Application.php(924): Illuminate\\Container\\Container->call(Array)
#26 /home/pentasof/hrcrm.testpentas.in/agent/application/vendor/laravel/framework/src/Illuminate/Foundation/Application.php(905): Illuminate\\Foundation\\Application->bootProvider(Object(App\\Providers\\ConfigSystemServiceProvider))
#27 [internal function]: Illuminate\\Foundation\\Application->Illuminate\\Foundation\\{closure}(Object(App\\Providers\\ConfigSystemServiceProvider), 32)
#28 /home/pentasof/hrcrm.testpentas.in/agent/application/vendor/laravel/framework/src/Illuminate/Foundation/Application.php(904): array_walk(Array, Object(Closure))
#29 /home/pentasof/hrcrm.testpentas.in/agent/application/vendor/laravel/framework/src/Illuminate/Foundation/Bootstrap/BootProviders.php(17): Illuminate\\Foundation\\Application->boot()
#30 /home/pentasof/hrcrm.testpentas.in/agent/application/vendor/laravel/framework/src/Illuminate/Foundation/Application.php(237): Illuminate\\Foundation\\Bootstrap\\BootProviders->bootstrap(Object(Illuminate\\Foundation\\Application))
#31 /home/pentasof/hrcrm.testpentas.in/agent/application/vendor/laravel/framework/src/Illuminate/Foundation/Http/Kernel.php(153): Illuminate\\Foundation\\Application->bootstrapWith(Array)
#32 /home/pentasof/hrcrm.testpentas.in/agent/application/vendor/laravel/framework/src/Illuminate/Foundation/Http/Kernel.php(137): Illuminate\\Foundation\\Http\\Kernel->bootstrap()
#33 /home/pentasof/hrcrm.testpentas.in/agent/application/vendor/laravel/framework/src/Illuminate/Foundation/Http/Kernel.php(111): Illuminate\\Foundation\\Http\\Kernel->sendRequestThroughRouter(Object(Illuminate\\Http\\Request))
#34 /home/pentasof/hrcrm.testpentas.in/agent/index.php(91): Illuminate\\Foundation\\Http\\Kernel->handle(Object(Illuminate\\Http\\Request))
#35 {main}
"} 
[2024-07-05 13:38:44] production.ERROR: SQLSTATE[HY000] [1045] Access denied for user 'pentasof_cm'@'localhost' (using password: YES) (SQL: select * from `settings` left join `settings2` on `settings2`.`settings2_id` = `settings`.`settings_id` where `settings_id` = 1 limit 1) {"exception":"[object] (Illuminate\\Database\\QueryException(code: 1045): SQLSTATE[HY000] [1045] Access denied for user 'pentasof_cm'@'localhost' (using password: YES) (SQL: select * from `settings` left join `settings2` on `settings2`.`settings2_id` = `settings`.`settings_id` where `settings_id` = 1 limit 1) at /home/pentasof/hrcrm.testpentas.in/agent/application/vendor/laravel/framework/src/Illuminate/Database/Connection.php:712)
[stacktrace]
#0 /home/pentasof/hrcrm.testpentas.in/agent/application/vendor/laravel/framework/src/Illuminate/Database/Connection.php(672): Illuminate\\Database\\Connection->runQueryCallback('select * from `...', Array, Object(Closure))
#1 /home/pentasof/hrcrm.testpentas.in/agent/application/vendor/laravel/framework/src/Illuminate/Database/Connection.php(359): Illuminate\\Database\\Connection->run('select * from `...', Array, Object(Closure))
#2 /home/pentasof/hrcrm.testpentas.in/agent/application/vendor/laravel/framework/src/Illuminate/Database/Query/Builder.php(2413): Illuminate\\Database\\Connection->select('select * from `...', Array, true)
#3 /home/pentasof/hrcrm.testpentas.in/agent/application/vendor/laravel/framework/src/Illuminate/Database/Query/Builder.php(2402): Illuminate\\Database\\Query\\Builder->runSelect()
#4 /home/pentasof/hrcrm.testpentas.in/agent/application/vendor/laravel/framework/src/Illuminate/Database/Query/Builder.php(2936): Illuminate\\Database\\Query\\Builder->Illuminate\\Database\\Query\\{closure}()
#5 /home/pentasof/hrcrm.testpentas.in/agent/application/vendor/laravel/framework/src/Illuminate/Database/Query/Builder.php(2401): Illuminate\\Database\\Query\\Builder->onceWithColumns(Array, Object(Closure))
#6 /home/pentasof/hrcrm.testpentas.in/agent/application/vendor/laravel/framework/src/Illuminate/Database/Eloquent/Builder.php(625): Illuminate\\Database\\Query\\Builder->get(Array)
#7 /home/pentasof/hrcrm.testpentas.in/agent/application/vendor/laravel/framework/src/Illuminate/Database/Eloquent/Builder.php(609): Illuminate\\Database\\Eloquent\\Builder->getModels(Array)
#8 /home/pentasof/hrcrm.testpentas.in/agent/application/vendor/laravel/framework/src/Illuminate/Database/Concerns/BuildsQueries.php(294): Illuminate\\Database\\Eloquent\\Builder->get(Array)
#9 /home/pentasof/hrcrm.testpentas.in/agent/application/app/Providers/ConfigSystemServiceProvider.php(30): Illuminate\\Database\\Eloquent\\Builder->first()
#10 /home/pentasof/hrcrm.testpentas.in/agent/application/vendor/laravel/framework/src/Illuminate/Container/BoundMethod.php(36): App\\Providers\\ConfigSystemServiceProvider->boot()
#11 /home/pentasof/hrcrm.testpentas.in/agent/application/vendor/laravel/framework/src/Illuminate/Container/Util.php(40): Illuminate\\Container\\BoundMethod::Illuminate\\Container\\{closure}()
#12 /home/pentasof/hrcrm.testpentas.in/agent/application/vendor/laravel/framework/src/Illuminate/Container/BoundMethod.php(93): Illuminate\\Container\\Util::unwrapIfClosure(Object(Closure))
#13 /home/pentasof/hrcrm.testpentas.in/agent/application/vendor/laravel/framework/src/Illuminate/Container/BoundMethod.php(35): Illuminate\\Container\\BoundMethod::callBoundMethod(Object(Illuminate\\Foundation\\Application), Array, Object(Closure))
#14 /home/pentasof/hrcrm.testpentas.in/agent/application/vendor/laravel/framework/src/Illuminate/Container/Container.php(653): Illuminate\\Container\\BoundMethod::call(Object(Illuminate\\Foundation\\Application), Array, Array, NULL)
#15 /home/pentasof/hrcrm.testpentas.in/agent/application/vendor/laravel/framework/src/Illuminate/Foundation/Application.php(924): Illuminate\\Container\\Container->call(Array)
#16 /home/pentasof/hrcrm.testpentas.in/agent/application/vendor/laravel/framework/src/Illuminate/Foundation/Application.php(905): Illuminate\\Foundation\\Application->bootProvider(Object(App\\Providers\\ConfigSystemServiceProvider))
#17 [internal function]: Illuminate\\Foundation\\Application->Illuminate\\Foundation\\{closure}(Object(App\\Providers\\ConfigSystemServiceProvider), 32)
#18 /home/pentasof/hrcrm.testpentas.in/agent/application/vendor/laravel/framework/src/Illuminate/Foundation/Application.php(904): array_walk(Array, Object(Closure))
#19 /home/pentasof/hrcrm.testpentas.in/agent/application/vendor/laravel/framework/src/Illuminate/Foundation/Bootstrap/BootProviders.php(17): Illuminate\\Foundation\\Application->boot()
#20 /home/pentasof/hrcrm.testpentas.in/agent/application/vendor/laravel/framework/src/Illuminate/Foundation/Application.php(237): Illuminate\\Foundation\\Bootstrap\\BootProviders->bootstrap(Object(Illuminate\\Foundation\\Application))
#21 /home/pentasof/hrcrm.testpentas.in/agent/application/vendor/laravel/framework/src/Illuminate/Foundation/Http/Kernel.php(153): Illuminate\\Foundation\\Application->bootstrapWith(Array)
#22 /home/pentasof/hrcrm.testpentas.in/agent/application/vendor/laravel/framework/src/Illuminate/Foundation/Http/Kernel.php(137): Illuminate\\Foundation\\Http\\Kernel->bootstrap()
#23 /home/pentasof/hrcrm.testpentas.in/agent/application/vendor/laravel/framework/src/Illuminate/Foundation/Http/Kernel.php(111): Illuminate\\Foundation\\Http\\Kernel->sendRequestThroughRouter(Object(Illuminate\\Http\\Request))
#24 /home/pentasof/hrcrm.testpentas.in/agent/index.php(91): Illuminate\\Foundation\\Http\\Kernel->handle(Object(Illuminate\\Http\\Request))
#25 {main}

[previous exception] [object] (PDOException(code: 1045): SQLSTATE[HY000] [1045] Access denied for user 'pentasof_cm'@'localhost' (using password: YES) at /home/pentasof/hrcrm.testpentas.in/agent/application/vendor/laravel/framework/src/Illuminate/Database/Connectors/Connector.php:70)
[stacktrace]
#0 /home/pentasof/hrcrm.testpentas.in/agent/application/vendor/laravel/framework/src/Illuminate/Database/Connectors/Connector.php(70): PDO->__construct('mysql:host=loca...', 'pentasof_cm', Object(SensitiveParameterValue), Array)
#1 /home/pentasof/hrcrm.testpentas.in/agent/application/vendor/laravel/framework/src/Illuminate/Database/Connectors/Connector.php(45): Illuminate\\Database\\Connectors\\Connector->createPdoConnection('mysql:host=loca...', 'pentasof_cm', 'pentasof_crm', Array)
#2 /home/pentasof/hrcrm.testpentas.in/agent/application/vendor/laravel/framework/src/Illuminate/Database/Connectors/MySqlConnector.php(24): Illuminate\\Database\\Connectors\\Connector->createConnection('mysql:host=loca...', Array, Array)
#3 /home/pentasof/hrcrm.testpentas.in/agent/application/vendor/laravel/framework/src/Illuminate/Database/Connectors/ConnectionFactory.php(184): Illuminate\\Database\\Connectors\\MySqlConnector->connect(Array)
#4 [internal function]: Illuminate\\Database\\Connectors\\ConnectionFactory->Illuminate\\Database\\Connectors\\{closure}()
#5 /home/pentasof/hrcrm.testpentas.in/agent/application/vendor/laravel/framework/src/Illuminate/Database/Connection.php(1064): call_user_func(Object(Closure))
#6 /home/pentasof/hrcrm.testpentas.in/agent/application/vendor/laravel/framework/src/Illuminate/Database/Connection.php(1100): Illuminate\\Database\\Connection->getPdo()
#7 /home/pentasof/hrcrm.testpentas.in/agent/application/vendor/laravel/framework/src/Illuminate/Database/Connection.php(442): Illuminate\\Database\\Connection->getReadPdo()
#8 /home/pentasof/hrcrm.testpentas.in/agent/application/vendor/laravel/framework/src/Illuminate/Database/Connection.php(368): Illuminate\\Database\\Connection->getPdoForSelect(true)
#9 /home/pentasof/hrcrm.testpentas.in/agent/application/vendor/laravel/framework/src/Illuminate/Database/Connection.php(705): Illuminate\\Database\\Connection->Illuminate\\Database\\{closure}('select * from `...', Array)
#10 /home/pentasof/hrcrm.testpentas.in/agent/application/vendor/laravel/framework/src/Illuminate/Database/Connection.php(672): Illuminate\\Database\\Connection->runQueryCallback('select * from `...', Array, Object(Closure))
#11 /home/pentasof/hrcrm.testpentas.in/agent/application/vendor/laravel/framework/src/Illuminate/Database/Connection.php(359): Illuminate\\Database\\Connection->run('select * from `...', Array, Object(Closure))
#12 /home/pentasof/hrcrm.testpentas.in/agent/application/vendor/laravel/framework/src/Illuminate/Database/Query/Builder.php(2413): Illuminate\\Database\\Connection->select('select * from `...', Array, true)
#13 /home/pentasof/hrcrm.testpentas.in/agent/application/vendor/laravel/framework/src/Illuminate/Database/Query/Builder.php(2402): Illuminate\\Database\\Query\\Builder->runSelect()
#14 /home/pentasof/hrcrm.testpentas.in/agent/application/vendor/laravel/framework/src/Illuminate/Database/Query/Builder.php(2936): Illuminate\\Database\\Query\\Builder->Illuminate\\Database\\Query\\{closure}()
#15 /home/pentasof/hrcrm.testpentas.in/agent/application/vendor/laravel/framework/src/Illuminate/Database/Query/Builder.php(2401): Illuminate\\Database\\Query\\Builder->onceWithColumns(Array, Object(Closure))
#16 /home/pentasof/hrcrm.testpentas.in/agent/application/vendor/laravel/framework/src/Illuminate/Database/Eloquent/Builder.php(625): Illuminate\\Database\\Query\\Builder->get(Array)
#17 /home/pentasof/hrcrm.testpentas.in/agent/application/vendor/laravel/framework/src/Illuminate/Database/Eloquent/Builder.php(609): Illuminate\\Database\\Eloquent\\Builder->getModels(Array)
#18 /home/pentasof/hrcrm.testpentas.in/agent/application/vendor/laravel/framework/src/Illuminate/Database/Concerns/BuildsQueries.php(294): Illuminate\\Database\\Eloquent\\Builder->get(Array)
#19 /home/pentasof/hrcrm.testpentas.in/agent/application/app/Providers/ConfigSystemServiceProvider.php(30): Illuminate\\Database\\Eloquent\\Builder->first()
#20 /home/pentasof/hrcrm.testpentas.in/agent/application/vendor/laravel/framework/src/Illuminate/Container/BoundMethod.php(36): App\\Providers\\ConfigSystemServiceProvider->boot()
#21 /home/pentasof/hrcrm.testpentas.in/agent/application/vendor/laravel/framework/src/Illuminate/Container/Util.php(40): Illuminate\\Container\\BoundMethod::Illuminate\\Container\\{closure}()
#22 /home/pentasof/hrcrm.testpentas.in/agent/application/vendor/laravel/framework/src/Illuminate/Container/BoundMethod.php(93): Illuminate\\Container\\Util::unwrapIfClosure(Object(Closure))
#23 /home/pentasof/hrcrm.testpentas.in/agent/application/vendor/laravel/framework/src/Illuminate/Container/BoundMethod.php(35): Illuminate\\Container\\BoundMethod::callBoundMethod(Object(Illuminate\\Foundation\\Application), Array, Object(Closure))
#24 /home/pentasof/hrcrm.testpentas.in/agent/application/vendor/laravel/framework/src/Illuminate/Container/Container.php(653): Illuminate\\Container\\BoundMethod::call(Object(Illuminate\\Foundation\\Application), Array, Array, NULL)
#25 /home/pentasof/hrcrm.testpentas.in/agent/application/vendor/laravel/framework/src/Illuminate/Foundation/Application.php(924): Illuminate\\Container\\Container->call(Array)
#26 /home/pentasof/hrcrm.testpentas.in/agent/application/vendor/laravel/framework/src/Illuminate/Foundation/Application.php(905): Illuminate\\Foundation\\Application->bootProvider(Object(App\\Providers\\ConfigSystemServiceProvider))
#27 [internal function]: Illuminate\\Foundation\\Application->Illuminate\\Foundation\\{closure}(Object(App\\Providers\\ConfigSystemServiceProvider), 32)
#28 /home/pentasof/hrcrm.testpentas.in/agent/application/vendor/laravel/framework/src/Illuminate/Foundation/Application.php(904): array_walk(Array, Object(Closure))
#29 /home/pentasof/hrcrm.testpentas.in/agent/application/vendor/laravel/framework/src/Illuminate/Foundation/Bootstrap/BootProviders.php(17): Illuminate\\Foundation\\Application->boot()
#30 /home/pentasof/hrcrm.testpentas.in/agent/application/vendor/laravel/framework/src/Illuminate/Foundation/Application.php(237): Illuminate\\Foundation\\Bootstrap\\BootProviders->bootstrap(Object(Illuminate\\Foundation\\Application))
#31 /home/pentasof/hrcrm.testpentas.in/agent/application/vendor/laravel/framework/src/Illuminate/Foundation/Http/Kernel.php(153): Illuminate\\Foundation\\Application->bootstrapWith(Array)
#32 /home/pentasof/hrcrm.testpentas.in/agent/application/vendor/laravel/framework/src/Illuminate/Foundation/Http/Kernel.php(137): Illuminate\\Foundation\\Http\\Kernel->bootstrap()
#33 /home/pentasof/hrcrm.testpentas.in/agent/application/vendor/laravel/framework/src/Illuminate/Foundation/Http/Kernel.php(111): Illuminate\\Foundation\\Http\\Kernel->sendRequestThroughRouter(Object(Illuminate\\Http\\Request))
#34 /home/pentasof/hrcrm.testpentas.in/agent/index.php(91): Illuminate\\Foundation\\Http\\Kernel->handle(Object(Illuminate\\Http\\Request))
#35 {main}
"} 
[2024-07-05 15:39:20] production.ERROR: SQLSTATE[42S22]: Column not found: 1054 Unknown column 'roles.role_id' in 'where clause' (SQL: select * from `roles` where `roles`.`role_id` in (2)) {"userId":3,"exception":"[object] (Illuminate\\Database\\QueryException(code: 42S22): SQLSTATE[42S22]: Column not found: 1054 Unknown column 'roles.role_id' in 'where clause' (SQL: select * from `roles` where `roles`.`role_id` in (2)) at /home/pentasof/hrcrm.testpentas.in/agent/application/vendor/laravel/framework/src/Illuminate/Database/Connection.php:712)
[stacktrace]
#0 /home/pentasof/hrcrm.testpentas.in/agent/application/vendor/laravel/framework/src/Illuminate/Database/Connection.php(672): Illuminate\\Database\\Connection->runQueryCallback('select * from `...', Array, Object(Closure))
#1 /home/pentasof/hrcrm.testpentas.in/agent/application/vendor/laravel/framework/src/Illuminate/Database/Connection.php(359): Illuminate\\Database\\Connection->run('select * from `...', Array, Object(Closure))
#2 /home/pentasof/hrcrm.testpentas.in/agent/application/vendor/laravel/framework/src/Illuminate/Database/Query/Builder.php(2413): Illuminate\\Database\\Connection->select('select * from `...', Array, true)
#3 /home/pentasof/hrcrm.testpentas.in/agent/application/vendor/laravel/framework/src/Illuminate/Database/Query/Builder.php(2402): Illuminate\\Database\\Query\\Builder->runSelect()
#4 /home/pentasof/hrcrm.testpentas.in/agent/application/vendor/laravel/framework/src/Illuminate/Database/Query/Builder.php(2936): Illuminate\\Database\\Query\\Builder->Illuminate\\Database\\Query\\{closure}()
#5 /home/pentasof/hrcrm.testpentas.in/agent/application/vendor/laravel/framework/src/Illuminate/Database/Query/Builder.php(2401): Illuminate\\Database\\Query\\Builder->onceWithColumns(Array, Object(Closure))
#6 /home/pentasof/hrcrm.testpentas.in/agent/application/vendor/laravel/framework/src/Illuminate/Database/Eloquent/Builder.php(625): Illuminate\\Database\\Query\\Builder->get(Array)
#7 /home/pentasof/hrcrm.testpentas.in/agent/application/vendor/laravel/framework/src/Illuminate/Database/Eloquent/Builder.php(609): Illuminate\\Database\\Eloquent\\Builder->getModels(Array)
#8 /home/pentasof/hrcrm.testpentas.in/agent/application/vendor/laravel/framework/src/Illuminate/Database/Eloquent/Relations/Relation.php(195): Illuminate\\Database\\Eloquent\\Builder->get(Array)
#9 /home/pentasof/hrcrm.testpentas.in/agent/application/vendor/laravel/framework/src/Illuminate/Database/Eloquent/Relations/Relation.php(160): Illuminate\\Database\\Eloquent\\Relations\\Relation->get()
#10 /home/pentasof/hrcrm.testpentas.in/agent/application/vendor/laravel/framework/src/Illuminate/Database/Eloquent/Builder.php(673): Illuminate\\Database\\Eloquent\\Relations\\Relation->getEager()
#11 /home/pentasof/hrcrm.testpentas.in/agent/application/vendor/laravel/framework/src/Illuminate/Database/Eloquent/Builder.php(642): Illuminate\\Database\\Eloquent\\Builder->eagerLoadRelation(Array, 'role', Object(Closure))
#12 /home/pentasof/hrcrm.testpentas.in/agent/application/vendor/laravel/framework/src/Illuminate/Database/Eloquent/Model.php(597): Illuminate\\Database\\Eloquent\\Builder->eagerLoadRelations(Array)
#13 /home/pentasof/hrcrm.testpentas.in/agent/application/app/Http/Middleware/General/General.php(171): Illuminate\\Database\\Eloquent\\Model->load('role')
#14 /home/pentasof/hrcrm.testpentas.in/agent/application/app/Http/Middleware/General/General.php(34): App\\Http\\Middleware\\General\\General->userRoles()
#15 /home/pentasof/hrcrm.testpentas.in/agent/application/vendor/laravel/framework/src/Illuminate/Pipeline/Pipeline.php(167): App\\Http\\Middleware\\General\\General->handle(Object(Illuminate\\Http\\Request), Object(Closure))
#16 /home/pentasof/hrcrm.testpentas.in/agent/application/app/Http/Middleware/General/SanityCheck.php(45): Illuminate\\Pipeline\\Pipeline->Illuminate\\Pipeline\\{closure}(Object(Illuminate\\Http\\Request))
#17 /home/pentasof/hrcrm.testpentas.in/agent/application/vendor/laravel/framework/src/Illuminate/Pipeline/Pipeline.php(167): App\\Http\\Middleware\\General\\SanityCheck->handle(Object(Illuminate\\Http\\Request), Object(Closure))
#18 /home/pentasof/hrcrm.testpentas.in/agent/application/app/Http/Middleware/General/Settings.php(47): Illuminate\\Pipeline\\Pipeline->Illuminate\\Pipeline\\{closure}(Object(Illuminate\\Http\\Request))
#19 /home/pentasof/hrcrm.testpentas.in/agent/application/vendor/laravel/framework/src/Illuminate/Pipeline/Pipeline.php(167): App\\Http\\Middleware\\General\\Settings->handle(Object(Illuminate\\Http\\Request), Object(Closure))
#20 /home/pentasof/hrcrm.testpentas.in/agent/application/vendor/laravel/framework/src/Illuminate/Routing/Middleware/SubstituteBindings.php(50): Illuminate\\Pipeline\\Pipeline->Illuminate\\Pipeline\\{closure}(Object(Illuminate\\Http\\Request))
#21 /home/pentasof/hrcrm.testpentas.in/agent/application/vendor/laravel/framework/src/Illuminate/Pipeline/Pipeline.php(167): Illuminate\\Routing\\Middleware\\SubstituteBindings->handle(Object(Illuminate\\Http\\Request), Object(Closure))
#22 /home/pentasof/hrcrm.testpentas.in/agent/application/vendor/laravel/framework/src/Illuminate/Auth/Middleware/Authenticate.php(44): Illuminate\\Pipeline\\Pipeline->Illuminate\\Pipeline\\{closure}(Object(Illuminate\\Http\\Request))
#23 /home/pentasof/hrcrm.testpentas.in/agent/application/vendor/laravel/framework/src/Illuminate/Pipeline/Pipeline.php(167): Illuminate\\Auth\\Middleware\\Authenticate->handle(Object(Illuminate\\Http\\Request), Object(Closure))
#24 /home/pentasof/hrcrm.testpentas.in/agent/application/vendor/laravel/framework/src/Illuminate/Foundation/Http/Middleware/VerifyCsrfToken.php(78): Illuminate\\Pipeline\\Pipeline->Illuminate\\Pipeline\\{closure}(Object(Illuminate\\Http\\Request))
#25 /home/pentasof/hrcrm.testpentas.in/agent/application/vendor/laravel/framework/src/Illuminate/Pipeline/Pipeline.php(167): Illuminate\\Foundation\\Http\\Middleware\\VerifyCsrfToken->handle(Object(Illuminate\\Http\\Request), Object(Closure))
#26 /home/pentasof/hrcrm.testpentas.in/agent/application/vendor/laravel/framework/src/Illuminate/View/Middleware/ShareErrorsFromSession.php(49): Illuminate\\Pipeline\\Pipeline->Illuminate\\Pipeline\\{closure}(Object(Illuminate\\Http\\Request))
#27 /home/pentasof/hrcrm.testpentas.in/agent/application/vendor/laravel/framework/src/Illuminate/Pipeline/Pipeline.php(167): Illuminate\\View\\Middleware\\ShareErrorsFromSession->handle(Object(Illuminate\\Http\\Request), Object(Closure))
#28 /home/pentasof/hrcrm.testpentas.in/agent/application/vendor/laravel/framework/src/Illuminate/Session/Middleware/StartSession.php(121): Illuminate\\Pipeline\\Pipeline->Illuminate\\Pipeline\\{closure}(Object(Illuminate\\Http\\Request))
#29 /home/pentasof/hrcrm.testpentas.in/agent/application/vendor/laravel/framework/src/Illuminate/Session/Middleware/StartSession.php(64): Illuminate\\Session\\Middleware\\StartSession->handleStatefulRequest(Object(Illuminate\\Http\\Request), Object(Illuminate\\Session\\Store), Object(Closure))
#30 /home/pentasof/hrcrm.testpentas.in/agent/application/vendor/laravel/framework/src/Illuminate/Pipeline/Pipeline.php(167): Illuminate\\Session\\Middleware\\StartSession->handle(Object(Illuminate\\Http\\Request), Object(Closure))
#31 /home/pentasof/hrcrm.testpentas.in/agent/application/vendor/laravel/framework/src/Illuminate/Cookie/Middleware/AddQueuedCookiesToResponse.php(37): Illuminate\\Pipeline\\Pipeline->Illuminate\\Pipeline\\{closure}(Object(Illuminate\\Http\\Request))
#32 /home/pentasof/hrcrm.testpentas.in/agent/application/vendor/laravel/framework/src/Illuminate/Pipeline/Pipeline.php(167): Illuminate\\Cookie\\Middleware\\AddQueuedCookiesToResponse->handle(Object(Illuminate\\Http\\Request), Object(Closure))
#33 /home/pentasof/hrcrm.testpentas.in/agent/application/vendor/laravel/framework/src/Illuminate/Cookie/Middleware/EncryptCookies.php(67): Illuminate\\Pipeline\\Pipeline->Illuminate\\Pipeline\\{closure}(Object(Illuminate\\Http\\Request))
#34 /home/pentasof/hrcrm.testpentas.in/agent/application/vendor/laravel/framework/src/Illuminate/Pipeline/Pipeline.php(167): Illuminate\\Cookie\\Middleware\\EncryptCookies->handle(Object(Illuminate\\Http\\Request), Object(Closure))
#35 /home/pentasof/hrcrm.testpentas.in/agent/application/app/Http/Middleware/General/Setup.php(37): Illuminate\\Pipeline\\Pipeline->Illuminate\\Pipeline\\{closure}(Object(Illuminate\\Http\\Request))
#36 /home/pentasof/hrcrm.testpentas.in/agent/application/vendor/laravel/framework/src/Illuminate/Pipeline/Pipeline.php(167): App\\Http\\Middleware\\General\\Setup->handle(Object(Illuminate\\Http\\Request), Object(Closure))
#37 /home/pentasof/hrcrm.testpentas.in/agent/application/vendor/laravel/framework/src/Illuminate/Pipeline/Pipeline.php(103): Illuminate\\Pipeline\\Pipeline->Illuminate\\Pipeline\\{closure}(Object(Illuminate\\Http\\Request))
#38 /home/pentasof/hrcrm.testpentas.in/agent/application/vendor/laravel/framework/src/Illuminate/Routing/Router.php(719): Illuminate\\Pipeline\\Pipeline->then(Object(Closure))
#39 /home/pentasof/hrcrm.testpentas.in/agent/application/vendor/laravel/framework/src/Illuminate/Routing/Router.php(698): Illuminate\\Routing\\Router->runRouteWithinStack(Object(Illuminate\\Routing\\Route), Object(Illuminate\\Http\\Request))
#40 /home/pentasof/hrcrm.testpentas.in/agent/application/vendor/laravel/framework/src/Illuminate/Routing/Router.php(662): Illuminate\\Routing\\Router->runRoute(Object(Illuminate\\Http\\Request), Object(Illuminate\\Routing\\Route))
#41 /home/pentasof/hrcrm.testpentas.in/agent/application/vendor/laravel/framework/src/Illuminate/Routing/Router.php(651): Illuminate\\Routing\\Router->dispatchToRoute(Object(Illuminate\\Http\\Request))
#42 /home/pentasof/hrcrm.testpentas.in/agent/application/vendor/laravel/framework/src/Illuminate/Foundation/Http/Kernel.php(167): Illuminate\\Routing\\Router->dispatch(Object(Illuminate\\Http\\Request))
#43 /home/pentasof/hrcrm.testpentas.in/agent/application/vendor/laravel/framework/src/Illuminate/Pipeline/Pipeline.php(128): Illuminate\\Foundation\\Http\\Kernel->Illuminate\\Foundation\\Http\\{closure}(Object(Illuminate\\Http\\Request))
#44 /home/pentasof/hrcrm.testpentas.in/agent/application/vendor/barryvdh/laravel-debugbar/src/Middleware/InjectDebugbar.php(59): Illuminate\\Pipeline\\Pipeline->Illuminate\\Pipeline\\{closure}(Object(Illuminate\\Http\\Request))
#45 /home/pentasof/hrcrm.testpentas.in/agent/application/vendor/laravel/framework/src/Illuminate/Pipeline/Pipeline.php(167): Barryvdh\\Debugbar\\Middleware\\InjectDebugbar->handle(Object(Illuminate\\Http\\Request), Object(Closure))
#46 /home/pentasof/hrcrm.testpentas.in/agent/application/vendor/fideloper/proxy/src/TrustProxies.php(57): Illuminate\\Pipeline\\Pipeline->Illuminate\\Pipeline\\{closure}(Object(Illuminate\\Http\\Request))
#47 /home/pentasof/hrcrm.testpentas.in/agent/application/vendor/laravel/framework/src/Illuminate/Pipeline/Pipeline.php(167): Fideloper\\Proxy\\TrustProxies->handle(Object(Illuminate\\Http\\Request), Object(Closure))
#48 /home/pentasof/hrcrm.testpentas.in/agent/application/vendor/laravel/framework/src/Illuminate/Foundation/Http/Middleware/TransformsRequest.php(21): Illuminate\\Pipeline\\Pipeline->Illuminate\\Pipeline\\{closure}(Object(Illuminate\\Http\\Request))
#49 /home/pentasof/hrcrm.testpentas.in/agent/application/vendor/laravel/framework/src/Illuminate/Foundation/Http/Middleware/ConvertEmptyStringsToNull.php(31): Illuminate\\Foundation\\Http\\Middleware\\TransformsRequest->handle(Object(Illuminate\\Http\\Request), Object(Closure))
#50 /home/pentasof/hrcrm.testpentas.in/agent/application/vendor/laravel/framework/src/Illuminate/Pipeline/Pipeline.php(167): Illuminate\\Foundation\\Http\\Middleware\\ConvertEmptyStringsToNull->handle(Object(Illuminate\\Http\\Request), Object(Closure))
#51 /home/pentasof/hrcrm.testpentas.in/agent/application/vendor/laravel/framework/src/Illuminate/Foundation/Http/Middleware/TransformsRequest.php(21): Illuminate\\Pipeline\\Pipeline->Illuminate\\Pipeline\\{closure}(Object(Illuminate\\Http\\Request))
#52 /home/pentasof/hrcrm.testpentas.in/agent/application/vendor/laravel/framework/src/Illuminate/Foundation/Http/Middleware/TrimStrings.php(40): Illuminate\\Foundation\\Http\\Middleware\\TransformsRequest->handle(Object(Illuminate\\Http\\Request), Object(Closure))
#53 /home/pentasof/hrcrm.testpentas.in/agent/application/vendor/laravel/framework/src/Illuminate/Pipeline/Pipeline.php(167): Illuminate\\Foundation\\Http\\Middleware\\TrimStrings->handle(Object(Illuminate\\Http\\Request), Object(Closure))
#54 /home/pentasof/hrcrm.testpentas.in/agent/application/vendor/laravel/framework/src/Illuminate/Foundation/Http/Middleware/ValidatePostSize.php(27): Illuminate\\Pipeline\\Pipeline->Illuminate\\Pipeline\\{closure}(Object(Illuminate\\Http\\Request))
#55 /home/pentasof/hrcrm.testpentas.in/agent/application/vendor/laravel/framework/src/Illuminate/Pipeline/Pipeline.php(167): Illuminate\\Foundation\\Http\\Middleware\\ValidatePostSize->handle(Object(Illuminate\\Http\\Request), Object(Closure))
#56 /home/pentasof/hrcrm.testpentas.in/agent/application/vendor/laravel/framework/src/Illuminate/Foundation/Http/Middleware/PreventRequestsDuringMaintenance.php(86): Illuminate\\Pipeline\\Pipeline->Illuminate\\Pipeline\\{closure}(Object(Illuminate\\Http\\Request))
#57 /home/pentasof/hrcrm.testpentas.in/agent/application/vendor/laravel/framework/src/Illuminate/Pipeline/Pipeline.php(167): Illuminate\\Foundation\\Http\\Middleware\\PreventRequestsDuringMaintenance->handle(Object(Illuminate\\Http\\Request), Object(Closure))
#58 /home/pentasof/hrcrm.testpentas.in/agent/application/vendor/laravel/framework/src/Illuminate/Pipeline/Pipeline.php(103): Illuminate\\Pipeline\\Pipeline->Illuminate\\Pipeline\\{closure}(Object(Illuminate\\Http\\Request))
#59 /home/pentasof/hrcrm.testpentas.in/agent/application/vendor/laravel/framework/src/Illuminate/Foundation/Http/Kernel.php(142): Illuminate\\Pipeline\\Pipeline->then(Object(Closure))
#60 /home/pentasof/hrcrm.testpentas.in/agent/application/vendor/laravel/framework/src/Illuminate/Foundation/Http/Kernel.php(111): Illuminate\\Foundation\\Http\\Kernel->sendRequestThroughRouter(Object(Illuminate\\Http\\Request))
#61 /home/pentasof/hrcrm.testpentas.in/agent/index.php(91): Illuminate\\Foundation\\Http\\Kernel->handle(Object(Illuminate\\Http\\Request))
#62 {main}

[previous exception] [object] (PDOException(code: 42S22): SQLSTATE[42S22]: Column not found: 1054 Unknown column 'roles.role_id' in 'where clause' at /home/pentasof/hrcrm.testpentas.in/agent/application/vendor/laravel/framework/src/Illuminate/Database/Connection.php:368)
[stacktrace]
#0 /home/pentasof/hrcrm.testpentas.in/agent/application/vendor/laravel/framework/src/Illuminate/Database/Connection.php(368): PDO->prepare('select * from `...')
#1 /home/pentasof/hrcrm.testpentas.in/agent/application/vendor/laravel/framework/src/Illuminate/Database/Connection.php(705): Illuminate\\Database\\Connection->Illuminate\\Database\\{closure}('select * from `...', Array)
#2 /home/pentasof/hrcrm.testpentas.in/agent/application/vendor/laravel/framework/src/Illuminate/Database/Connection.php(672): Illuminate\\Database\\Connection->runQueryCallback('select * from `...', Array, Object(Closure))
#3 /home/pentasof/hrcrm.testpentas.in/agent/application/vendor/laravel/framework/src/Illuminate/Database/Connection.php(359): Illuminate\\Database\\Connection->run('select * from `...', Array, Object(Closure))
#4 /home/pentasof/hrcrm.testpentas.in/agent/application/vendor/laravel/framework/src/Illuminate/Database/Query/Builder.php(2413): Illuminate\\Database\\Connection->select('select * from `...', Array, true)
#5 /home/pentasof/hrcrm.testpentas.in/agent/application/vendor/laravel/framework/src/Illuminate/Database/Query/Builder.php(2402): Illuminate\\Database\\Query\\Builder->runSelect()
#6 /home/pentasof/hrcrm.testpentas.in/agent/application/vendor/laravel/framework/src/Illuminate/Database/Query/Builder.php(2936): Illuminate\\Database\\Query\\Builder->Illuminate\\Database\\Query\\{closure}()
#7 /home/pentasof/hrcrm.testpentas.in/agent/application/vendor/laravel/framework/src/Illuminate/Database/Query/Builder.php(2401): Illuminate\\Database\\Query\\Builder->onceWithColumns(Array, Object(Closure))
#8 /home/pentasof/hrcrm.testpentas.in/agent/application/vendor/laravel/framework/src/Illuminate/Database/Eloquent/Builder.php(625): Illuminate\\Database\\Query\\Builder->get(Array)
#9 /home/pentasof/hrcrm.testpentas.in/agent/application/vendor/laravel/framework/src/Illuminate/Database/Eloquent/Builder.php(609): Illuminate\\Database\\Eloquent\\Builder->getModels(Array)
#10 /home/pentasof/hrcrm.testpentas.in/agent/application/vendor/laravel/framework/src/Illuminate/Database/Eloquent/Relations/Relation.php(195): Illuminate\\Database\\Eloquent\\Builder->get(Array)
#11 /home/pentasof/hrcrm.testpentas.in/agent/application/vendor/laravel/framework/src/Illuminate/Database/Eloquent/Relations/Relation.php(160): Illuminate\\Database\\Eloquent\\Relations\\Relation->get()
#12 /home/pentasof/hrcrm.testpentas.in/agent/application/vendor/laravel/framework/src/Illuminate/Database/Eloquent/Builder.php(673): Illuminate\\Database\\Eloquent\\Relations\\Relation->getEager()
#13 /home/pentasof/hrcrm.testpentas.in/agent/application/vendor/laravel/framework/src/Illuminate/Database/Eloquent/Builder.php(642): Illuminate\\Database\\Eloquent\\Builder->eagerLoadRelation(Array, 'role', Object(Closure))
#14 /home/pentasof/hrcrm.testpentas.in/agent/application/vendor/laravel/framework/src/Illuminate/Database/Eloquent/Model.php(597): Illuminate\\Database\\Eloquent\\Builder->eagerLoadRelations(Array)
#15 /home/pentasof/hrcrm.testpentas.in/agent/application/app/Http/Middleware/General/General.php(171): Illuminate\\Database\\Eloquent\\Model->load('role')
#16 /home/pentasof/hrcrm.testpentas.in/agent/application/app/Http/Middleware/General/General.php(34): App\\Http\\Middleware\\General\\General->userRoles()
#17 /home/pentasof/hrcrm.testpentas.in/agent/application/vendor/laravel/framework/src/Illuminate/Pipeline/Pipeline.php(167): App\\Http\\Middleware\\General\\General->handle(Object(Illuminate\\Http\\Request), Object(Closure))
#18 /home/pentasof/hrcrm.testpentas.in/agent/application/app/Http/Middleware/General/SanityCheck.php(45): Illuminate\\Pipeline\\Pipeline->Illuminate\\Pipeline\\{closure}(Object(Illuminate\\Http\\Request))
#19 /home/pentasof/hrcrm.testpentas.in/agent/application/vendor/laravel/framework/src/Illuminate/Pipeline/Pipeline.php(167): App\\Http\\Middleware\\General\\SanityCheck->handle(Object(Illuminate\\Http\\Request), Object(Closure))
#20 /home/pentasof/hrcrm.testpentas.in/agent/application/app/Http/Middleware/General/Settings.php(47): Illuminate\\Pipeline\\Pipeline->Illuminate\\Pipeline\\{closure}(Object(Illuminate\\Http\\Request))
#21 /home/pentasof/hrcrm.testpentas.in/agent/application/vendor/laravel/framework/src/Illuminate/Pipeline/Pipeline.php(167): App\\Http\\Middleware\\General\\Settings->handle(Object(Illuminate\\Http\\Request), Object(Closure))
#22 /home/pentasof/hrcrm.testpentas.in/agent/application/vendor/laravel/framework/src/Illuminate/Routing/Middleware/SubstituteBindings.php(50): Illuminate\\Pipeline\\Pipeline->Illuminate\\Pipeline\\{closure}(Object(Illuminate\\Http\\Request))
#23 /home/pentasof/hrcrm.testpentas.in/agent/application/vendor/laravel/framework/src/Illuminate/Pipeline/Pipeline.php(167): Illuminate\\Routing\\Middleware\\SubstituteBindings->handle(Object(Illuminate\\Http\\Request), Object(Closure))
#24 /home/pentasof/hrcrm.testpentas.in/agent/application/vendor/laravel/framework/src/Illuminate/Auth/Middleware/Authenticate.php(44): Illuminate\\Pipeline\\Pipeline->Illuminate\\Pipeline\\{closure}(Object(Illuminate\\Http\\Request))
#25 /home/pentasof/hrcrm.testpentas.in/agent/application/vendor/laravel/framework/src/Illuminate/Pipeline/Pipeline.php(167): Illuminate\\Auth\\Middleware\\Authenticate->handle(Object(Illuminate\\Http\\Request), Object(Closure))
#26 /home/pentasof/hrcrm.testpentas.in/agent/application/vendor/laravel/framework/src/Illuminate/Foundation/Http/Middleware/VerifyCsrfToken.php(78): Illuminate\\Pipeline\\Pipeline->Illuminate\\Pipeline\\{closure}(Object(Illuminate\\Http\\Request))
#27 /home/pentasof/hrcrm.testpentas.in/agent/application/vendor/laravel/framework/src/Illuminate/Pipeline/Pipeline.php(167): Illuminate\\Foundation\\Http\\Middleware\\VerifyCsrfToken->handle(Object(Illuminate\\Http\\Request), Object(Closure))
#28 /home/pentasof/hrcrm.testpentas.in/agent/application/vendor/laravel/framework/src/Illuminate/View/Middleware/ShareErrorsFromSession.php(49): Illuminate\\Pipeline\\Pipeline->Illuminate\\Pipeline\\{closure}(Object(Illuminate\\Http\\Request))
#29 /home/pentasof/hrcrm.testpentas.in/agent/application/vendor/laravel/framework/src/Illuminate/Pipeline/Pipeline.php(167): Illuminate\\View\\Middleware\\ShareErrorsFromSession->handle(Object(Illuminate\\Http\\Request), Object(Closure))
#30 /home/pentasof/hrcrm.testpentas.in/agent/application/vendor/laravel/framework/src/Illuminate/Session/Middleware/StartSession.php(121): Illuminate\\Pipeline\\Pipeline->Illuminate\\Pipeline\\{closure}(Object(Illuminate\\Http\\Request))
#31 /home/pentasof/hrcrm.testpentas.in/agent/application/vendor/laravel/framework/src/Illuminate/Session/Middleware/StartSession.php(64): Illuminate\\Session\\Middleware\\StartSession->handleStatefulRequest(Object(Illuminate\\Http\\Request), Object(Illuminate\\Session\\Store), Object(Closure))
#32 /home/pentasof/hrcrm.testpentas.in/agent/application/vendor/laravel/framework/src/Illuminate/Pipeline/Pipeline.php(167): Illuminate\\Session\\Middleware\\StartSession->handle(Object(Illuminate\\Http\\Request), Object(Closure))
#33 /home/pentasof/hrcrm.testpentas.in/agent/application/vendor/laravel/framework/src/Illuminate/Cookie/Middleware/AddQueuedCookiesToResponse.php(37): Illuminate\\Pipeline\\Pipeline->Illuminate\\Pipeline\\{closure}(Object(Illuminate\\Http\\Request))
#34 /home/pentasof/hrcrm.testpentas.in/agent/application/vendor/laravel/framework/src/Illuminate/Pipeline/Pipeline.php(167): Illuminate\\Cookie\\Middleware\\AddQueuedCookiesToResponse->handle(Object(Illuminate\\Http\\Request), Object(Closure))
#35 /home/pentasof/hrcrm.testpentas.in/agent/application/vendor/laravel/framework/src/Illuminate/Cookie/Middleware/EncryptCookies.php(67): Illuminate\\Pipeline\\Pipeline->Illuminate\\Pipeline\\{closure}(Object(Illuminate\\Http\\Request))
#36 /home/pentasof/hrcrm.testpentas.in/agent/application/vendor/laravel/framework/src/Illuminate/Pipeline/Pipeline.php(167): Illuminate\\Cookie\\Middleware\\EncryptCookies->handle(Object(Illuminate\\Http\\Request), Object(Closure))
#37 /home/pentasof/hrcrm.testpentas.in/agent/application/app/Http/Middleware/General/Setup.php(37): Illuminate\\Pipeline\\Pipeline->Illuminate\\Pipeline\\{closure}(Object(Illuminate\\Http\\Request))
#38 /home/pentasof/hrcrm.testpentas.in/agent/application/vendor/laravel/framework/src/Illuminate/Pipeline/Pipeline.php(167): App\\Http\\Middleware\\General\\Setup->handle(Object(Illuminate\\Http\\Request), Object(Closure))
#39 /home/pentasof/hrcrm.testpentas.in/agent/application/vendor/laravel/framework/src/Illuminate/Pipeline/Pipeline.php(103): Illuminate\\Pipeline\\Pipeline->Illuminate\\Pipeline\\{closure}(Object(Illuminate\\Http\\Request))
#40 /home/pentasof/hrcrm.testpentas.in/agent/application/vendor/laravel/framework/src/Illuminate/Routing/Router.php(719): Illuminate\\Pipeline\\Pipeline->then(Object(Closure))
#41 /home/pentasof/hrcrm.testpentas.in/agent/application/vendor/laravel/framework/src/Illuminate/Routing/Router.php(698): Illuminate\\Routing\\Router->runRouteWithinStack(Object(Illuminate\\Routing\\Route), Object(Illuminate\\Http\\Request))
#42 /home/pentasof/hrcrm.testpentas.in/agent/application/vendor/laravel/framework/src/Illuminate/Routing/Router.php(662): Illuminate\\Routing\\Router->runRoute(Object(Illuminate\\Http\\Request), Object(Illuminate\\Routing\\Route))
#43 /home/pentasof/hrcrm.testpentas.in/agent/application/vendor/laravel/framework/src/Illuminate/Routing/Router.php(651): Illuminate\\Routing\\Router->dispatchToRoute(Object(Illuminate\\Http\\Request))
#44 /home/pentasof/hrcrm.testpentas.in/agent/application/vendor/laravel/framework/src/Illuminate/Foundation/Http/Kernel.php(167): Illuminate\\Routing\\Router->dispatch(Object(Illuminate\\Http\\Request))
#45 /home/pentasof/hrcrm.testpentas.in/agent/application/vendor/laravel/framework/src/Illuminate/Pipeline/Pipeline.php(128): Illuminate\\Foundation\\Http\\Kernel->Illuminate\\Foundation\\Http\\{closure}(Object(Illuminate\\Http\\Request))
#46 /home/pentasof/hrcrm.testpentas.in/agent/application/vendor/barryvdh/laravel-debugbar/src/Middleware/InjectDebugbar.php(59): Illuminate\\Pipeline\\Pipeline->Illuminate\\Pipeline\\{closure}(Object(Illuminate\\Http\\Request))
#47 /home/pentasof/hrcrm.testpentas.in/agent/application/vendor/laravel/framework/src/Illuminate/Pipeline/Pipeline.php(167): Barryvdh\\Debugbar\\Middleware\\InjectDebugbar->handle(Object(Illuminate\\Http\\Request), Object(Closure))
#48 /home/pentasof/hrcrm.testpentas.in/agent/application/vendor/fideloper/proxy/src/TrustProxies.php(57): Illuminate\\Pipeline\\Pipeline->Illuminate\\Pipeline\\{closure}(Object(Illuminate\\Http\\Request))
#49 /home/pentasof/hrcrm.testpentas.in/agent/application/vendor/laravel/framework/src/Illuminate/Pipeline/Pipeline.php(167): Fideloper\\Proxy\\TrustProxies->handle(Object(Illuminate\\Http\\Request), Object(Closure))
#50 /home/pentasof/hrcrm.testpentas.in/agent/application/vendor/laravel/framework/src/Illuminate/Foundation/Http/Middleware/TransformsRequest.php(21): Illuminate\\Pipeline\\Pipeline->Illuminate\\Pipeline\\{closure}(Object(Illuminate\\Http\\Request))
#51 /home/pentasof/hrcrm.testpentas.in/agent/application/vendor/laravel/framework/src/Illuminate/Foundation/Http/Middleware/ConvertEmptyStringsToNull.php(31): Illuminate\\Foundation\\Http\\Middleware\\TransformsRequest->handle(Object(Illuminate\\Http\\Request), Object(Closure))
#52 /home/pentasof/hrcrm.testpentas.in/agent/application/vendor/laravel/framework/src/Illuminate/Pipeline/Pipeline.php(167): Illuminate\\Foundation\\Http\\Middleware\\ConvertEmptyStringsToNull->handle(Object(Illuminate\\Http\\Request), Object(Closure))
#53 /home/pentasof/hrcrm.testpentas.in/agent/application/vendor/laravel/framework/src/Illuminate/Foundation/Http/Middleware/TransformsRequest.php(21): Illuminate\\Pipeline\\Pipeline->Illuminate\\Pipeline\\{closure}(Object(Illuminate\\Http\\Request))
#54 /home/pentasof/hrcrm.testpentas.in/agent/application/vendor/laravel/framework/src/Illuminate/Foundation/Http/Middleware/TrimStrings.php(40): Illuminate\\Foundation\\Http\\Middleware\\TransformsRequest->handle(Object(Illuminate\\Http\\Request), Object(Closure))
#55 /home/pentasof/hrcrm.testpentas.in/agent/application/vendor/laravel/framework/src/Illuminate/Pipeline/Pipeline.php(167): Illuminate\\Foundation\\Http\\Middleware\\TrimStrings->handle(Object(Illuminate\\Http\\Request), Object(Closure))
#56 /home/pentasof/hrcrm.testpentas.in/agent/application/vendor/laravel/framework/src/Illuminate/Foundation/Http/Middleware/ValidatePostSize.php(27): Illuminate\\Pipeline\\Pipeline->Illuminate\\Pipeline\\{closure}(Object(Illuminate\\Http\\Request))
#57 /home/pentasof/hrcrm.testpentas.in/agent/application/vendor/laravel/framework/src/Illuminate/Pipeline/Pipeline.php(167): Illuminate\\Foundation\\Http\\Middleware\\ValidatePostSize->handle(Object(Illuminate\\Http\\Request), Object(Closure))
#58 /home/pentasof/hrcrm.testpentas.in/agent/application/vendor/laravel/framework/src/Illuminate/Foundation/Http/Middleware/PreventRequestsDuringMaintenance.php(86): Illuminate\\Pipeline\\Pipeline->Illuminate\\Pipeline\\{closure}(Object(Illuminate\\Http\\Request))
#59 /home/pentasof/hrcrm.testpentas.in/agent/application/vendor/laravel/framework/src/Illuminate/Pipeline/Pipeline.php(167): Illuminate\\Foundation\\Http\\Middleware\\PreventRequestsDuringMaintenance->handle(Object(Illuminate\\Http\\Request), Object(Closure))
#60 /home/pentasof/hrcrm.testpentas.in/agent/application/vendor/laravel/framework/src/Illuminate/Pipeline/Pipeline.php(103): Illuminate\\Pipeline\\Pipeline->Illuminate\\Pipeline\\{closure}(Object(Illuminate\\Http\\Request))
#61 /home/pentasof/hrcrm.testpentas.in/agent/application/vendor/laravel/framework/src/Illuminate/Foundation/Http/Kernel.php(142): Illuminate\\Pipeline\\Pipeline->then(Object(Closure))
#62 /home/pentasof/hrcrm.testpentas.in/agent/application/vendor/laravel/framework/src/Illuminate/Foundation/Http/Kernel.php(111): Illuminate\\Foundation\\Http\\Kernel->sendRequestThroughRouter(Object(Illuminate\\Http\\Request))
#63 /home/pentasof/hrcrm.testpentas.in/agent/index.php(91): Illuminate\\Foundation\\Http\\Kernel->handle(Object(Illuminate\\Http\\Request))
#64 {main}
"} 
[2024-07-05 15:43:42] production.ERROR: SQLSTATE[42S22]: Column not found: 1054 Unknown column 'agent_id' in 'where clause' (SQL: select * from `air_tickets` where `agent_id` = 3) {"userId":3,"exception":"[object] (Illuminate\\Database\\QueryException(code: 42S22): SQLSTATE[42S22]: Column not found: 1054 Unknown column 'agent_id' in 'where clause' (SQL: select * from `air_tickets` where `agent_id` = 3) at /home/pentasof/hrcrm.testpentas.in/agent/application/vendor/laravel/framework/src/Illuminate/Database/Connection.php:712)
[stacktrace]
#0 /home/pentasof/hrcrm.testpentas.in/agent/application/vendor/laravel/framework/src/Illuminate/Database/Connection.php(672): Illuminate\\Database\\Connection->runQueryCallback('select * from `...', Array, Object(Closure))
#1 /home/pentasof/hrcrm.testpentas.in/agent/application/vendor/laravel/framework/src/Illuminate/Database/Connection.php(359): Illuminate\\Database\\Connection->run('select * from `...', Array, Object(Closure))
#2 /home/pentasof/hrcrm.testpentas.in/agent/application/vendor/laravel/framework/src/Illuminate/Database/Query/Builder.php(2413): Illuminate\\Database\\Connection->select('select * from `...', Array, true)
#3 /home/pentasof/hrcrm.testpentas.in/agent/application/vendor/laravel/framework/src/Illuminate/Database/Query/Builder.php(2402): Illuminate\\Database\\Query\\Builder->runSelect()
#4 /home/pentasof/hrcrm.testpentas.in/agent/application/vendor/laravel/framework/src/Illuminate/Database/Query/Builder.php(2936): Illuminate\\Database\\Query\\Builder->Illuminate\\Database\\Query\\{closure}()
#5 /home/pentasof/hrcrm.testpentas.in/agent/application/vendor/laravel/framework/src/Illuminate/Database/Query/Builder.php(2401): Illuminate\\Database\\Query\\Builder->onceWithColumns(Array, Object(Closure))
#6 /home/pentasof/hrcrm.testpentas.in/agent/application/vendor/laravel/framework/src/Illuminate/Database/Eloquent/Builder.php(625): Illuminate\\Database\\Query\\Builder->get(Array)
#7 /home/pentasof/hrcrm.testpentas.in/agent/application/vendor/laravel/framework/src/Illuminate/Database/Eloquent/Builder.php(609): Illuminate\\Database\\Eloquent\\Builder->getModels(Array)
#8 /home/pentasof/hrcrm.testpentas.in/agent/application/app/Http/Controllers/AirTicketController.php(14): Illuminate\\Database\\Eloquent\\Builder->get()
#9 /home/pentasof/hrcrm.testpentas.in/agent/application/vendor/laravel/framework/src/Illuminate/Routing/Controller.php(54): App\\Http\\Controllers\\AirTicketController->index()
#10 /home/pentasof/hrcrm.testpentas.in/agent/application/vendor/laravel/framework/src/Illuminate/Routing/ControllerDispatcher.php(45): Illuminate\\Routing\\Controller->callAction('index', Array)
#11 /home/pentasof/hrcrm.testpentas.in/agent/application/vendor/laravel/framework/src/Illuminate/Routing/Route.php(261): Illuminate\\Routing\\ControllerDispatcher->dispatch(Object(Illuminate\\Routing\\Route), Object(App\\Http\\Controllers\\AirTicketController), 'index')
#12 /home/pentasof/hrcrm.testpentas.in/agent/application/vendor/laravel/framework/src/Illuminate/Routing/Route.php(205): Illuminate\\Routing\\Route->runController()
#13 /home/pentasof/hrcrm.testpentas.in/agent/application/vendor/laravel/framework/src/Illuminate/Routing/Router.php(721): Illuminate\\Routing\\Route->run()
#14 /home/pentasof/hrcrm.testpentas.in/agent/application/vendor/laravel/framework/src/Illuminate/Pipeline/Pipeline.php(128): Illuminate\\Routing\\Router->Illuminate\\Routing\\{closure}(Object(Illuminate\\Http\\Request))
#15 /home/pentasof/hrcrm.testpentas.in/agent/application/app/Http/Middleware/Modules/Menus.php(34): Illuminate\\Pipeline\\Pipeline->Illuminate\\Pipeline\\{closure}(Object(Illuminate\\Http\\Request))
#16 /home/pentasof/hrcrm.testpentas.in/agent/application/vendor/laravel/framework/src/Illuminate/Pipeline/Pipeline.php(167): App\\Http\\Middleware\\Modules\\Menus->handle(Object(Illuminate\\Http\\Request), Object(Closure))
#17 /home/pentasof/hrcrm.testpentas.in/agent/application/app/Http/Middleware/Modules/Visibility.php(55): Illuminate\\Pipeline\\Pipeline->Illuminate\\Pipeline\\{closure}(Object(Illuminate\\Http\\Request))
#18 /home/pentasof/hrcrm.testpentas.in/agent/application/vendor/laravel/framework/src/Illuminate/Pipeline/Pipeline.php(167): App\\Http\\Middleware\\Modules\\Visibility->handle(Object(Illuminate\\Http\\Request), Object(Closure))
#19 /home/pentasof/hrcrm.testpentas.in/agent/application/app/Http/Middleware/Modules/Status.php(59): Illuminate\\Pipeline\\Pipeline->Illuminate\\Pipeline\\{closure}(Object(Illuminate\\Http\\Request))
#20 /home/pentasof/hrcrm.testpentas.in/agent/application/vendor/laravel/framework/src/Illuminate/Pipeline/Pipeline.php(167): App\\Http\\Middleware\\Modules\\Status->handle(Object(Illuminate\\Http\\Request), Object(Closure))
#21 /home/pentasof/hrcrm.testpentas.in/agent/application/app/Http/Middleware/General/General.php(103): Illuminate\\Pipeline\\Pipeline->Illuminate\\Pipeline\\{closure}(Object(Illuminate\\Http\\Request))
#22 /home/pentasof/hrcrm.testpentas.in/agent/application/vendor/laravel/framework/src/Illuminate/Pipeline/Pipeline.php(167): App\\Http\\Middleware\\General\\General->handle(Object(Illuminate\\Http\\Request), Object(Closure))
#23 /home/pentasof/hrcrm.testpentas.in/agent/application/app/Http/Middleware/General/SanityCheck.php(45): Illuminate\\Pipeline\\Pipeline->Illuminate\\Pipeline\\{closure}(Object(Illuminate\\Http\\Request))
#24 /home/pentasof/hrcrm.testpentas.in/agent/application/vendor/laravel/framework/src/Illuminate/Pipeline/Pipeline.php(167): App\\Http\\Middleware\\General\\SanityCheck->handle(Object(Illuminate\\Http\\Request), Object(Closure))
#25 /home/pentasof/hrcrm.testpentas.in/agent/application/app/Http/Middleware/General/Settings.php(47): Illuminate\\Pipeline\\Pipeline->Illuminate\\Pipeline\\{closure}(Object(Illuminate\\Http\\Request))
#26 /home/pentasof/hrcrm.testpentas.in/agent/application/vendor/laravel/framework/src/Illuminate/Pipeline/Pipeline.php(167): App\\Http\\Middleware\\General\\Settings->handle(Object(Illuminate\\Http\\Request), Object(Closure))
#27 /home/pentasof/hrcrm.testpentas.in/agent/application/vendor/laravel/framework/src/Illuminate/Routing/Middleware/SubstituteBindings.php(50): Illuminate\\Pipeline\\Pipeline->Illuminate\\Pipeline\\{closure}(Object(Illuminate\\Http\\Request))
#28 /home/pentasof/hrcrm.testpentas.in/agent/application/vendor/laravel/framework/src/Illuminate/Pipeline/Pipeline.php(167): Illuminate\\Routing\\Middleware\\SubstituteBindings->handle(Object(Illuminate\\Http\\Request), Object(Closure))
#29 /home/pentasof/hrcrm.testpentas.in/agent/application/vendor/laravel/framework/src/Illuminate/Foundation/Http/Middleware/VerifyCsrfToken.php(78): Illuminate\\Pipeline\\Pipeline->Illuminate\\Pipeline\\{closure}(Object(Illuminate\\Http\\Request))
#30 /home/pentasof/hrcrm.testpentas.in/agent/application/vendor/laravel/framework/src/Illuminate/Pipeline/Pipeline.php(167): Illuminate\\Foundation\\Http\\Middleware\\VerifyCsrfToken->handle(Object(Illuminate\\Http\\Request), Object(Closure))
#31 /home/pentasof/hrcrm.testpentas.in/agent/application/vendor/laravel/framework/src/Illuminate/View/Middleware/ShareErrorsFromSession.php(49): Illuminate\\Pipeline\\Pipeline->Illuminate\\Pipeline\\{closure}(Object(Illuminate\\Http\\Request))
#32 /home/pentasof/hrcrm.testpentas.in/agent/application/vendor/laravel/framework/src/Illuminate/Pipeline/Pipeline.php(167): Illuminate\\View\\Middleware\\ShareErrorsFromSession->handle(Object(Illuminate\\Http\\Request), Object(Closure))
#33 /home/pentasof/hrcrm.testpentas.in/agent/application/vendor/laravel/framework/src/Illuminate/Session/Middleware/StartSession.php(121): Illuminate\\Pipeline\\Pipeline->Illuminate\\Pipeline\\{closure}(Object(Illuminate\\Http\\Request))
#34 /home/pentasof/hrcrm.testpentas.in/agent/application/vendor/laravel/framework/src/Illuminate/Session/Middleware/StartSession.php(64): Illuminate\\Session\\Middleware\\StartSession->handleStatefulRequest(Object(Illuminate\\Http\\Request), Object(Illuminate\\Session\\Store), Object(Closure))
#35 /home/pentasof/hrcrm.testpentas.in/agent/application/vendor/laravel/framework/src/Illuminate/Pipeline/Pipeline.php(167): Illuminate\\Session\\Middleware\\StartSession->handle(Object(Illuminate\\Http\\Request), Object(Closure))
#36 /home/pentasof/hrcrm.testpentas.in/agent/application/vendor/laravel/framework/src/Illuminate/Cookie/Middleware/AddQueuedCookiesToResponse.php(37): Illuminate\\Pipeline\\Pipeline->Illuminate\\Pipeline\\{closure}(Object(Illuminate\\Http\\Request))
#37 /home/pentasof/hrcrm.testpentas.in/agent/application/vendor/laravel/framework/src/Illuminate/Pipeline/Pipeline.php(167): Illuminate\\Cookie\\Middleware\\AddQueuedCookiesToResponse->handle(Object(Illuminate\\Http\\Request), Object(Closure))
#38 /home/pentasof/hrcrm.testpentas.in/agent/application/vendor/laravel/framework/src/Illuminate/Cookie/Middleware/EncryptCookies.php(67): Illuminate\\Pipeline\\Pipeline->Illuminate\\Pipeline\\{closure}(Object(Illuminate\\Http\\Request))
#39 /home/pentasof/hrcrm.testpentas.in/agent/application/vendor/laravel/framework/src/Illuminate/Pipeline/Pipeline.php(167): Illuminate\\Cookie\\Middleware\\EncryptCookies->handle(Object(Illuminate\\Http\\Request), Object(Closure))
#40 /home/pentasof/hrcrm.testpentas.in/agent/application/app/Http/Middleware/General/Setup.php(37): Illuminate\\Pipeline\\Pipeline->Illuminate\\Pipeline\\{closure}(Object(Illuminate\\Http\\Request))
#41 /home/pentasof/hrcrm.testpentas.in/agent/application/vendor/laravel/framework/src/Illuminate/Pipeline/Pipeline.php(167): App\\Http\\Middleware\\General\\Setup->handle(Object(Illuminate\\Http\\Request), Object(Closure))
#42 /home/pentasof/hrcrm.testpentas.in/agent/application/vendor/laravel/framework/src/Illuminate/Pipeline/Pipeline.php(103): Illuminate\\Pipeline\\Pipeline->Illuminate\\Pipeline\\{closure}(Object(Illuminate\\Http\\Request))
#43 /home/pentasof/hrcrm.testpentas.in/agent/application/vendor/laravel/framework/src/Illuminate/Routing/Router.php(719): Illuminate\\Pipeline\\Pipeline->then(Object(Closure))
#44 /home/pentasof/hrcrm.testpentas.in/agent/application/vendor/laravel/framework/src/Illuminate/Routing/Router.php(698): Illuminate\\Routing\\Router->runRouteWithinStack(Object(Illuminate\\Routing\\Route), Object(Illuminate\\Http\\Request))
#45 /home/pentasof/hrcrm.testpentas.in/agent/application/vendor/laravel/framework/src/Illuminate/Routing/Router.php(662): Illuminate\\Routing\\Router->runRoute(Object(Illuminate\\Http\\Request), Object(Illuminate\\Routing\\Route))
#46 /home/pentasof/hrcrm.testpentas.in/agent/application/vendor/laravel/framework/src/Illuminate/Routing/Router.php(651): Illuminate\\Routing\\Router->dispatchToRoute(Object(Illuminate\\Http\\Request))
#47 /home/pentasof/hrcrm.testpentas.in/agent/application/vendor/laravel/framework/src/Illuminate/Foundation/Http/Kernel.php(167): Illuminate\\Routing\\Router->dispatch(Object(Illuminate\\Http\\Request))
#48 /home/pentasof/hrcrm.testpentas.in/agent/application/vendor/laravel/framework/src/Illuminate/Pipeline/Pipeline.php(128): Illuminate\\Foundation\\Http\\Kernel->Illuminate\\Foundation\\Http\\{closure}(Object(Illuminate\\Http\\Request))
#49 /home/pentasof/hrcrm.testpentas.in/agent/application/vendor/barryvdh/laravel-debugbar/src/Middleware/InjectDebugbar.php(59): Illuminate\\Pipeline\\Pipeline->Illuminate\\Pipeline\\{closure}(Object(Illuminate\\Http\\Request))
#50 /home/pentasof/hrcrm.testpentas.in/agent/application/vendor/laravel/framework/src/Illuminate/Pipeline/Pipeline.php(167): Barryvdh\\Debugbar\\Middleware\\InjectDebugbar->handle(Object(Illuminate\\Http\\Request), Object(Closure))
#51 /home/pentasof/hrcrm.testpentas.in/agent/application/vendor/fideloper/proxy/src/TrustProxies.php(57): Illuminate\\Pipeline\\Pipeline->Illuminate\\Pipeline\\{closure}(Object(Illuminate\\Http\\Request))
#52 /home/pentasof/hrcrm.testpentas.in/agent/application/vendor/laravel/framework/src/Illuminate/Pipeline/Pipeline.php(167): Fideloper\\Proxy\\TrustProxies->handle(Object(Illuminate\\Http\\Request), Object(Closure))
#53 /home/pentasof/hrcrm.testpentas.in/agent/application/vendor/laravel/framework/src/Illuminate/Foundation/Http/Middleware/TransformsRequest.php(21): Illuminate\\Pipeline\\Pipeline->Illuminate\\Pipeline\\{closure}(Object(Illuminate\\Http\\Request))
#54 /home/pentasof/hrcrm.testpentas.in/agent/application/vendor/laravel/framework/src/Illuminate/Foundation/Http/Middleware/ConvertEmptyStringsToNull.php(31): Illuminate\\Foundation\\Http\\Middleware\\TransformsRequest->handle(Object(Illuminate\\Http\\Request), Object(Closure))
#55 /home/pentasof/hrcrm.testpentas.in/agent/application/vendor/laravel/framework/src/Illuminate/Pipeline/Pipeline.php(167): Illuminate\\Foundation\\Http\\Middleware\\ConvertEmptyStringsToNull->handle(Object(Illuminate\\Http\\Request), Object(Closure))
#56 /home/pentasof/hrcrm.testpentas.in/agent/application/vendor/laravel/framework/src/Illuminate/Foundation/Http/Middleware/TransformsRequest.php(21): Illuminate\\Pipeline\\Pipeline->Illuminate\\Pipeline\\{closure}(Object(Illuminate\\Http\\Request))
#57 /home/pentasof/hrcrm.testpentas.in/agent/application/vendor/laravel/framework/src/Illuminate/Foundation/Http/Middleware/TrimStrings.php(40): Illuminate\\Foundation\\Http\\Middleware\\TransformsRequest->handle(Object(Illuminate\\Http\\Request), Object(Closure))
#58 /home/pentasof/hrcrm.testpentas.in/agent/application/vendor/laravel/framework/src/Illuminate/Pipeline/Pipeline.php(167): Illuminate\\Foundation\\Http\\Middleware\\TrimStrings->handle(Object(Illuminate\\Http\\Request), Object(Closure))
#59 /home/pentasof/hrcrm.testpentas.in/agent/application/vendor/laravel/framework/src/Illuminate/Foundation/Http/Middleware/ValidatePostSize.php(27): Illuminate\\Pipeline\\Pipeline->Illuminate\\Pipeline\\{closure}(Object(Illuminate\\Http\\Request))
#60 /home/pentasof/hrcrm.testpentas.in/agent/application/vendor/laravel/framework/src/Illuminate/Pipeline/Pipeline.php(167): Illuminate\\Foundation\\Http\\Middleware\\ValidatePostSize->handle(Object(Illuminate\\Http\\Request), Object(Closure))
#61 /home/pentasof/hrcrm.testpentas.in/agent/application/vendor/laravel/framework/src/Illuminate/Foundation/Http/Middleware/PreventRequestsDuringMaintenance.php(86): Illuminate\\Pipeline\\Pipeline->Illuminate\\Pipeline\\{closure}(Object(Illuminate\\Http\\Request))
#62 /home/pentasof/hrcrm.testpentas.in/agent/application/vendor/laravel/framework/src/Illuminate/Pipeline/Pipeline.php(167): Illuminate\\Foundation\\Http\\Middleware\\PreventRequestsDuringMaintenance->handle(Object(Illuminate\\Http\\Request), Object(Closure))
#63 /home/pentasof/hrcrm.testpentas.in/agent/application/vendor/laravel/framework/src/Illuminate/Pipeline/Pipeline.php(103): Illuminate\\Pipeline\\Pipeline->Illuminate\\Pipeline\\{closure}(Object(Illuminate\\Http\\Request))
#64 /home/pentasof/hrcrm.testpentas.in/agent/application/vendor/laravel/framework/src/Illuminate/Foundation/Http/Kernel.php(142): Illuminate\\Pipeline\\Pipeline->then(Object(Closure))
#65 /home/pentasof/hrcrm.testpentas.in/agent/application/vendor/laravel/framework/src/Illuminate/Foundation/Http/Kernel.php(111): Illuminate\\Foundation\\Http\\Kernel->sendRequestThroughRouter(Object(Illuminate\\Http\\Request))
#66 /home/pentasof/hrcrm.testpentas.in/agent/index.php(91): Illuminate\\Foundation\\Http\\Kernel->handle(Object(Illuminate\\Http\\Request))
#67 {main}

[previous exception] [object] (PDOException(code: 42S22): SQLSTATE[42S22]: Column not found: 1054 Unknown column 'agent_id' in 'where clause' at /home/pentasof/hrcrm.testpentas.in/agent/application/vendor/laravel/framework/src/Illuminate/Database/Connection.php:368)
[stacktrace]
#0 /home/pentasof/hrcrm.testpentas.in/agent/application/vendor/laravel/framework/src/Illuminate/Database/Connection.php(368): PDO->prepare('select * from `...')
#1 /home/pentasof/hrcrm.testpentas.in/agent/application/vendor/laravel/framework/src/Illuminate/Database/Connection.php(705): Illuminate\\Database\\Connection->Illuminate\\Database\\{closure}('select * from `...', Array)
#2 /home/pentasof/hrcrm.testpentas.in/agent/application/vendor/laravel/framework/src/Illuminate/Database/Connection.php(672): Illuminate\\Database\\Connection->runQueryCallback('select * from `...', Array, Object(Closure))
#3 /home/pentasof/hrcrm.testpentas.in/agent/application/vendor/laravel/framework/src/Illuminate/Database/Connection.php(359): Illuminate\\Database\\Connection->run('select * from `...', Array, Object(Closure))
#4 /home/pentasof/hrcrm.testpentas.in/agent/application/vendor/laravel/framework/src/Illuminate/Database/Query/Builder.php(2413): Illuminate\\Database\\Connection->select('select * from `...', Array, true)
#5 /home/pentasof/hrcrm.testpentas.in/agent/application/vendor/laravel/framework/src/Illuminate/Database/Query/Builder.php(2402): Illuminate\\Database\\Query\\Builder->runSelect()
#6 /home/pentasof/hrcrm.testpentas.in/agent/application/vendor/laravel/framework/src/Illuminate/Database/Query/Builder.php(2936): Illuminate\\Database\\Query\\Builder->Illuminate\\Database\\Query\\{closure}()
#7 /home/pentasof/hrcrm.testpentas.in/agent/application/vendor/laravel/framework/src/Illuminate/Database/Query/Builder.php(2401): Illuminate\\Database\\Query\\Builder->onceWithColumns(Array, Object(Closure))
#8 /home/pentasof/hrcrm.testpentas.in/agent/application/vendor/laravel/framework/src/Illuminate/Database/Eloquent/Builder.php(625): Illuminate\\Database\\Query\\Builder->get(Array)
#9 /home/pentasof/hrcrm.testpentas.in/agent/application/vendor/laravel/framework/src/Illuminate/Database/Eloquent/Builder.php(609): Illuminate\\Database\\Eloquent\\Builder->getModels(Array)
#10 /home/pentasof/hrcrm.testpentas.in/agent/application/app/Http/Controllers/AirTicketController.php(14): Illuminate\\Database\\Eloquent\\Builder->get()
#11 /home/pentasof/hrcrm.testpentas.in/agent/application/vendor/laravel/framework/src/Illuminate/Routing/Controller.php(54): App\\Http\\Controllers\\AirTicketController->index()
#12 /home/pentasof/hrcrm.testpentas.in/agent/application/vendor/laravel/framework/src/Illuminate/Routing/ControllerDispatcher.php(45): Illuminate\\Routing\\Controller->callAction('index', Array)
#13 /home/pentasof/hrcrm.testpentas.in/agent/application/vendor/laravel/framework/src/Illuminate/Routing/Route.php(261): Illuminate\\Routing\\ControllerDispatcher->dispatch(Object(Illuminate\\Routing\\Route), Object(App\\Http\\Controllers\\AirTicketController), 'index')
#14 /home/pentasof/hrcrm.testpentas.in/agent/application/vendor/laravel/framework/src/Illuminate/Routing/Route.php(205): Illuminate\\Routing\\Route->runController()
#15 /home/pentasof/hrcrm.testpentas.in/agent/application/vendor/laravel/framework/src/Illuminate/Routing/Router.php(721): Illuminate\\Routing\\Route->run()
#16 /home/pentasof/hrcrm.testpentas.in/agent/application/vendor/laravel/framework/src/Illuminate/Pipeline/Pipeline.php(128): Illuminate\\Routing\\Router->Illuminate\\Routing\\{closure}(Object(Illuminate\\Http\\Request))
#17 /home/pentasof/hrcrm.testpentas.in/agent/application/app/Http/Middleware/Modules/Menus.php(34): Illuminate\\Pipeline\\Pipeline->Illuminate\\Pipeline\\{closure}(Object(Illuminate\\Http\\Request))
#18 /home/pentasof/hrcrm.testpentas.in/agent/application/vendor/laravel/framework/src/Illuminate/Pipeline/Pipeline.php(167): App\\Http\\Middleware\\Modules\\Menus->handle(Object(Illuminate\\Http\\Request), Object(Closure))
#19 /home/pentasof/hrcrm.testpentas.in/agent/application/app/Http/Middleware/Modules/Visibility.php(55): Illuminate\\Pipeline\\Pipeline->Illuminate\\Pipeline\\{closure}(Object(Illuminate\\Http\\Request))
#20 /home/pentasof/hrcrm.testpentas.in/agent/application/vendor/laravel/framework/src/Illuminate/Pipeline/Pipeline.php(167): App\\Http\\Middleware\\Modules\\Visibility->handle(Object(Illuminate\\Http\\Request), Object(Closure))
#21 /home/pentasof/hrcrm.testpentas.in/agent/application/app/Http/Middleware/Modules/Status.php(59): Illuminate\\Pipeline\\Pipeline->Illuminate\\Pipeline\\{closure}(Object(Illuminate\\Http\\Request))
#22 /home/pentasof/hrcrm.testpentas.in/agent/application/vendor/laravel/framework/src/Illuminate/Pipeline/Pipeline.php(167): App\\Http\\Middleware\\Modules\\Status->handle(Object(Illuminate\\Http\\Request), Object(Closure))
#23 /home/pentasof/hrcrm.testpentas.in/agent/application/app/Http/Middleware/General/General.php(103): Illuminate\\Pipeline\\Pipeline->Illuminate\\Pipeline\\{closure}(Object(Illuminate\\Http\\Request))
#24 /home/pentasof/hrcrm.testpentas.in/agent/application/vendor/laravel/framework/src/Illuminate/Pipeline/Pipeline.php(167): App\\Http\\Middleware\\General\\General->handle(Object(Illuminate\\Http\\Request), Object(Closure))
#25 /home/pentasof/hrcrm.testpentas.in/agent/application/app/Http/Middleware/General/SanityCheck.php(45): Illuminate\\Pipeline\\Pipeline->Illuminate\\Pipeline\\{closure}(Object(Illuminate\\Http\\Request))
#26 /home/pentasof/hrcrm.testpentas.in/agent/application/vendor/laravel/framework/src/Illuminate/Pipeline/Pipeline.php(167): App\\Http\\Middleware\\General\\SanityCheck->handle(Object(Illuminate\\Http\\Request), Object(Closure))
#27 /home/pentasof/hrcrm.testpentas.in/agent/application/app/Http/Middleware/General/Settings.php(47): Illuminate\\Pipeline\\Pipeline->Illuminate\\Pipeline\\{closure}(Object(Illuminate\\Http\\Request))
#28 /home/pentasof/hrcrm.testpentas.in/agent/application/vendor/laravel/framework/src/Illuminate/Pipeline/Pipeline.php(167): App\\Http\\Middleware\\General\\Settings->handle(Object(Illuminate\\Http\\Request), Object(Closure))
#29 /home/pentasof/hrcrm.testpentas.in/agent/application/vendor/laravel/framework/src/Illuminate/Routing/Middleware/SubstituteBindings.php(50): Illuminate\\Pipeline\\Pipeline->Illuminate\\Pipeline\\{closure}(Object(Illuminate\\Http\\Request))
#30 /home/pentasof/hrcrm.testpentas.in/agent/application/vendor/laravel/framework/src/Illuminate/Pipeline/Pipeline.php(167): Illuminate\\Routing\\Middleware\\SubstituteBindings->handle(Object(Illuminate\\Http\\Request), Object(Closure))
#31 /home/pentasof/hrcrm.testpentas.in/agent/application/vendor/laravel/framework/src/Illuminate/Foundation/Http/Middleware/VerifyCsrfToken.php(78): Illuminate\\Pipeline\\Pipeline->Illuminate\\Pipeline\\{closure}(Object(Illuminate\\Http\\Request))
#32 /home/pentasof/hrcrm.testpentas.in/agent/application/vendor/laravel/framework/src/Illuminate/Pipeline/Pipeline.php(167): Illuminate\\Foundation\\Http\\Middleware\\VerifyCsrfToken->handle(Object(Illuminate\\Http\\Request), Object(Closure))
#33 /home/pentasof/hrcrm.testpentas.in/agent/application/vendor/laravel/framework/src/Illuminate/View/Middleware/ShareErrorsFromSession.php(49): Illuminate\\Pipeline\\Pipeline->Illuminate\\Pipeline\\{closure}(Object(Illuminate\\Http\\Request))
#34 /home/pentasof/hrcrm.testpentas.in/agent/application/vendor/laravel/framework/src/Illuminate/Pipeline/Pipeline.php(167): Illuminate\\View\\Middleware\\ShareErrorsFromSession->handle(Object(Illuminate\\Http\\Request), Object(Closure))
#35 /home/pentasof/hrcrm.testpentas.in/agent/application/vendor/laravel/framework/src/Illuminate/Session/Middleware/StartSession.php(121): Illuminate\\Pipeline\\Pipeline->Illuminate\\Pipeline\\{closure}(Object(Illuminate\\Http\\Request))
#36 /home/pentasof/hrcrm.testpentas.in/agent/application/vendor/laravel/framework/src/Illuminate/Session/Middleware/StartSession.php(64): Illuminate\\Session\\Middleware\\StartSession->handleStatefulRequest(Object(Illuminate\\Http\\Request), Object(Illuminate\\Session\\Store), Object(Closure))
#37 /home/pentasof/hrcrm.testpentas.in/agent/application/vendor/laravel/framework/src/Illuminate/Pipeline/Pipeline.php(167): Illuminate\\Session\\Middleware\\StartSession->handle(Object(Illuminate\\Http\\Request), Object(Closure))
#38 /home/pentasof/hrcrm.testpentas.in/agent/application/vendor/laravel/framework/src/Illuminate/Cookie/Middleware/AddQueuedCookiesToResponse.php(37): Illuminate\\Pipeline\\Pipeline->Illuminate\\Pipeline\\{closure}(Object(Illuminate\\Http\\Request))
#39 /home/pentasof/hrcrm.testpentas.in/agent/application/vendor/laravel/framework/src/Illuminate/Pipeline/Pipeline.php(167): Illuminate\\Cookie\\Middleware\\AddQueuedCookiesToResponse->handle(Object(Illuminate\\Http\\Request), Object(Closure))
#40 /home/pentasof/hrcrm.testpentas.in/agent/application/vendor/laravel/framework/src/Illuminate/Cookie/Middleware/EncryptCookies.php(67): Illuminate\\Pipeline\\Pipeline->Illuminate\\Pipeline\\{closure}(Object(Illuminate\\Http\\Request))
#41 /home/pentasof/hrcrm.testpentas.in/agent/application/vendor/laravel/framework/src/Illuminate/Pipeline/Pipeline.php(167): Illuminate\\Cookie\\Middleware\\EncryptCookies->handle(Object(Illuminate\\Http\\Request), Object(Closure))
#42 /home/pentasof/hrcrm.testpentas.in/agent/application/app/Http/Middleware/General/Setup.php(37): Illuminate\\Pipeline\\Pipeline->Illuminate\\Pipeline\\{closure}(Object(Illuminate\\Http\\Request))
#43 /home/pentasof/hrcrm.testpentas.in/agent/application/vendor/laravel/framework/src/Illuminate/Pipeline/Pipeline.php(167): App\\Http\\Middleware\\General\\Setup->handle(Object(Illuminate\\Http\\Request), Object(Closure))
#44 /home/pentasof/hrcrm.testpentas.in/agent/application/vendor/laravel/framework/src/Illuminate/Pipeline/Pipeline.php(103): Illuminate\\Pipeline\\Pipeline->Illuminate\\Pipeline\\{closure}(Object(Illuminate\\Http\\Request))
#45 /home/pentasof/hrcrm.testpentas.in/agent/application/vendor/laravel/framework/src/Illuminate/Routing/Router.php(719): Illuminate\\Pipeline\\Pipeline->then(Object(Closure))
#46 /home/pentasof/hrcrm.testpentas.in/agent/application/vendor/laravel/framework/src/Illuminate/Routing/Router.php(698): Illuminate\\Routing\\Router->runRouteWithinStack(Object(Illuminate\\Routing\\Route), Object(Illuminate\\Http\\Request))
#47 /home/pentasof/hrcrm.testpentas.in/agent/application/vendor/laravel/framework/src/Illuminate/Routing/Router.php(662): Illuminate\\Routing\\Router->runRoute(Object(Illuminate\\Http\\Request), Object(Illuminate\\Routing\\Route))
#48 /home/pentasof/hrcrm.testpentas.in/agent/application/vendor/laravel/framework/src/Illuminate/Routing/Router.php(651): Illuminate\\Routing\\Router->dispatchToRoute(Object(Illuminate\\Http\\Request))
#49 /home/pentasof/hrcrm.testpentas.in/agent/application/vendor/laravel/framework/src/Illuminate/Foundation/Http/Kernel.php(167): Illuminate\\Routing\\Router->dispatch(Object(Illuminate\\Http\\Request))
#50 /home/pentasof/hrcrm.testpentas.in/agent/application/vendor/laravel/framework/src/Illuminate/Pipeline/Pipeline.php(128): Illuminate\\Foundation\\Http\\Kernel->Illuminate\\Foundation\\Http\\{closure}(Object(Illuminate\\Http\\Request))
#51 /home/pentasof/hrcrm.testpentas.in/agent/application/vendor/barryvdh/laravel-debugbar/src/Middleware/InjectDebugbar.php(59): Illuminate\\Pipeline\\Pipeline->Illuminate\\Pipeline\\{closure}(Object(Illuminate\\Http\\Request))
#52 /home/pentasof/hrcrm.testpentas.in/agent/application/vendor/laravel/framework/src/Illuminate/Pipeline/Pipeline.php(167): Barryvdh\\Debugbar\\Middleware\\InjectDebugbar->handle(Object(Illuminate\\Http\\Request), Object(Closure))
#53 /home/pentasof/hrcrm.testpentas.in/agent/application/vendor/fideloper/proxy/src/TrustProxies.php(57): Illuminate\\Pipeline\\Pipeline->Illuminate\\Pipeline\\{closure}(Object(Illuminate\\Http\\Request))
#54 /home/pentasof/hrcrm.testpentas.in/agent/application/vendor/laravel/framework/src/Illuminate/Pipeline/Pipeline.php(167): Fideloper\\Proxy\\TrustProxies->handle(Object(Illuminate\\Http\\Request), Object(Closure))
#55 /home/pentasof/hrcrm.testpentas.in/agent/application/vendor/laravel/framework/src/Illuminate/Foundation/Http/Middleware/TransformsRequest.php(21): Illuminate\\Pipeline\\Pipeline->Illuminate\\Pipeline\\{closure}(Object(Illuminate\\Http\\Request))
#56 /home/pentasof/hrcrm.testpentas.in/agent/application/vendor/laravel/framework/src/Illuminate/Foundation/Http/Middleware/ConvertEmptyStringsToNull.php(31): Illuminate\\Foundation\\Http\\Middleware\\TransformsRequest->handle(Object(Illuminate\\Http\\Request), Object(Closure))
#57 /home/pentasof/hrcrm.testpentas.in/agent/application/vendor/laravel/framework/src/Illuminate/Pipeline/Pipeline.php(167): Illuminate\\Foundation\\Http\\Middleware\\ConvertEmptyStringsToNull->handle(Object(Illuminate\\Http\\Request), Object(Closure))
#58 /home/pentasof/hrcrm.testpentas.in/agent/application/vendor/laravel/framework/src/Illuminate/Foundation/Http/Middleware/TransformsRequest.php(21): Illuminate\\Pipeline\\Pipeline->Illuminate\\Pipeline\\{closure}(Object(Illuminate\\Http\\Request))
#59 /home/pentasof/hrcrm.testpentas.in/agent/application/vendor/laravel/framework/src/Illuminate/Foundation/Http/Middleware/TrimStrings.php(40): Illuminate\\Foundation\\Http\\Middleware\\TransformsRequest->handle(Object(Illuminate\\Http\\Request), Object(Closure))
#60 /home/pentasof/hrcrm.testpentas.in/agent/application/vendor/laravel/framework/src/Illuminate/Pipeline/Pipeline.php(167): Illuminate\\Foundation\\Http\\Middleware\\TrimStrings->handle(Object(Illuminate\\Http\\Request), Object(Closure))
#61 /home/pentasof/hrcrm.testpentas.in/agent/application/vendor/laravel/framework/src/Illuminate/Foundation/Http/Middleware/ValidatePostSize.php(27): Illuminate\\Pipeline\\Pipeline->Illuminate\\Pipeline\\{closure}(Object(Illuminate\\Http\\Request))
#62 /home/pentasof/hrcrm.testpentas.in/agent/application/vendor/laravel/framework/src/Illuminate/Pipeline/Pipeline.php(167): Illuminate\\Foundation\\Http\\Middleware\\ValidatePostSize->handle(Object(Illuminate\\Http\\Request), Object(Closure))
#63 /home/pentasof/hrcrm.testpentas.in/agent/application/vendor/laravel/framework/src/Illuminate/Foundation/Http/Middleware/PreventRequestsDuringMaintenance.php(86): Illuminate\\Pipeline\\Pipeline->Illuminate\\Pipeline\\{closure}(Object(Illuminate\\Http\\Request))
#64 /home/pentasof/hrcrm.testpentas.in/agent/application/vendor/laravel/framework/src/Illuminate/Pipeline/Pipeline.php(167): Illuminate\\Foundation\\Http\\Middleware\\PreventRequestsDuringMaintenance->handle(Object(Illuminate\\Http\\Request), Object(Closure))
#65 /home/pentasof/hrcrm.testpentas.in/agent/application/vendor/laravel/framework/src/Illuminate/Pipeline/Pipeline.php(103): Illuminate\\Pipeline\\Pipeline->Illuminate\\Pipeline\\{closure}(Object(Illuminate\\Http\\Request))
#66 /home/pentasof/hrcrm.testpentas.in/agent/application/vendor/laravel/framework/src/Illuminate/Foundation/Http/Kernel.php(142): Illuminate\\Pipeline\\Pipeline->then(Object(Closure))
#67 /home/pentasof/hrcrm.testpentas.in/agent/application/vendor/laravel/framework/src/Illuminate/Foundation/Http/Kernel.php(111): Illuminate\\Foundation\\Http\\Kernel->sendRequestThroughRouter(Object(Illuminate\\Http\\Request))
#68 /home/pentasof/hrcrm.testpentas.in/agent/index.php(91): Illuminate\\Foundation\\Http\\Kernel->handle(Object(Illuminate\\Http\\Request))
#69 {main}
"} 
[2024-07-08 06:59:34] production.ERROR: SQLSTATE[HY000] [2002] Connection refused (SQL: select * from `settings` left join `settings2` on `settings2`.`settings2_id` = `settings`.`settings_id` where `settings_id` = 1 limit 1) {"exception":"[object] (Illuminate\\Database\\QueryException(code: 2002): SQLSTATE[HY000] [2002] Connection refused (SQL: select * from `settings` left join `settings2` on `settings2`.`settings2_id` = `settings`.`settings_id` where `settings_id` = 1 limit 1) at /home/pentasof/hrcrm.testpentas.in/agent/application/vendor/laravel/framework/src/Illuminate/Database/Connection.php:712)
[stacktrace]
#0 /home/pentasof/hrcrm.testpentas.in/agent/application/vendor/laravel/framework/src/Illuminate/Database/Connection.php(784): Illuminate\\Database\\Connection->runQueryCallback('select * from `...', Array, Object(Closure))
#1 /home/pentasof/hrcrm.testpentas.in/agent/application/vendor/laravel/framework/src/Illuminate/Database/Connection.php(763): Illuminate\\Database\\Connection->tryAgainIfCausedByLostConnection(Object(Illuminate\\Database\\QueryException), 'select * from `...', Array, Object(Closure))
#2 /home/pentasof/hrcrm.testpentas.in/agent/application/vendor/laravel/framework/src/Illuminate/Database/Connection.php(674): Illuminate\\Database\\Connection->handleQueryException(Object(Illuminate\\Database\\QueryException), 'select * from `...', Array, Object(Closure))
#3 /home/pentasof/hrcrm.testpentas.in/agent/application/vendor/laravel/framework/src/Illuminate/Database/Connection.php(359): Illuminate\\Database\\Connection->run('select * from `...', Array, Object(Closure))
#4 /home/pentasof/hrcrm.testpentas.in/agent/application/vendor/laravel/framework/src/Illuminate/Database/Query/Builder.php(2413): Illuminate\\Database\\Connection->select('select * from `...', Array, true)
#5 /home/pentasof/hrcrm.testpentas.in/agent/application/vendor/laravel/framework/src/Illuminate/Database/Query/Builder.php(2402): Illuminate\\Database\\Query\\Builder->runSelect()
#6 /home/pentasof/hrcrm.testpentas.in/agent/application/vendor/laravel/framework/src/Illuminate/Database/Query/Builder.php(2936): Illuminate\\Database\\Query\\Builder->Illuminate\\Database\\Query\\{closure}()
#7 /home/pentasof/hrcrm.testpentas.in/agent/application/vendor/laravel/framework/src/Illuminate/Database/Query/Builder.php(2401): Illuminate\\Database\\Query\\Builder->onceWithColumns(Array, Object(Closure))
#8 /home/pentasof/hrcrm.testpentas.in/agent/application/vendor/laravel/framework/src/Illuminate/Database/Eloquent/Builder.php(625): Illuminate\\Database\\Query\\Builder->get(Array)
#9 /home/pentasof/hrcrm.testpentas.in/agent/application/vendor/laravel/framework/src/Illuminate/Database/Eloquent/Builder.php(609): Illuminate\\Database\\Eloquent\\Builder->getModels(Array)
#10 /home/pentasof/hrcrm.testpentas.in/agent/application/vendor/laravel/framework/src/Illuminate/Database/Concerns/BuildsQueries.php(294): Illuminate\\Database\\Eloquent\\Builder->get(Array)
#11 /home/pentasof/hrcrm.testpentas.in/agent/application/app/Providers/ConfigSystemServiceProvider.php(30): Illuminate\\Database\\Eloquent\\Builder->first()
#12 /home/pentasof/hrcrm.testpentas.in/agent/application/vendor/laravel/framework/src/Illuminate/Container/BoundMethod.php(36): App\\Providers\\ConfigSystemServiceProvider->boot()
#13 /home/pentasof/hrcrm.testpentas.in/agent/application/vendor/laravel/framework/src/Illuminate/Container/Util.php(40): Illuminate\\Container\\BoundMethod::Illuminate\\Container\\{closure}()
#14 /home/pentasof/hrcrm.testpentas.in/agent/application/vendor/laravel/framework/src/Illuminate/Container/BoundMethod.php(93): Illuminate\\Container\\Util::unwrapIfClosure(Object(Closure))
#15 /home/pentasof/hrcrm.testpentas.in/agent/application/vendor/laravel/framework/src/Illuminate/Container/BoundMethod.php(35): Illuminate\\Container\\BoundMethod::callBoundMethod(Object(Illuminate\\Foundation\\Application), Array, Object(Closure))
#16 /home/pentasof/hrcrm.testpentas.in/agent/application/vendor/laravel/framework/src/Illuminate/Container/Container.php(653): Illuminate\\Container\\BoundMethod::call(Object(Illuminate\\Foundation\\Application), Array, Array, NULL)
#17 /home/pentasof/hrcrm.testpentas.in/agent/application/vendor/laravel/framework/src/Illuminate/Foundation/Application.php(924): Illuminate\\Container\\Container->call(Array)
#18 /home/pentasof/hrcrm.testpentas.in/agent/application/vendor/laravel/framework/src/Illuminate/Foundation/Application.php(905): Illuminate\\Foundation\\Application->bootProvider(Object(App\\Providers\\ConfigSystemServiceProvider))
#19 [internal function]: Illuminate\\Foundation\\Application->Illuminate\\Foundation\\{closure}(Object(App\\Providers\\ConfigSystemServiceProvider), 32)
#20 /home/pentasof/hrcrm.testpentas.in/agent/application/vendor/laravel/framework/src/Illuminate/Foundation/Application.php(904): array_walk(Array, Object(Closure))
#21 /home/pentasof/hrcrm.testpentas.in/agent/application/vendor/laravel/framework/src/Illuminate/Foundation/Bootstrap/BootProviders.php(17): Illuminate\\Foundation\\Application->boot()
#22 /home/pentasof/hrcrm.testpentas.in/agent/application/vendor/laravel/framework/src/Illuminate/Foundation/Application.php(237): Illuminate\\Foundation\\Bootstrap\\BootProviders->bootstrap(Object(Illuminate\\Foundation\\Application))
#23 /home/pentasof/hrcrm.testpentas.in/agent/application/vendor/laravel/framework/src/Illuminate/Foundation/Http/Kernel.php(153): Illuminate\\Foundation\\Application->bootstrapWith(Array)
#24 /home/pentasof/hrcrm.testpentas.in/agent/application/vendor/laravel/framework/src/Illuminate/Foundation/Http/Kernel.php(137): Illuminate\\Foundation\\Http\\Kernel->bootstrap()
#25 /home/pentasof/hrcrm.testpentas.in/agent/application/vendor/laravel/framework/src/Illuminate/Foundation/Http/Kernel.php(111): Illuminate\\Foundation\\Http\\Kernel->sendRequestThroughRouter(Object(Illuminate\\Http\\Request))
#26 /home/pentasof/hrcrm.testpentas.in/agent/index.php(91): Illuminate\\Foundation\\Http\\Kernel->handle(Object(Illuminate\\Http\\Request))
#27 {main}

[previous exception] [object] (PDOException(code: 2002): SQLSTATE[HY000] [2002] Connection refused at /home/pentasof/hrcrm.testpentas.in/agent/application/vendor/laravel/framework/src/Illuminate/Database/Connectors/Connector.php:70)
[stacktrace]
#0 /home/pentasof/hrcrm.testpentas.in/agent/application/vendor/laravel/framework/src/Illuminate/Database/Connectors/Connector.php(70): PDO->__construct('mysql:host=loca...', 'pentasof_crm', Object(SensitiveParameterValue), Array)
#1 /home/pentasof/hrcrm.testpentas.in/agent/application/vendor/laravel/framework/src/Illuminate/Database/Connectors/Connector.php(100): Illuminate\\Database\\Connectors\\Connector->createPdoConnection('mysql:host=loca...', 'pentasof_crm', 'pentasof_crm', Array)
#2 /home/pentasof/hrcrm.testpentas.in/agent/application/vendor/laravel/framework/src/Illuminate/Database/Connectors/Connector.php(49): Illuminate\\Database\\Connectors\\Connector->tryAgainIfCausedByLostConnection(Object(PDOException), 'mysql:host=loca...', 'pentasof_crm', 'pentasof_crm', Array)
#3 /home/pentasof/hrcrm.testpentas.in/agent/application/vendor/laravel/framework/src/Illuminate/Database/Connectors/MySqlConnector.php(24): Illuminate\\Database\\Connectors\\Connector->createConnection('mysql:host=loca...', Array, Array)
#4 /home/pentasof/hrcrm.testpentas.in/agent/application/vendor/laravel/framework/src/Illuminate/Database/Connectors/ConnectionFactory.php(184): Illuminate\\Database\\Connectors\\MySqlConnector->connect(Array)
#5 [internal function]: Illuminate\\Database\\Connectors\\ConnectionFactory->Illuminate\\Database\\Connectors\\{closure}()
#6 /home/pentasof/hrcrm.testpentas.in/agent/application/vendor/laravel/framework/src/Illuminate/Database/Connection.php(1064): call_user_func(Object(Closure))
#7 /home/pentasof/hrcrm.testpentas.in/agent/application/vendor/laravel/framework/src/Illuminate/Database/Connection.php(1100): Illuminate\\Database\\Connection->getPdo()
#8 /home/pentasof/hrcrm.testpentas.in/agent/application/vendor/laravel/framework/src/Illuminate/Database/Connection.php(442): Illuminate\\Database\\Connection->getReadPdo()
#9 /home/pentasof/hrcrm.testpentas.in/agent/application/vendor/laravel/framework/src/Illuminate/Database/Connection.php(368): Illuminate\\Database\\Connection->getPdoForSelect(true)
#10 /home/pentasof/hrcrm.testpentas.in/agent/application/vendor/laravel/framework/src/Illuminate/Database/Connection.php(705): Illuminate\\Database\\Connection->Illuminate\\Database\\{closure}('select * from `...', Array)
#11 /home/pentasof/hrcrm.testpentas.in/agent/application/vendor/laravel/framework/src/Illuminate/Database/Connection.php(784): Illuminate\\Database\\Connection->runQueryCallback('select * from `...', Array, Object(Closure))
#12 /home/pentasof/hrcrm.testpentas.in/agent/application/vendor/laravel/framework/src/Illuminate/Database/Connection.php(763): Illuminate\\Database\\Connection->tryAgainIfCausedByLostConnection(Object(Illuminate\\Database\\QueryException), 'select * from `...', Array, Object(Closure))
#13 /home/pentasof/hrcrm.testpentas.in/agent/application/vendor/laravel/framework/src/Illuminate/Database/Connection.php(674): Illuminate\\Database\\Connection->handleQueryException(Object(Illuminate\\Database\\QueryException), 'select * from `...', Array, Object(Closure))
#14 /home/pentasof/hrcrm.testpentas.in/agent/application/vendor/laravel/framework/src/Illuminate/Database/Connection.php(359): Illuminate\\Database\\Connection->run('select * from `...', Array, Object(Closure))
#15 /home/pentasof/hrcrm.testpentas.in/agent/application/vendor/laravel/framework/src/Illuminate/Database/Query/Builder.php(2413): Illuminate\\Database\\Connection->select('select * from `...', Array, true)
#16 /home/pentasof/hrcrm.testpentas.in/agent/application/vendor/laravel/framework/src/Illuminate/Database/Query/Builder.php(2402): Illuminate\\Database\\Query\\Builder->runSelect()
#17 /home/pentasof/hrcrm.testpentas.in/agent/application/vendor/laravel/framework/src/Illuminate/Database/Query/Builder.php(2936): Illuminate\\Database\\Query\\Builder->Illuminate\\Database\\Query\\{closure}()
#18 /home/pentasof/hrcrm.testpentas.in/agent/application/vendor/laravel/framework/src/Illuminate/Database/Query/Builder.php(2401): Illuminate\\Database\\Query\\Builder->onceWithColumns(Array, Object(Closure))
#19 /home/pentasof/hrcrm.testpentas.in/agent/application/vendor/laravel/framework/src/Illuminate/Database/Eloquent/Builder.php(625): Illuminate\\Database\\Query\\Builder->get(Array)
#20 /home/pentasof/hrcrm.testpentas.in/agent/application/vendor/laravel/framework/src/Illuminate/Database/Eloquent/Builder.php(609): Illuminate\\Database\\Eloquent\\Builder->getModels(Array)
#21 /home/pentasof/hrcrm.testpentas.in/agent/application/vendor/laravel/framework/src/Illuminate/Database/Concerns/BuildsQueries.php(294): Illuminate\\Database\\Eloquent\\Builder->get(Array)
#22 /home/pentasof/hrcrm.testpentas.in/agent/application/app/Providers/ConfigSystemServiceProvider.php(30): Illuminate\\Database\\Eloquent\\Builder->first()
#23 /home/pentasof/hrcrm.testpentas.in/agent/application/vendor/laravel/framework/src/Illuminate/Container/BoundMethod.php(36): App\\Providers\\ConfigSystemServiceProvider->boot()
#24 /home/pentasof/hrcrm.testpentas.in/agent/application/vendor/laravel/framework/src/Illuminate/Container/Util.php(40): Illuminate\\Container\\BoundMethod::Illuminate\\Container\\{closure}()
#25 /home/pentasof/hrcrm.testpentas.in/agent/application/vendor/laravel/framework/src/Illuminate/Container/BoundMethod.php(93): Illuminate\\Container\\Util::unwrapIfClosure(Object(Closure))
#26 /home/pentasof/hrcrm.testpentas.in/agent/application/vendor/laravel/framework/src/Illuminate/Container/BoundMethod.php(35): Illuminate\\Container\\BoundMethod::callBoundMethod(Object(Illuminate\\Foundation\\Application), Array, Object(Closure))
#27 /home/pentasof/hrcrm.testpentas.in/agent/application/vendor/laravel/framework/src/Illuminate/Container/Container.php(653): Illuminate\\Container\\BoundMethod::call(Object(Illuminate\\Foundation\\Application), Array, Array, NULL)
#28 /home/pentasof/hrcrm.testpentas.in/agent/application/vendor/laravel/framework/src/Illuminate/Foundation/Application.php(924): Illuminate\\Container\\Container->call(Array)
#29 /home/pentasof/hrcrm.testpentas.in/agent/application/vendor/laravel/framework/src/Illuminate/Foundation/Application.php(905): Illuminate\\Foundation\\Application->bootProvider(Object(App\\Providers\\ConfigSystemServiceProvider))
#30 [internal function]: Illuminate\\Foundation\\Application->Illuminate\\Foundation\\{closure}(Object(App\\Providers\\ConfigSystemServiceProvider), 32)
#31 /home/pentasof/hrcrm.testpentas.in/agent/application/vendor/laravel/framework/src/Illuminate/Foundation/Application.php(904): array_walk(Array, Object(Closure))
#32 /home/pentasof/hrcrm.testpentas.in/agent/application/vendor/laravel/framework/src/Illuminate/Foundation/Bootstrap/BootProviders.php(17): Illuminate\\Foundation\\Application->boot()
#33 /home/pentasof/hrcrm.testpentas.in/agent/application/vendor/laravel/framework/src/Illuminate/Foundation/Application.php(237): Illuminate\\Foundation\\Bootstrap\\BootProviders->bootstrap(Object(Illuminate\\Foundation\\Application))
#34 /home/pentasof/hrcrm.testpentas.in/agent/application/vendor/laravel/framework/src/Illuminate/Foundation/Http/Kernel.php(153): Illuminate\\Foundation\\Application->bootstrapWith(Array)
#35 /home/pentasof/hrcrm.testpentas.in/agent/application/vendor/laravel/framework/src/Illuminate/Foundation/Http/Kernel.php(137): Illuminate\\Foundation\\Http\\Kernel->bootstrap()
#36 /home/pentasof/hrcrm.testpentas.in/agent/application/vendor/laravel/framework/src/Illuminate/Foundation/Http/Kernel.php(111): Illuminate\\Foundation\\Http\\Kernel->sendRequestThroughRouter(Object(Illuminate\\Http\\Request))
#37 /home/pentasof/hrcrm.testpentas.in/agent/index.php(91): Illuminate\\Foundation\\Http\\Kernel->handle(Object(Illuminate\\Http\\Request))
#38 {main}
"} 
[2024-07-08 06:59:47] production.ERROR: SQLSTATE[HY000] [2002] Connection refused (SQL: select * from `settings` left join `settings2` on `settings2`.`settings2_id` = `settings`.`settings_id` where `settings_id` = 1 limit 1) {"exception":"[object] (Illuminate\\Database\\QueryException(code: 2002): SQLSTATE[HY000] [2002] Connection refused (SQL: select * from `settings` left join `settings2` on `settings2`.`settings2_id` = `settings`.`settings_id` where `settings_id` = 1 limit 1) at /home/pentasof/hrcrm.testpentas.in/agent/application/vendor/laravel/framework/src/Illuminate/Database/Connection.php:712)
[stacktrace]
#0 /home/pentasof/hrcrm.testpentas.in/agent/application/vendor/laravel/framework/src/Illuminate/Database/Connection.php(784): Illuminate\\Database\\Connection->runQueryCallback('select * from `...', Array, Object(Closure))
#1 /home/pentasof/hrcrm.testpentas.in/agent/application/vendor/laravel/framework/src/Illuminate/Database/Connection.php(763): Illuminate\\Database\\Connection->tryAgainIfCausedByLostConnection(Object(Illuminate\\Database\\QueryException), 'select * from `...', Array, Object(Closure))
#2 /home/pentasof/hrcrm.testpentas.in/agent/application/vendor/laravel/framework/src/Illuminate/Database/Connection.php(674): Illuminate\\Database\\Connection->handleQueryException(Object(Illuminate\\Database\\QueryException), 'select * from `...', Array, Object(Closure))
#3 /home/pentasof/hrcrm.testpentas.in/agent/application/vendor/laravel/framework/src/Illuminate/Database/Connection.php(359): Illuminate\\Database\\Connection->run('select * from `...', Array, Object(Closure))
#4 /home/pentasof/hrcrm.testpentas.in/agent/application/vendor/laravel/framework/src/Illuminate/Database/Query/Builder.php(2413): Illuminate\\Database\\Connection->select('select * from `...', Array, true)
#5 /home/pentasof/hrcrm.testpentas.in/agent/application/vendor/laravel/framework/src/Illuminate/Database/Query/Builder.php(2402): Illuminate\\Database\\Query\\Builder->runSelect()
#6 /home/pentasof/hrcrm.testpentas.in/agent/application/vendor/laravel/framework/src/Illuminate/Database/Query/Builder.php(2936): Illuminate\\Database\\Query\\Builder->Illuminate\\Database\\Query\\{closure}()
#7 /home/pentasof/hrcrm.testpentas.in/agent/application/vendor/laravel/framework/src/Illuminate/Database/Query/Builder.php(2401): Illuminate\\Database\\Query\\Builder->onceWithColumns(Array, Object(Closure))
#8 /home/pentasof/hrcrm.testpentas.in/agent/application/vendor/laravel/framework/src/Illuminate/Database/Eloquent/Builder.php(625): Illuminate\\Database\\Query\\Builder->get(Array)
#9 /home/pentasof/hrcrm.testpentas.in/agent/application/vendor/laravel/framework/src/Illuminate/Database/Eloquent/Builder.php(609): Illuminate\\Database\\Eloquent\\Builder->getModels(Array)
#10 /home/pentasof/hrcrm.testpentas.in/agent/application/vendor/laravel/framework/src/Illuminate/Database/Concerns/BuildsQueries.php(294): Illuminate\\Database\\Eloquent\\Builder->get(Array)
#11 /home/pentasof/hrcrm.testpentas.in/agent/application/app/Providers/ConfigSystemServiceProvider.php(30): Illuminate\\Database\\Eloquent\\Builder->first()
#12 /home/pentasof/hrcrm.testpentas.in/agent/application/vendor/laravel/framework/src/Illuminate/Container/BoundMethod.php(36): App\\Providers\\ConfigSystemServiceProvider->boot()
#13 /home/pentasof/hrcrm.testpentas.in/agent/application/vendor/laravel/framework/src/Illuminate/Container/Util.php(40): Illuminate\\Container\\BoundMethod::Illuminate\\Container\\{closure}()
#14 /home/pentasof/hrcrm.testpentas.in/agent/application/vendor/laravel/framework/src/Illuminate/Container/BoundMethod.php(93): Illuminate\\Container\\Util::unwrapIfClosure(Object(Closure))
#15 /home/pentasof/hrcrm.testpentas.in/agent/application/vendor/laravel/framework/src/Illuminate/Container/BoundMethod.php(35): Illuminate\\Container\\BoundMethod::callBoundMethod(Object(Illuminate\\Foundation\\Application), Array, Object(Closure))
#16 /home/pentasof/hrcrm.testpentas.in/agent/application/vendor/laravel/framework/src/Illuminate/Container/Container.php(653): Illuminate\\Container\\BoundMethod::call(Object(Illuminate\\Foundation\\Application), Array, Array, NULL)
#17 /home/pentasof/hrcrm.testpentas.in/agent/application/vendor/laravel/framework/src/Illuminate/Foundation/Application.php(924): Illuminate\\Container\\Container->call(Array)
#18 /home/pentasof/hrcrm.testpentas.in/agent/application/vendor/laravel/framework/src/Illuminate/Foundation/Application.php(905): Illuminate\\Foundation\\Application->bootProvider(Object(App\\Providers\\ConfigSystemServiceProvider))
#19 [internal function]: Illuminate\\Foundation\\Application->Illuminate\\Foundation\\{closure}(Object(App\\Providers\\ConfigSystemServiceProvider), 32)
#20 /home/pentasof/hrcrm.testpentas.in/agent/application/vendor/laravel/framework/src/Illuminate/Foundation/Application.php(904): array_walk(Array, Object(Closure))
#21 /home/pentasof/hrcrm.testpentas.in/agent/application/vendor/laravel/framework/src/Illuminate/Foundation/Bootstrap/BootProviders.php(17): Illuminate\\Foundation\\Application->boot()
#22 /home/pentasof/hrcrm.testpentas.in/agent/application/vendor/laravel/framework/src/Illuminate/Foundation/Application.php(237): Illuminate\\Foundation\\Bootstrap\\BootProviders->bootstrap(Object(Illuminate\\Foundation\\Application))
#23 /home/pentasof/hrcrm.testpentas.in/agent/application/vendor/laravel/framework/src/Illuminate/Foundation/Http/Kernel.php(153): Illuminate\\Foundation\\Application->bootstrapWith(Array)
#24 /home/pentasof/hrcrm.testpentas.in/agent/application/vendor/laravel/framework/src/Illuminate/Foundation/Http/Kernel.php(137): Illuminate\\Foundation\\Http\\Kernel->bootstrap()
#25 /home/pentasof/hrcrm.testpentas.in/agent/application/vendor/laravel/framework/src/Illuminate/Foundation/Http/Kernel.php(111): Illuminate\\Foundation\\Http\\Kernel->sendRequestThroughRouter(Object(Illuminate\\Http\\Request))
#26 /home/pentasof/hrcrm.testpentas.in/agent/index.php(91): Illuminate\\Foundation\\Http\\Kernel->handle(Object(Illuminate\\Http\\Request))
#27 {main}

[previous exception] [object] (PDOException(code: 2002): SQLSTATE[HY000] [2002] Connection refused at /home/pentasof/hrcrm.testpentas.in/agent/application/vendor/laravel/framework/src/Illuminate/Database/Connectors/Connector.php:70)
[stacktrace]
#0 /home/pentasof/hrcrm.testpentas.in/agent/application/vendor/laravel/framework/src/Illuminate/Database/Connectors/Connector.php(70): PDO->__construct('mysql:host=loca...', 'pentasof_crm', Object(SensitiveParameterValue), Array)
#1 /home/pentasof/hrcrm.testpentas.in/agent/application/vendor/laravel/framework/src/Illuminate/Database/Connectors/Connector.php(100): Illuminate\\Database\\Connectors\\Connector->createPdoConnection('mysql:host=loca...', 'pentasof_crm', 'pentasof_crm', Array)
#2 /home/pentasof/hrcrm.testpentas.in/agent/application/vendor/laravel/framework/src/Illuminate/Database/Connectors/Connector.php(49): Illuminate\\Database\\Connectors\\Connector->tryAgainIfCausedByLostConnection(Object(PDOException), 'mysql:host=loca...', 'pentasof_crm', 'pentasof_crm', Array)
#3 /home/pentasof/hrcrm.testpentas.in/agent/application/vendor/laravel/framework/src/Illuminate/Database/Connectors/MySqlConnector.php(24): Illuminate\\Database\\Connectors\\Connector->createConnection('mysql:host=loca...', Array, Array)
#4 /home/pentasof/hrcrm.testpentas.in/agent/application/vendor/laravel/framework/src/Illuminate/Database/Connectors/ConnectionFactory.php(184): Illuminate\\Database\\Connectors\\MySqlConnector->connect(Array)
#5 [internal function]: Illuminate\\Database\\Connectors\\ConnectionFactory->Illuminate\\Database\\Connectors\\{closure}()
#6 /home/pentasof/hrcrm.testpentas.in/agent/application/vendor/laravel/framework/src/Illuminate/Database/Connection.php(1064): call_user_func(Object(Closure))
#7 /home/pentasof/hrcrm.testpentas.in/agent/application/vendor/laravel/framework/src/Illuminate/Database/Connection.php(1100): Illuminate\\Database\\Connection->getPdo()
#8 /home/pentasof/hrcrm.testpentas.in/agent/application/vendor/laravel/framework/src/Illuminate/Database/Connection.php(442): Illuminate\\Database\\Connection->getReadPdo()
#9 /home/pentasof/hrcrm.testpentas.in/agent/application/vendor/laravel/framework/src/Illuminate/Database/Connection.php(368): Illuminate\\Database\\Connection->getPdoForSelect(true)
#10 /home/pentasof/hrcrm.testpentas.in/agent/application/vendor/laravel/framework/src/Illuminate/Database/Connection.php(705): Illuminate\\Database\\Connection->Illuminate\\Database\\{closure}('select * from `...', Array)
#11 /home/pentasof/hrcrm.testpentas.in/agent/application/vendor/laravel/framework/src/Illuminate/Database/Connection.php(784): Illuminate\\Database\\Connection->runQueryCallback('select * from `...', Array, Object(Closure))
#12 /home/pentasof/hrcrm.testpentas.in/agent/application/vendor/laravel/framework/src/Illuminate/Database/Connection.php(763): Illuminate\\Database\\Connection->tryAgainIfCausedByLostConnection(Object(Illuminate\\Database\\QueryException), 'select * from `...', Array, Object(Closure))
#13 /home/pentasof/hrcrm.testpentas.in/agent/application/vendor/laravel/framework/src/Illuminate/Database/Connection.php(674): Illuminate\\Database\\Connection->handleQueryException(Object(Illuminate\\Database\\QueryException), 'select * from `...', Array, Object(Closure))
#14 /home/pentasof/hrcrm.testpentas.in/agent/application/vendor/laravel/framework/src/Illuminate/Database/Connection.php(359): Illuminate\\Database\\Connection->run('select * from `...', Array, Object(Closure))
#15 /home/pentasof/hrcrm.testpentas.in/agent/application/vendor/laravel/framework/src/Illuminate/Database/Query/Builder.php(2413): Illuminate\\Database\\Connection->select('select * from `...', Array, true)
#16 /home/pentasof/hrcrm.testpentas.in/agent/application/vendor/laravel/framework/src/Illuminate/Database/Query/Builder.php(2402): Illuminate\\Database\\Query\\Builder->runSelect()
#17 /home/pentasof/hrcrm.testpentas.in/agent/application/vendor/laravel/framework/src/Illuminate/Database/Query/Builder.php(2936): Illuminate\\Database\\Query\\Builder->Illuminate\\Database\\Query\\{closure}()
#18 /home/pentasof/hrcrm.testpentas.in/agent/application/vendor/laravel/framework/src/Illuminate/Database/Query/Builder.php(2401): Illuminate\\Database\\Query\\Builder->onceWithColumns(Array, Object(Closure))
#19 /home/pentasof/hrcrm.testpentas.in/agent/application/vendor/laravel/framework/src/Illuminate/Database/Eloquent/Builder.php(625): Illuminate\\Database\\Query\\Builder->get(Array)
#20 /home/pentasof/hrcrm.testpentas.in/agent/application/vendor/laravel/framework/src/Illuminate/Database/Eloquent/Builder.php(609): Illuminate\\Database\\Eloquent\\Builder->getModels(Array)
#21 /home/pentasof/hrcrm.testpentas.in/agent/application/vendor/laravel/framework/src/Illuminate/Database/Concerns/BuildsQueries.php(294): Illuminate\\Database\\Eloquent\\Builder->get(Array)
#22 /home/pentasof/hrcrm.testpentas.in/agent/application/app/Providers/ConfigSystemServiceProvider.php(30): Illuminate\\Database\\Eloquent\\Builder->first()
#23 /home/pentasof/hrcrm.testpentas.in/agent/application/vendor/laravel/framework/src/Illuminate/Container/BoundMethod.php(36): App\\Providers\\ConfigSystemServiceProvider->boot()
#24 /home/pentasof/hrcrm.testpentas.in/agent/application/vendor/laravel/framework/src/Illuminate/Container/Util.php(40): Illuminate\\Container\\BoundMethod::Illuminate\\Container\\{closure}()
#25 /home/pentasof/hrcrm.testpentas.in/agent/application/vendor/laravel/framework/src/Illuminate/Container/BoundMethod.php(93): Illuminate\\Container\\Util::unwrapIfClosure(Object(Closure))
#26 /home/pentasof/hrcrm.testpentas.in/agent/application/vendor/laravel/framework/src/Illuminate/Container/BoundMethod.php(35): Illuminate\\Container\\BoundMethod::callBoundMethod(Object(Illuminate\\Foundation\\Application), Array, Object(Closure))
#27 /home/pentasof/hrcrm.testpentas.in/agent/application/vendor/laravel/framework/src/Illuminate/Container/Container.php(653): Illuminate\\Container\\BoundMethod::call(Object(Illuminate\\Foundation\\Application), Array, Array, NULL)
#28 /home/pentasof/hrcrm.testpentas.in/agent/application/vendor/laravel/framework/src/Illuminate/Foundation/Application.php(924): Illuminate\\Container\\Container->call(Array)
#29 /home/pentasof/hrcrm.testpentas.in/agent/application/vendor/laravel/framework/src/Illuminate/Foundation/Application.php(905): Illuminate\\Foundation\\Application->bootProvider(Object(App\\Providers\\ConfigSystemServiceProvider))
#30 [internal function]: Illuminate\\Foundation\\Application->Illuminate\\Foundation\\{closure}(Object(App\\Providers\\ConfigSystemServiceProvider), 32)
#31 /home/pentasof/hrcrm.testpentas.in/agent/application/vendor/laravel/framework/src/Illuminate/Foundation/Application.php(904): array_walk(Array, Object(Closure))
#32 /home/pentasof/hrcrm.testpentas.in/agent/application/vendor/laravel/framework/src/Illuminate/Foundation/Bootstrap/BootProviders.php(17): Illuminate\\Foundation\\Application->boot()
#33 /home/pentasof/hrcrm.testpentas.in/agent/application/vendor/laravel/framework/src/Illuminate/Foundation/Application.php(237): Illuminate\\Foundation\\Bootstrap\\BootProviders->bootstrap(Object(Illuminate\\Foundation\\Application))
#34 /home/pentasof/hrcrm.testpentas.in/agent/application/vendor/laravel/framework/src/Illuminate/Foundation/Http/Kernel.php(153): Illuminate\\Foundation\\Application->bootstrapWith(Array)
#35 /home/pentasof/hrcrm.testpentas.in/agent/application/vendor/laravel/framework/src/Illuminate/Foundation/Http/Kernel.php(137): Illuminate\\Foundation\\Http\\Kernel->bootstrap()
#36 /home/pentasof/hrcrm.testpentas.in/agent/application/vendor/laravel/framework/src/Illuminate/Foundation/Http/Kernel.php(111): Illuminate\\Foundation\\Http\\Kernel->sendRequestThroughRouter(Object(Illuminate\\Http\\Request))
#37 /home/pentasof/hrcrm.testpentas.in/agent/index.php(91): Illuminate\\Foundation\\Http\\Kernel->handle(Object(Illuminate\\Http\\Request))
#38 {main}
"} 
[2024-07-08 06:59:50] production.ERROR: SQLSTATE[HY000] [2002] Connection refused (SQL: select * from `settings` left join `settings2` on `settings2`.`settings2_id` = `settings`.`settings_id` where `settings_id` = 1 limit 1) {"exception":"[object] (Illuminate\\Database\\QueryException(code: 2002): SQLSTATE[HY000] [2002] Connection refused (SQL: select * from `settings` left join `settings2` on `settings2`.`settings2_id` = `settings`.`settings_id` where `settings_id` = 1 limit 1) at /home/pentasof/hrcrm.testpentas.in/agent/application/vendor/laravel/framework/src/Illuminate/Database/Connection.php:712)
[stacktrace]
#0 /home/pentasof/hrcrm.testpentas.in/agent/application/vendor/laravel/framework/src/Illuminate/Database/Connection.php(784): Illuminate\\Database\\Connection->runQueryCallback('select * from `...', Array, Object(Closure))
#1 /home/pentasof/hrcrm.testpentas.in/agent/application/vendor/laravel/framework/src/Illuminate/Database/Connection.php(763): Illuminate\\Database\\Connection->tryAgainIfCausedByLostConnection(Object(Illuminate\\Database\\QueryException), 'select * from `...', Array, Object(Closure))
#2 /home/pentasof/hrcrm.testpentas.in/agent/application/vendor/laravel/framework/src/Illuminate/Database/Connection.php(674): Illuminate\\Database\\Connection->handleQueryException(Object(Illuminate\\Database\\QueryException), 'select * from `...', Array, Object(Closure))
#3 /home/pentasof/hrcrm.testpentas.in/agent/application/vendor/laravel/framework/src/Illuminate/Database/Connection.php(359): Illuminate\\Database\\Connection->run('select * from `...', Array, Object(Closure))
#4 /home/pentasof/hrcrm.testpentas.in/agent/application/vendor/laravel/framework/src/Illuminate/Database/Query/Builder.php(2413): Illuminate\\Database\\Connection->select('select * from `...', Array, true)
#5 /home/pentasof/hrcrm.testpentas.in/agent/application/vendor/laravel/framework/src/Illuminate/Database/Query/Builder.php(2402): Illuminate\\Database\\Query\\Builder->runSelect()
#6 /home/pentasof/hrcrm.testpentas.in/agent/application/vendor/laravel/framework/src/Illuminate/Database/Query/Builder.php(2936): Illuminate\\Database\\Query\\Builder->Illuminate\\Database\\Query\\{closure}()
#7 /home/pentasof/hrcrm.testpentas.in/agent/application/vendor/laravel/framework/src/Illuminate/Database/Query/Builder.php(2401): Illuminate\\Database\\Query\\Builder->onceWithColumns(Array, Object(Closure))
#8 /home/pentasof/hrcrm.testpentas.in/agent/application/vendor/laravel/framework/src/Illuminate/Database/Eloquent/Builder.php(625): Illuminate\\Database\\Query\\Builder->get(Array)
#9 /home/pentasof/hrcrm.testpentas.in/agent/application/vendor/laravel/framework/src/Illuminate/Database/Eloquent/Builder.php(609): Illuminate\\Database\\Eloquent\\Builder->getModels(Array)
#10 /home/pentasof/hrcrm.testpentas.in/agent/application/vendor/laravel/framework/src/Illuminate/Database/Concerns/BuildsQueries.php(294): Illuminate\\Database\\Eloquent\\Builder->get(Array)
#11 /home/pentasof/hrcrm.testpentas.in/agent/application/app/Providers/ConfigSystemServiceProvider.php(30): Illuminate\\Database\\Eloquent\\Builder->first()
#12 /home/pentasof/hrcrm.testpentas.in/agent/application/vendor/laravel/framework/src/Illuminate/Container/BoundMethod.php(36): App\\Providers\\ConfigSystemServiceProvider->boot()
#13 /home/pentasof/hrcrm.testpentas.in/agent/application/vendor/laravel/framework/src/Illuminate/Container/Util.php(40): Illuminate\\Container\\BoundMethod::Illuminate\\Container\\{closure}()
#14 /home/pentasof/hrcrm.testpentas.in/agent/application/vendor/laravel/framework/src/Illuminate/Container/BoundMethod.php(93): Illuminate\\Container\\Util::unwrapIfClosure(Object(Closure))
#15 /home/pentasof/hrcrm.testpentas.in/agent/application/vendor/laravel/framework/src/Illuminate/Container/BoundMethod.php(35): Illuminate\\Container\\BoundMethod::callBoundMethod(Object(Illuminate\\Foundation\\Application), Array, Object(Closure))
#16 /home/pentasof/hrcrm.testpentas.in/agent/application/vendor/laravel/framework/src/Illuminate/Container/Container.php(653): Illuminate\\Container\\BoundMethod::call(Object(Illuminate\\Foundation\\Application), Array, Array, NULL)
#17 /home/pentasof/hrcrm.testpentas.in/agent/application/vendor/laravel/framework/src/Illuminate/Foundation/Application.php(924): Illuminate\\Container\\Container->call(Array)
#18 /home/pentasof/hrcrm.testpentas.in/agent/application/vendor/laravel/framework/src/Illuminate/Foundation/Application.php(905): Illuminate\\Foundation\\Application->bootProvider(Object(App\\Providers\\ConfigSystemServiceProvider))
#19 [internal function]: Illuminate\\Foundation\\Application->Illuminate\\Foundation\\{closure}(Object(App\\Providers\\ConfigSystemServiceProvider), 32)
#20 /home/pentasof/hrcrm.testpentas.in/agent/application/vendor/laravel/framework/src/Illuminate/Foundation/Application.php(904): array_walk(Array, Object(Closure))
#21 /home/pentasof/hrcrm.testpentas.in/agent/application/vendor/laravel/framework/src/Illuminate/Foundation/Bootstrap/BootProviders.php(17): Illuminate\\Foundation\\Application->boot()
#22 /home/pentasof/hrcrm.testpentas.in/agent/application/vendor/laravel/framework/src/Illuminate/Foundation/Application.php(237): Illuminate\\Foundation\\Bootstrap\\BootProviders->bootstrap(Object(Illuminate\\Foundation\\Application))
#23 /home/pentasof/hrcrm.testpentas.in/agent/application/vendor/laravel/framework/src/Illuminate/Foundation/Http/Kernel.php(153): Illuminate\\Foundation\\Application->bootstrapWith(Array)
#24 /home/pentasof/hrcrm.testpentas.in/agent/application/vendor/laravel/framework/src/Illuminate/Foundation/Http/Kernel.php(137): Illuminate\\Foundation\\Http\\Kernel->bootstrap()
#25 /home/pentasof/hrcrm.testpentas.in/agent/application/vendor/laravel/framework/src/Illuminate/Foundation/Http/Kernel.php(111): Illuminate\\Foundation\\Http\\Kernel->sendRequestThroughRouter(Object(Illuminate\\Http\\Request))
#26 /home/pentasof/hrcrm.testpentas.in/agent/index.php(91): Illuminate\\Foundation\\Http\\Kernel->handle(Object(Illuminate\\Http\\Request))
#27 {main}

[previous exception] [object] (PDOException(code: 2002): SQLSTATE[HY000] [2002] Connection refused at /home/pentasof/hrcrm.testpentas.in/agent/application/vendor/laravel/framework/src/Illuminate/Database/Connectors/Connector.php:70)
[stacktrace]
#0 /home/pentasof/hrcrm.testpentas.in/agent/application/vendor/laravel/framework/src/Illuminate/Database/Connectors/Connector.php(70): PDO->__construct('mysql:host=loca...', 'pentasof_crm', Object(SensitiveParameterValue), Array)
#1 /home/pentasof/hrcrm.testpentas.in/agent/application/vendor/laravel/framework/src/Illuminate/Database/Connectors/Connector.php(100): Illuminate\\Database\\Connectors\\Connector->createPdoConnection('mysql:host=loca...', 'pentasof_crm', 'pentasof_crm', Array)
#2 /home/pentasof/hrcrm.testpentas.in/agent/application/vendor/laravel/framework/src/Illuminate/Database/Connectors/Connector.php(49): Illuminate\\Database\\Connectors\\Connector->tryAgainIfCausedByLostConnection(Object(PDOException), 'mysql:host=loca...', 'pentasof_crm', 'pentasof_crm', Array)
#3 /home/pentasof/hrcrm.testpentas.in/agent/application/vendor/laravel/framework/src/Illuminate/Database/Connectors/MySqlConnector.php(24): Illuminate\\Database\\Connectors\\Connector->createConnection('mysql:host=loca...', Array, Array)
#4 /home/pentasof/hrcrm.testpentas.in/agent/application/vendor/laravel/framework/src/Illuminate/Database/Connectors/ConnectionFactory.php(184): Illuminate\\Database\\Connectors\\MySqlConnector->connect(Array)
#5 [internal function]: Illuminate\\Database\\Connectors\\ConnectionFactory->Illuminate\\Database\\Connectors\\{closure}()
#6 /home/pentasof/hrcrm.testpentas.in/agent/application/vendor/laravel/framework/src/Illuminate/Database/Connection.php(1064): call_user_func(Object(Closure))
#7 /home/pentasof/hrcrm.testpentas.in/agent/application/vendor/laravel/framework/src/Illuminate/Database/Connection.php(1100): Illuminate\\Database\\Connection->getPdo()
#8 /home/pentasof/hrcrm.testpentas.in/agent/application/vendor/laravel/framework/src/Illuminate/Database/Connection.php(442): Illuminate\\Database\\Connection->getReadPdo()
#9 /home/pentasof/hrcrm.testpentas.in/agent/application/vendor/laravel/framework/src/Illuminate/Database/Connection.php(368): Illuminate\\Database\\Connection->getPdoForSelect(true)
#10 /home/pentasof/hrcrm.testpentas.in/agent/application/vendor/laravel/framework/src/Illuminate/Database/Connection.php(705): Illuminate\\Database\\Connection->Illuminate\\Database\\{closure}('select * from `...', Array)
#11 /home/pentasof/hrcrm.testpentas.in/agent/application/vendor/laravel/framework/src/Illuminate/Database/Connection.php(784): Illuminate\\Database\\Connection->runQueryCallback('select * from `...', Array, Object(Closure))
#12 /home/pentasof/hrcrm.testpentas.in/agent/application/vendor/laravel/framework/src/Illuminate/Database/Connection.php(763): Illuminate\\Database\\Connection->tryAgainIfCausedByLostConnection(Object(Illuminate\\Database\\QueryException), 'select * from `...', Array, Object(Closure))
#13 /home/pentasof/hrcrm.testpentas.in/agent/application/vendor/laravel/framework/src/Illuminate/Database/Connection.php(674): Illuminate\\Database\\Connection->handleQueryException(Object(Illuminate\\Database\\QueryException), 'select * from `...', Array, Object(Closure))
#14 /home/pentasof/hrcrm.testpentas.in/agent/application/vendor/laravel/framework/src/Illuminate/Database/Connection.php(359): Illuminate\\Database\\Connection->run('select * from `...', Array, Object(Closure))
#15 /home/pentasof/hrcrm.testpentas.in/agent/application/vendor/laravel/framework/src/Illuminate/Database/Query/Builder.php(2413): Illuminate\\Database\\Connection->select('select * from `...', Array, true)
#16 /home/pentasof/hrcrm.testpentas.in/agent/application/vendor/laravel/framework/src/Illuminate/Database/Query/Builder.php(2402): Illuminate\\Database\\Query\\Builder->runSelect()
#17 /home/pentasof/hrcrm.testpentas.in/agent/application/vendor/laravel/framework/src/Illuminate/Database/Query/Builder.php(2936): Illuminate\\Database\\Query\\Builder->Illuminate\\Database\\Query\\{closure}()
#18 /home/pentasof/hrcrm.testpentas.in/agent/application/vendor/laravel/framework/src/Illuminate/Database/Query/Builder.php(2401): Illuminate\\Database\\Query\\Builder->onceWithColumns(Array, Object(Closure))
#19 /home/pentasof/hrcrm.testpentas.in/agent/application/vendor/laravel/framework/src/Illuminate/Database/Eloquent/Builder.php(625): Illuminate\\Database\\Query\\Builder->get(Array)
#20 /home/pentasof/hrcrm.testpentas.in/agent/application/vendor/laravel/framework/src/Illuminate/Database/Eloquent/Builder.php(609): Illuminate\\Database\\Eloquent\\Builder->getModels(Array)
#21 /home/pentasof/hrcrm.testpentas.in/agent/application/vendor/laravel/framework/src/Illuminate/Database/Concerns/BuildsQueries.php(294): Illuminate\\Database\\Eloquent\\Builder->get(Array)
#22 /home/pentasof/hrcrm.testpentas.in/agent/application/app/Providers/ConfigSystemServiceProvider.php(30): Illuminate\\Database\\Eloquent\\Builder->first()
#23 /home/pentasof/hrcrm.testpentas.in/agent/application/vendor/laravel/framework/src/Illuminate/Container/BoundMethod.php(36): App\\Providers\\ConfigSystemServiceProvider->boot()
#24 /home/pentasof/hrcrm.testpentas.in/agent/application/vendor/laravel/framework/src/Illuminate/Container/Util.php(40): Illuminate\\Container\\BoundMethod::Illuminate\\Container\\{closure}()
#25 /home/pentasof/hrcrm.testpentas.in/agent/application/vendor/laravel/framework/src/Illuminate/Container/BoundMethod.php(93): Illuminate\\Container\\Util::unwrapIfClosure(Object(Closure))
#26 /home/pentasof/hrcrm.testpentas.in/agent/application/vendor/laravel/framework/src/Illuminate/Container/BoundMethod.php(35): Illuminate\\Container\\BoundMethod::callBoundMethod(Object(Illuminate\\Foundation\\Application), Array, Object(Closure))
#27 /home/pentasof/hrcrm.testpentas.in/agent/application/vendor/laravel/framework/src/Illuminate/Container/Container.php(653): Illuminate\\Container\\BoundMethod::call(Object(Illuminate\\Foundation\\Application), Array, Array, NULL)
#28 /home/pentasof/hrcrm.testpentas.in/agent/application/vendor/laravel/framework/src/Illuminate/Foundation/Application.php(924): Illuminate\\Container\\Container->call(Array)
#29 /home/pentasof/hrcrm.testpentas.in/agent/application/vendor/laravel/framework/src/Illuminate/Foundation/Application.php(905): Illuminate\\Foundation\\Application->bootProvider(Object(App\\Providers\\ConfigSystemServiceProvider))
#30 [internal function]: Illuminate\\Foundation\\Application->Illuminate\\Foundation\\{closure}(Object(App\\Providers\\ConfigSystemServiceProvider), 32)
#31 /home/pentasof/hrcrm.testpentas.in/agent/application/vendor/laravel/framework/src/Illuminate/Foundation/Application.php(904): array_walk(Array, Object(Closure))
#32 /home/pentasof/hrcrm.testpentas.in/agent/application/vendor/laravel/framework/src/Illuminate/Foundation/Bootstrap/BootProviders.php(17): Illuminate\\Foundation\\Application->boot()
#33 /home/pentasof/hrcrm.testpentas.in/agent/application/vendor/laravel/framework/src/Illuminate/Foundation/Application.php(237): Illuminate\\Foundation\\Bootstrap\\BootProviders->bootstrap(Object(Illuminate\\Foundation\\Application))
#34 /home/pentasof/hrcrm.testpentas.in/agent/application/vendor/laravel/framework/src/Illuminate/Foundation/Http/Kernel.php(153): Illuminate\\Foundation\\Application->bootstrapWith(Array)
#35 /home/pentasof/hrcrm.testpentas.in/agent/application/vendor/laravel/framework/src/Illuminate/Foundation/Http/Kernel.php(137): Illuminate\\Foundation\\Http\\Kernel->bootstrap()
#36 /home/pentasof/hrcrm.testpentas.in/agent/application/vendor/laravel/framework/src/Illuminate/Foundation/Http/Kernel.php(111): Illuminate\\Foundation\\Http\\Kernel->sendRequestThroughRouter(Object(Illuminate\\Http\\Request))
#37 /home/pentasof/hrcrm.testpentas.in/agent/index.php(91): Illuminate\\Foundation\\Http\\Kernel->handle(Object(Illuminate\\Http\\Request))
#38 {main}
"} 
[2024-07-08 07:00:03] production.ERROR: SQLSTATE[HY000] [2002] Connection refused (SQL: select * from `settings` left join `settings2` on `settings2`.`settings2_id` = `settings`.`settings_id` where `settings_id` = 1 limit 1) {"exception":"[object] (Illuminate\\Database\\QueryException(code: 2002): SQLSTATE[HY000] [2002] Connection refused (SQL: select * from `settings` left join `settings2` on `settings2`.`settings2_id` = `settings`.`settings_id` where `settings_id` = 1 limit 1) at /home/pentasof/hrcrm.testpentas.in/agent/application/vendor/laravel/framework/src/Illuminate/Database/Connection.php:712)
[stacktrace]
#0 /home/pentasof/hrcrm.testpentas.in/agent/application/vendor/laravel/framework/src/Illuminate/Database/Connection.php(784): Illuminate\\Database\\Connection->runQueryCallback('select * from `...', Array, Object(Closure))
#1 /home/pentasof/hrcrm.testpentas.in/agent/application/vendor/laravel/framework/src/Illuminate/Database/Connection.php(763): Illuminate\\Database\\Connection->tryAgainIfCausedByLostConnection(Object(Illuminate\\Database\\QueryException), 'select * from `...', Array, Object(Closure))
#2 /home/pentasof/hrcrm.testpentas.in/agent/application/vendor/laravel/framework/src/Illuminate/Database/Connection.php(674): Illuminate\\Database\\Connection->handleQueryException(Object(Illuminate\\Database\\QueryException), 'select * from `...', Array, Object(Closure))
#3 /home/pentasof/hrcrm.testpentas.in/agent/application/vendor/laravel/framework/src/Illuminate/Database/Connection.php(359): Illuminate\\Database\\Connection->run('select * from `...', Array, Object(Closure))
#4 /home/pentasof/hrcrm.testpentas.in/agent/application/vendor/laravel/framework/src/Illuminate/Database/Query/Builder.php(2413): Illuminate\\Database\\Connection->select('select * from `...', Array, true)
#5 /home/pentasof/hrcrm.testpentas.in/agent/application/vendor/laravel/framework/src/Illuminate/Database/Query/Builder.php(2402): Illuminate\\Database\\Query\\Builder->runSelect()
#6 /home/pentasof/hrcrm.testpentas.in/agent/application/vendor/laravel/framework/src/Illuminate/Database/Query/Builder.php(2936): Illuminate\\Database\\Query\\Builder->Illuminate\\Database\\Query\\{closure}()
#7 /home/pentasof/hrcrm.testpentas.in/agent/application/vendor/laravel/framework/src/Illuminate/Database/Query/Builder.php(2401): Illuminate\\Database\\Query\\Builder->onceWithColumns(Array, Object(Closure))
#8 /home/pentasof/hrcrm.testpentas.in/agent/application/vendor/laravel/framework/src/Illuminate/Database/Eloquent/Builder.php(625): Illuminate\\Database\\Query\\Builder->get(Array)
#9 /home/pentasof/hrcrm.testpentas.in/agent/application/vendor/laravel/framework/src/Illuminate/Database/Eloquent/Builder.php(609): Illuminate\\Database\\Eloquent\\Builder->getModels(Array)
#10 /home/pentasof/hrcrm.testpentas.in/agent/application/vendor/laravel/framework/src/Illuminate/Database/Concerns/BuildsQueries.php(294): Illuminate\\Database\\Eloquent\\Builder->get(Array)
#11 /home/pentasof/hrcrm.testpentas.in/agent/application/app/Providers/ConfigSystemServiceProvider.php(30): Illuminate\\Database\\Eloquent\\Builder->first()
#12 /home/pentasof/hrcrm.testpentas.in/agent/application/vendor/laravel/framework/src/Illuminate/Container/BoundMethod.php(36): App\\Providers\\ConfigSystemServiceProvider->boot()
#13 /home/pentasof/hrcrm.testpentas.in/agent/application/vendor/laravel/framework/src/Illuminate/Container/Util.php(40): Illuminate\\Container\\BoundMethod::Illuminate\\Container\\{closure}()
#14 /home/pentasof/hrcrm.testpentas.in/agent/application/vendor/laravel/framework/src/Illuminate/Container/BoundMethod.php(93): Illuminate\\Container\\Util::unwrapIfClosure(Object(Closure))
#15 /home/pentasof/hrcrm.testpentas.in/agent/application/vendor/laravel/framework/src/Illuminate/Container/BoundMethod.php(35): Illuminate\\Container\\BoundMethod::callBoundMethod(Object(Illuminate\\Foundation\\Application), Array, Object(Closure))
#16 /home/pentasof/hrcrm.testpentas.in/agent/application/vendor/laravel/framework/src/Illuminate/Container/Container.php(653): Illuminate\\Container\\BoundMethod::call(Object(Illuminate\\Foundation\\Application), Array, Array, NULL)
#17 /home/pentasof/hrcrm.testpentas.in/agent/application/vendor/laravel/framework/src/Illuminate/Foundation/Application.php(924): Illuminate\\Container\\Container->call(Array)
#18 /home/pentasof/hrcrm.testpentas.in/agent/application/vendor/laravel/framework/src/Illuminate/Foundation/Application.php(905): Illuminate\\Foundation\\Application->bootProvider(Object(App\\Providers\\ConfigSystemServiceProvider))
#19 [internal function]: Illuminate\\Foundation\\Application->Illuminate\\Foundation\\{closure}(Object(App\\Providers\\ConfigSystemServiceProvider), 32)
#20 /home/pentasof/hrcrm.testpentas.in/agent/application/vendor/laravel/framework/src/Illuminate/Foundation/Application.php(904): array_walk(Array, Object(Closure))
#21 /home/pentasof/hrcrm.testpentas.in/agent/application/vendor/laravel/framework/src/Illuminate/Foundation/Bootstrap/BootProviders.php(17): Illuminate\\Foundation\\Application->boot()
#22 /home/pentasof/hrcrm.testpentas.in/agent/application/vendor/laravel/framework/src/Illuminate/Foundation/Application.php(237): Illuminate\\Foundation\\Bootstrap\\BootProviders->bootstrap(Object(Illuminate\\Foundation\\Application))
#23 /home/pentasof/hrcrm.testpentas.in/agent/application/vendor/laravel/framework/src/Illuminate/Foundation/Http/Kernel.php(153): Illuminate\\Foundation\\Application->bootstrapWith(Array)
#24 /home/pentasof/hrcrm.testpentas.in/agent/application/vendor/laravel/framework/src/Illuminate/Foundation/Http/Kernel.php(137): Illuminate\\Foundation\\Http\\Kernel->bootstrap()
#25 /home/pentasof/hrcrm.testpentas.in/agent/application/vendor/laravel/framework/src/Illuminate/Foundation/Http/Kernel.php(111): Illuminate\\Foundation\\Http\\Kernel->sendRequestThroughRouter(Object(Illuminate\\Http\\Request))
#26 /home/pentasof/hrcrm.testpentas.in/agent/index.php(91): Illuminate\\Foundation\\Http\\Kernel->handle(Object(Illuminate\\Http\\Request))
#27 {main}

[previous exception] [object] (PDOException(code: 2002): SQLSTATE[HY000] [2002] Connection refused at /home/pentasof/hrcrm.testpentas.in/agent/application/vendor/laravel/framework/src/Illuminate/Database/Connectors/Connector.php:70)
[stacktrace]
#0 /home/pentasof/hrcrm.testpentas.in/agent/application/vendor/laravel/framework/src/Illuminate/Database/Connectors/Connector.php(70): PDO->__construct('mysql:host=loca...', 'pentasof_crm', Object(SensitiveParameterValue), Array)
#1 /home/pentasof/hrcrm.testpentas.in/agent/application/vendor/laravel/framework/src/Illuminate/Database/Connectors/Connector.php(100): Illuminate\\Database\\Connectors\\Connector->createPdoConnection('mysql:host=loca...', 'pentasof_crm', 'pentasof_crm', Array)
#2 /home/pentasof/hrcrm.testpentas.in/agent/application/vendor/laravel/framework/src/Illuminate/Database/Connectors/Connector.php(49): Illuminate\\Database\\Connectors\\Connector->tryAgainIfCausedByLostConnection(Object(PDOException), 'mysql:host=loca...', 'pentasof_crm', 'pentasof_crm', Array)
#3 /home/pentasof/hrcrm.testpentas.in/agent/application/vendor/laravel/framework/src/Illuminate/Database/Connectors/MySqlConnector.php(24): Illuminate\\Database\\Connectors\\Connector->createConnection('mysql:host=loca...', Array, Array)
#4 /home/pentasof/hrcrm.testpentas.in/agent/application/vendor/laravel/framework/src/Illuminate/Database/Connectors/ConnectionFactory.php(184): Illuminate\\Database\\Connectors\\MySqlConnector->connect(Array)
#5 [internal function]: Illuminate\\Database\\Connectors\\ConnectionFactory->Illuminate\\Database\\Connectors\\{closure}()
#6 /home/pentasof/hrcrm.testpentas.in/agent/application/vendor/laravel/framework/src/Illuminate/Database/Connection.php(1064): call_user_func(Object(Closure))
#7 /home/pentasof/hrcrm.testpentas.in/agent/application/vendor/laravel/framework/src/Illuminate/Database/Connection.php(1100): Illuminate\\Database\\Connection->getPdo()
#8 /home/pentasof/hrcrm.testpentas.in/agent/application/vendor/laravel/framework/src/Illuminate/Database/Connection.php(442): Illuminate\\Database\\Connection->getReadPdo()
#9 /home/pentasof/hrcrm.testpentas.in/agent/application/vendor/laravel/framework/src/Illuminate/Database/Connection.php(368): Illuminate\\Database\\Connection->getPdoForSelect(true)
#10 /home/pentasof/hrcrm.testpentas.in/agent/application/vendor/laravel/framework/src/Illuminate/Database/Connection.php(705): Illuminate\\Database\\Connection->Illuminate\\Database\\{closure}('select * from `...', Array)
#11 /home/pentasof/hrcrm.testpentas.in/agent/application/vendor/laravel/framework/src/Illuminate/Database/Connection.php(784): Illuminate\\Database\\Connection->runQueryCallback('select * from `...', Array, Object(Closure))
#12 /home/pentasof/hrcrm.testpentas.in/agent/application/vendor/laravel/framework/src/Illuminate/Database/Connection.php(763): Illuminate\\Database\\Connection->tryAgainIfCausedByLostConnection(Object(Illuminate\\Database\\QueryException), 'select * from `...', Array, Object(Closure))
#13 /home/pentasof/hrcrm.testpentas.in/agent/application/vendor/laravel/framework/src/Illuminate/Database/Connection.php(674): Illuminate\\Database\\Connection->handleQueryException(Object(Illuminate\\Database\\QueryException), 'select * from `...', Array, Object(Closure))
#14 /home/pentasof/hrcrm.testpentas.in/agent/application/vendor/laravel/framework/src/Illuminate/Database/Connection.php(359): Illuminate\\Database\\Connection->run('select * from `...', Array, Object(Closure))
#15 /home/pentasof/hrcrm.testpentas.in/agent/application/vendor/laravel/framework/src/Illuminate/Database/Query/Builder.php(2413): Illuminate\\Database\\Connection->select('select * from `...', Array, true)
#16 /home/pentasof/hrcrm.testpentas.in/agent/application/vendor/laravel/framework/src/Illuminate/Database/Query/Builder.php(2402): Illuminate\\Database\\Query\\Builder->runSelect()
#17 /home/pentasof/hrcrm.testpentas.in/agent/application/vendor/laravel/framework/src/Illuminate/Database/Query/Builder.php(2936): Illuminate\\Database\\Query\\Builder->Illuminate\\Database\\Query\\{closure}()
#18 /home/pentasof/hrcrm.testpentas.in/agent/application/vendor/laravel/framework/src/Illuminate/Database/Query/Builder.php(2401): Illuminate\\Database\\Query\\Builder->onceWithColumns(Array, Object(Closure))
#19 /home/pentasof/hrcrm.testpentas.in/agent/application/vendor/laravel/framework/src/Illuminate/Database/Eloquent/Builder.php(625): Illuminate\\Database\\Query\\Builder->get(Array)
#20 /home/pentasof/hrcrm.testpentas.in/agent/application/vendor/laravel/framework/src/Illuminate/Database/Eloquent/Builder.php(609): Illuminate\\Database\\Eloquent\\Builder->getModels(Array)
#21 /home/pentasof/hrcrm.testpentas.in/agent/application/vendor/laravel/framework/src/Illuminate/Database/Concerns/BuildsQueries.php(294): Illuminate\\Database\\Eloquent\\Builder->get(Array)
#22 /home/pentasof/hrcrm.testpentas.in/agent/application/app/Providers/ConfigSystemServiceProvider.php(30): Illuminate\\Database\\Eloquent\\Builder->first()
#23 /home/pentasof/hrcrm.testpentas.in/agent/application/vendor/laravel/framework/src/Illuminate/Container/BoundMethod.php(36): App\\Providers\\ConfigSystemServiceProvider->boot()
#24 /home/pentasof/hrcrm.testpentas.in/agent/application/vendor/laravel/framework/src/Illuminate/Container/Util.php(40): Illuminate\\Container\\BoundMethod::Illuminate\\Container\\{closure}()
#25 /home/pentasof/hrcrm.testpentas.in/agent/application/vendor/laravel/framework/src/Illuminate/Container/BoundMethod.php(93): Illuminate\\Container\\Util::unwrapIfClosure(Object(Closure))
#26 /home/pentasof/hrcrm.testpentas.in/agent/application/vendor/laravel/framework/src/Illuminate/Container/BoundMethod.php(35): Illuminate\\Container\\BoundMethod::callBoundMethod(Object(Illuminate\\Foundation\\Application), Array, Object(Closure))
#27 /home/pentasof/hrcrm.testpentas.in/agent/application/vendor/laravel/framework/src/Illuminate/Container/Container.php(653): Illuminate\\Container\\BoundMethod::call(Object(Illuminate\\Foundation\\Application), Array, Array, NULL)
#28 /home/pentasof/hrcrm.testpentas.in/agent/application/vendor/laravel/framework/src/Illuminate/Foundation/Application.php(924): Illuminate\\Container\\Container->call(Array)
#29 /home/pentasof/hrcrm.testpentas.in/agent/application/vendor/laravel/framework/src/Illuminate/Foundation/Application.php(905): Illuminate\\Foundation\\Application->bootProvider(Object(App\\Providers\\ConfigSystemServiceProvider))
#30 [internal function]: Illuminate\\Foundation\\Application->Illuminate\\Foundation\\{closure}(Object(App\\Providers\\ConfigSystemServiceProvider), 32)
#31 /home/pentasof/hrcrm.testpentas.in/agent/application/vendor/laravel/framework/src/Illuminate/Foundation/Application.php(904): array_walk(Array, Object(Closure))
#32 /home/pentasof/hrcrm.testpentas.in/agent/application/vendor/laravel/framework/src/Illuminate/Foundation/Bootstrap/BootProviders.php(17): Illuminate\\Foundation\\Application->boot()
#33 /home/pentasof/hrcrm.testpentas.in/agent/application/vendor/laravel/framework/src/Illuminate/Foundation/Application.php(237): Illuminate\\Foundation\\Bootstrap\\BootProviders->bootstrap(Object(Illuminate\\Foundation\\Application))
#34 /home/pentasof/hrcrm.testpentas.in/agent/application/vendor/laravel/framework/src/Illuminate/Foundation/Http/Kernel.php(153): Illuminate\\Foundation\\Application->bootstrapWith(Array)
#35 /home/pentasof/hrcrm.testpentas.in/agent/application/vendor/laravel/framework/src/Illuminate/Foundation/Http/Kernel.php(137): Illuminate\\Foundation\\Http\\Kernel->bootstrap()
#36 /home/pentasof/hrcrm.testpentas.in/agent/application/vendor/laravel/framework/src/Illuminate/Foundation/Http/Kernel.php(111): Illuminate\\Foundation\\Http\\Kernel->sendRequestThroughRouter(Object(Illuminate\\Http\\Request))
#37 /home/pentasof/hrcrm.testpentas.in/agent/index.php(91): Illuminate\\Foundation\\Http\\Kernel->handle(Object(Illuminate\\Http\\Request))
#38 {main}
"} 
[2024-07-08 15:52:28] production.ERROR: SQLSTATE[42S02]: Base table or view not found: 1146 Table 'pentasof_crm.fare_conditions' doesn't exist (SQL: select * from `fare_conditions` where `agent_id` is null) {"userId":3,"exception":"[object] (Illuminate\\Database\\QueryException(code: 42S02): SQLSTATE[42S02]: Base table or view not found: 1146 Table 'pentasof_crm.fare_conditions' doesn't exist (SQL: select * from `fare_conditions` where `agent_id` is null) at /home/pentasof/hrcrm.testpentas.in/agent/application/vendor/laravel/framework/src/Illuminate/Database/Connection.php:712)
[stacktrace]
#0 /home/pentasof/hrcrm.testpentas.in/agent/application/vendor/laravel/framework/src/Illuminate/Database/Connection.php(672): Illuminate\\Database\\Connection->runQueryCallback('select * from `...', Array, Object(Closure))
#1 /home/pentasof/hrcrm.testpentas.in/agent/application/vendor/laravel/framework/src/Illuminate/Database/Connection.php(359): Illuminate\\Database\\Connection->run('select * from `...', Array, Object(Closure))
#2 /home/pentasof/hrcrm.testpentas.in/agent/application/vendor/laravel/framework/src/Illuminate/Database/Query/Builder.php(2413): Illuminate\\Database\\Connection->select('select * from `...', Array, true)
#3 /home/pentasof/hrcrm.testpentas.in/agent/application/vendor/laravel/framework/src/Illuminate/Database/Query/Builder.php(2402): Illuminate\\Database\\Query\\Builder->runSelect()
#4 /home/pentasof/hrcrm.testpentas.in/agent/application/vendor/laravel/framework/src/Illuminate/Database/Query/Builder.php(2936): Illuminate\\Database\\Query\\Builder->Illuminate\\Database\\Query\\{closure}()
#5 /home/pentasof/hrcrm.testpentas.in/agent/application/vendor/laravel/framework/src/Illuminate/Database/Query/Builder.php(2401): Illuminate\\Database\\Query\\Builder->onceWithColumns(Array, Object(Closure))
#6 /home/pentasof/hrcrm.testpentas.in/agent/application/vendor/laravel/framework/src/Illuminate/Database/Eloquent/Builder.php(625): Illuminate\\Database\\Query\\Builder->get(Array)
#7 /home/pentasof/hrcrm.testpentas.in/agent/application/vendor/laravel/framework/src/Illuminate/Database/Eloquent/Builder.php(609): Illuminate\\Database\\Eloquent\\Builder->getModels(Array)
#8 /home/pentasof/hrcrm.testpentas.in/agent/application/app/Http/Controllers/FareConditionController.php(11): Illuminate\\Database\\Eloquent\\Builder->get()
#9 /home/pentasof/hrcrm.testpentas.in/agent/application/vendor/laravel/framework/src/Illuminate/Routing/Controller.php(54): App\\Http\\Controllers\\FareConditionController->index()
#10 /home/pentasof/hrcrm.testpentas.in/agent/application/vendor/laravel/framework/src/Illuminate/Routing/ControllerDispatcher.php(45): Illuminate\\Routing\\Controller->callAction('index', Array)
#11 /home/pentasof/hrcrm.testpentas.in/agent/application/vendor/laravel/framework/src/Illuminate/Routing/Route.php(261): Illuminate\\Routing\\ControllerDispatcher->dispatch(Object(Illuminate\\Routing\\Route), Object(App\\Http\\Controllers\\FareConditionController), 'index')
#12 /home/pentasof/hrcrm.testpentas.in/agent/application/vendor/laravel/framework/src/Illuminate/Routing/Route.php(205): Illuminate\\Routing\\Route->runController()
#13 /home/pentasof/hrcrm.testpentas.in/agent/application/vendor/laravel/framework/src/Illuminate/Routing/Router.php(721): Illuminate\\Routing\\Route->run()
#14 /home/pentasof/hrcrm.testpentas.in/agent/application/vendor/laravel/framework/src/Illuminate/Pipeline/Pipeline.php(128): Illuminate\\Routing\\Router->Illuminate\\Routing\\{closure}(Object(Illuminate\\Http\\Request))
#15 /home/pentasof/hrcrm.testpentas.in/agent/application/app/Http/Middleware/Modules/Menus.php(34): Illuminate\\Pipeline\\Pipeline->Illuminate\\Pipeline\\{closure}(Object(Illuminate\\Http\\Request))
#16 /home/pentasof/hrcrm.testpentas.in/agent/application/vendor/laravel/framework/src/Illuminate/Pipeline/Pipeline.php(167): App\\Http\\Middleware\\Modules\\Menus->handle(Object(Illuminate\\Http\\Request), Object(Closure))
#17 /home/pentasof/hrcrm.testpentas.in/agent/application/app/Http/Middleware/Modules/Visibility.php(55): Illuminate\\Pipeline\\Pipeline->Illuminate\\Pipeline\\{closure}(Object(Illuminate\\Http\\Request))
#18 /home/pentasof/hrcrm.testpentas.in/agent/application/vendor/laravel/framework/src/Illuminate/Pipeline/Pipeline.php(167): App\\Http\\Middleware\\Modules\\Visibility->handle(Object(Illuminate\\Http\\Request), Object(Closure))
#19 /home/pentasof/hrcrm.testpentas.in/agent/application/app/Http/Middleware/Modules/Status.php(59): Illuminate\\Pipeline\\Pipeline->Illuminate\\Pipeline\\{closure}(Object(Illuminate\\Http\\Request))
#20 /home/pentasof/hrcrm.testpentas.in/agent/application/vendor/laravel/framework/src/Illuminate/Pipeline/Pipeline.php(167): App\\Http\\Middleware\\Modules\\Status->handle(Object(Illuminate\\Http\\Request), Object(Closure))
#21 /home/pentasof/hrcrm.testpentas.in/agent/application/app/Http/Middleware/General/General.php(103): Illuminate\\Pipeline\\Pipeline->Illuminate\\Pipeline\\{closure}(Object(Illuminate\\Http\\Request))
#22 /home/pentasof/hrcrm.testpentas.in/agent/application/vendor/laravel/framework/src/Illuminate/Pipeline/Pipeline.php(167): App\\Http\\Middleware\\General\\General->handle(Object(Illuminate\\Http\\Request), Object(Closure))
#23 /home/pentasof/hrcrm.testpentas.in/agent/application/app/Http/Middleware/General/SanityCheck.php(45): Illuminate\\Pipeline\\Pipeline->Illuminate\\Pipeline\\{closure}(Object(Illuminate\\Http\\Request))
#24 /home/pentasof/hrcrm.testpentas.in/agent/application/vendor/laravel/framework/src/Illuminate/Pipeline/Pipeline.php(167): App\\Http\\Middleware\\General\\SanityCheck->handle(Object(Illuminate\\Http\\Request), Object(Closure))
#25 /home/pentasof/hrcrm.testpentas.in/agent/application/app/Http/Middleware/General/Settings.php(47): Illuminate\\Pipeline\\Pipeline->Illuminate\\Pipeline\\{closure}(Object(Illuminate\\Http\\Request))
#26 /home/pentasof/hrcrm.testpentas.in/agent/application/vendor/laravel/framework/src/Illuminate/Pipeline/Pipeline.php(167): App\\Http\\Middleware\\General\\Settings->handle(Object(Illuminate\\Http\\Request), Object(Closure))
#27 /home/pentasof/hrcrm.testpentas.in/agent/application/vendor/laravel/framework/src/Illuminate/Routing/Middleware/SubstituteBindings.php(50): Illuminate\\Pipeline\\Pipeline->Illuminate\\Pipeline\\{closure}(Object(Illuminate\\Http\\Request))
#28 /home/pentasof/hrcrm.testpentas.in/agent/application/vendor/laravel/framework/src/Illuminate/Pipeline/Pipeline.php(167): Illuminate\\Routing\\Middleware\\SubstituteBindings->handle(Object(Illuminate\\Http\\Request), Object(Closure))
#29 /home/pentasof/hrcrm.testpentas.in/agent/application/vendor/laravel/framework/src/Illuminate/Foundation/Http/Middleware/VerifyCsrfToken.php(78): Illuminate\\Pipeline\\Pipeline->Illuminate\\Pipeline\\{closure}(Object(Illuminate\\Http\\Request))
#30 /home/pentasof/hrcrm.testpentas.in/agent/application/vendor/laravel/framework/src/Illuminate/Pipeline/Pipeline.php(167): Illuminate\\Foundation\\Http\\Middleware\\VerifyCsrfToken->handle(Object(Illuminate\\Http\\Request), Object(Closure))
#31 /home/pentasof/hrcrm.testpentas.in/agent/application/vendor/laravel/framework/src/Illuminate/View/Middleware/ShareErrorsFromSession.php(49): Illuminate\\Pipeline\\Pipeline->Illuminate\\Pipeline\\{closure}(Object(Illuminate\\Http\\Request))
#32 /home/pentasof/hrcrm.testpentas.in/agent/application/vendor/laravel/framework/src/Illuminate/Pipeline/Pipeline.php(167): Illuminate\\View\\Middleware\\ShareErrorsFromSession->handle(Object(Illuminate\\Http\\Request), Object(Closure))
#33 /home/pentasof/hrcrm.testpentas.in/agent/application/vendor/laravel/framework/src/Illuminate/Session/Middleware/StartSession.php(121): Illuminate\\Pipeline\\Pipeline->Illuminate\\Pipeline\\{closure}(Object(Illuminate\\Http\\Request))
#34 /home/pentasof/hrcrm.testpentas.in/agent/application/vendor/laravel/framework/src/Illuminate/Session/Middleware/StartSession.php(64): Illuminate\\Session\\Middleware\\StartSession->handleStatefulRequest(Object(Illuminate\\Http\\Request), Object(Illuminate\\Session\\Store), Object(Closure))
#35 /home/pentasof/hrcrm.testpentas.in/agent/application/vendor/laravel/framework/src/Illuminate/Pipeline/Pipeline.php(167): Illuminate\\Session\\Middleware\\StartSession->handle(Object(Illuminate\\Http\\Request), Object(Closure))
#36 /home/pentasof/hrcrm.testpentas.in/agent/application/vendor/laravel/framework/src/Illuminate/Cookie/Middleware/AddQueuedCookiesToResponse.php(37): Illuminate\\Pipeline\\Pipeline->Illuminate\\Pipeline\\{closure}(Object(Illuminate\\Http\\Request))
#37 /home/pentasof/hrcrm.testpentas.in/agent/application/vendor/laravel/framework/src/Illuminate/Pipeline/Pipeline.php(167): Illuminate\\Cookie\\Middleware\\AddQueuedCookiesToResponse->handle(Object(Illuminate\\Http\\Request), Object(Closure))
#38 /home/pentasof/hrcrm.testpentas.in/agent/application/vendor/laravel/framework/src/Illuminate/Cookie/Middleware/EncryptCookies.php(67): Illuminate\\Pipeline\\Pipeline->Illuminate\\Pipeline\\{closure}(Object(Illuminate\\Http\\Request))
#39 /home/pentasof/hrcrm.testpentas.in/agent/application/vendor/laravel/framework/src/Illuminate/Pipeline/Pipeline.php(167): Illuminate\\Cookie\\Middleware\\EncryptCookies->handle(Object(Illuminate\\Http\\Request), Object(Closure))
#40 /home/pentasof/hrcrm.testpentas.in/agent/application/app/Http/Middleware/General/Setup.php(37): Illuminate\\Pipeline\\Pipeline->Illuminate\\Pipeline\\{closure}(Object(Illuminate\\Http\\Request))
#41 /home/pentasof/hrcrm.testpentas.in/agent/application/vendor/laravel/framework/src/Illuminate/Pipeline/Pipeline.php(167): App\\Http\\Middleware\\General\\Setup->handle(Object(Illuminate\\Http\\Request), Object(Closure))
#42 /home/pentasof/hrcrm.testpentas.in/agent/application/vendor/laravel/framework/src/Illuminate/Pipeline/Pipeline.php(103): Illuminate\\Pipeline\\Pipeline->Illuminate\\Pipeline\\{closure}(Object(Illuminate\\Http\\Request))
#43 /home/pentasof/hrcrm.testpentas.in/agent/application/vendor/laravel/framework/src/Illuminate/Routing/Router.php(719): Illuminate\\Pipeline\\Pipeline->then(Object(Closure))
#44 /home/pentasof/hrcrm.testpentas.in/agent/application/vendor/laravel/framework/src/Illuminate/Routing/Router.php(698): Illuminate\\Routing\\Router->runRouteWithinStack(Object(Illuminate\\Routing\\Route), Object(Illuminate\\Http\\Request))
#45 /home/pentasof/hrcrm.testpentas.in/agent/application/vendor/laravel/framework/src/Illuminate/Routing/Router.php(662): Illuminate\\Routing\\Router->runRoute(Object(Illuminate\\Http\\Request), Object(Illuminate\\Routing\\Route))
#46 /home/pentasof/hrcrm.testpentas.in/agent/application/vendor/laravel/framework/src/Illuminate/Routing/Router.php(651): Illuminate\\Routing\\Router->dispatchToRoute(Object(Illuminate\\Http\\Request))
#47 /home/pentasof/hrcrm.testpentas.in/agent/application/vendor/laravel/framework/src/Illuminate/Foundation/Http/Kernel.php(167): Illuminate\\Routing\\Router->dispatch(Object(Illuminate\\Http\\Request))
#48 /home/pentasof/hrcrm.testpentas.in/agent/application/vendor/laravel/framework/src/Illuminate/Pipeline/Pipeline.php(128): Illuminate\\Foundation\\Http\\Kernel->Illuminate\\Foundation\\Http\\{closure}(Object(Illuminate\\Http\\Request))
#49 /home/pentasof/hrcrm.testpentas.in/agent/application/vendor/barryvdh/laravel-debugbar/src/Middleware/InjectDebugbar.php(59): Illuminate\\Pipeline\\Pipeline->Illuminate\\Pipeline\\{closure}(Object(Illuminate\\Http\\Request))
#50 /home/pentasof/hrcrm.testpentas.in/agent/application/vendor/laravel/framework/src/Illuminate/Pipeline/Pipeline.php(167): Barryvdh\\Debugbar\\Middleware\\InjectDebugbar->handle(Object(Illuminate\\Http\\Request), Object(Closure))
#51 /home/pentasof/hrcrm.testpentas.in/agent/application/vendor/fideloper/proxy/src/TrustProxies.php(57): Illuminate\\Pipeline\\Pipeline->Illuminate\\Pipeline\\{closure}(Object(Illuminate\\Http\\Request))
#52 /home/pentasof/hrcrm.testpentas.in/agent/application/vendor/laravel/framework/src/Illuminate/Pipeline/Pipeline.php(167): Fideloper\\Proxy\\TrustProxies->handle(Object(Illuminate\\Http\\Request), Object(Closure))
#53 /home/pentasof/hrcrm.testpentas.in/agent/application/vendor/laravel/framework/src/Illuminate/Foundation/Http/Middleware/TransformsRequest.php(21): Illuminate\\Pipeline\\Pipeline->Illuminate\\Pipeline\\{closure}(Object(Illuminate\\Http\\Request))
#54 /home/pentasof/hrcrm.testpentas.in/agent/application/vendor/laravel/framework/src/Illuminate/Foundation/Http/Middleware/ConvertEmptyStringsToNull.php(31): Illuminate\\Foundation\\Http\\Middleware\\TransformsRequest->handle(Object(Illuminate\\Http\\Request), Object(Closure))
#55 /home/pentasof/hrcrm.testpentas.in/agent/application/vendor/laravel/framework/src/Illuminate/Pipeline/Pipeline.php(167): Illuminate\\Foundation\\Http\\Middleware\\ConvertEmptyStringsToNull->handle(Object(Illuminate\\Http\\Request), Object(Closure))
#56 /home/pentasof/hrcrm.testpentas.in/agent/application/vendor/laravel/framework/src/Illuminate/Foundation/Http/Middleware/TransformsRequest.php(21): Illuminate\\Pipeline\\Pipeline->Illuminate\\Pipeline\\{closure}(Object(Illuminate\\Http\\Request))
#57 /home/pentasof/hrcrm.testpentas.in/agent/application/vendor/laravel/framework/src/Illuminate/Foundation/Http/Middleware/TrimStrings.php(40): Illuminate\\Foundation\\Http\\Middleware\\TransformsRequest->handle(Object(Illuminate\\Http\\Request), Object(Closure))
#58 /home/pentasof/hrcrm.testpentas.in/agent/application/vendor/laravel/framework/src/Illuminate/Pipeline/Pipeline.php(167): Illuminate\\Foundation\\Http\\Middleware\\TrimStrings->handle(Object(Illuminate\\Http\\Request), Object(Closure))
#59 /home/pentasof/hrcrm.testpentas.in/agent/application/vendor/laravel/framework/src/Illuminate/Foundation/Http/Middleware/ValidatePostSize.php(27): Illuminate\\Pipeline\\Pipeline->Illuminate\\Pipeline\\{closure}(Object(Illuminate\\Http\\Request))
#60 /home/pentasof/hrcrm.testpentas.in/agent/application/vendor/laravel/framework/src/Illuminate/Pipeline/Pipeline.php(167): Illuminate\\Foundation\\Http\\Middleware\\ValidatePostSize->handle(Object(Illuminate\\Http\\Request), Object(Closure))
#61 /home/pentasof/hrcrm.testpentas.in/agent/application/vendor/laravel/framework/src/Illuminate/Foundation/Http/Middleware/PreventRequestsDuringMaintenance.php(86): Illuminate\\Pipeline\\Pipeline->Illuminate\\Pipeline\\{closure}(Object(Illuminate\\Http\\Request))
#62 /home/pentasof/hrcrm.testpentas.in/agent/application/vendor/laravel/framework/src/Illuminate/Pipeline/Pipeline.php(167): Illuminate\\Foundation\\Http\\Middleware\\PreventRequestsDuringMaintenance->handle(Object(Illuminate\\Http\\Request), Object(Closure))
#63 /home/pentasof/hrcrm.testpentas.in/agent/application/vendor/laravel/framework/src/Illuminate/Pipeline/Pipeline.php(103): Illuminate\\Pipeline\\Pipeline->Illuminate\\Pipeline\\{closure}(Object(Illuminate\\Http\\Request))
#64 /home/pentasof/hrcrm.testpentas.in/agent/application/vendor/laravel/framework/src/Illuminate/Foundation/Http/Kernel.php(142): Illuminate\\Pipeline\\Pipeline->then(Object(Closure))
#65 /home/pentasof/hrcrm.testpentas.in/agent/application/vendor/laravel/framework/src/Illuminate/Foundation/Http/Kernel.php(111): Illuminate\\Foundation\\Http\\Kernel->sendRequestThroughRouter(Object(Illuminate\\Http\\Request))
#66 /home/pentasof/hrcrm.testpentas.in/agent/index.php(91): Illuminate\\Foundation\\Http\\Kernel->handle(Object(Illuminate\\Http\\Request))
#67 {main}

[previous exception] [object] (PDOException(code: 42S02): SQLSTATE[42S02]: Base table or view not found: 1146 Table 'pentasof_crm.fare_conditions' doesn't exist at /home/pentasof/hrcrm.testpentas.in/agent/application/vendor/laravel/framework/src/Illuminate/Database/Connection.php:368)
[stacktrace]
#0 /home/pentasof/hrcrm.testpentas.in/agent/application/vendor/laravel/framework/src/Illuminate/Database/Connection.php(368): PDO->prepare('select * from `...')
#1 /home/pentasof/hrcrm.testpentas.in/agent/application/vendor/laravel/framework/src/Illuminate/Database/Connection.php(705): Illuminate\\Database\\Connection->Illuminate\\Database\\{closure}('select * from `...', Array)
#2 /home/pentasof/hrcrm.testpentas.in/agent/application/vendor/laravel/framework/src/Illuminate/Database/Connection.php(672): Illuminate\\Database\\Connection->runQueryCallback('select * from `...', Array, Object(Closure))
#3 /home/pentasof/hrcrm.testpentas.in/agent/application/vendor/laravel/framework/src/Illuminate/Database/Connection.php(359): Illuminate\\Database\\Connection->run('select * from `...', Array, Object(Closure))
#4 /home/pentasof/hrcrm.testpentas.in/agent/application/vendor/laravel/framework/src/Illuminate/Database/Query/Builder.php(2413): Illuminate\\Database\\Connection->select('select * from `...', Array, true)
#5 /home/pentasof/hrcrm.testpentas.in/agent/application/vendor/laravel/framework/src/Illuminate/Database/Query/Builder.php(2402): Illuminate\\Database\\Query\\Builder->runSelect()
#6 /home/pentasof/hrcrm.testpentas.in/agent/application/vendor/laravel/framework/src/Illuminate/Database/Query/Builder.php(2936): Illuminate\\Database\\Query\\Builder->Illuminate\\Database\\Query\\{closure}()
#7 /home/pentasof/hrcrm.testpentas.in/agent/application/vendor/laravel/framework/src/Illuminate/Database/Query/Builder.php(2401): Illuminate\\Database\\Query\\Builder->onceWithColumns(Array, Object(Closure))
#8 /home/pentasof/hrcrm.testpentas.in/agent/application/vendor/laravel/framework/src/Illuminate/Database/Eloquent/Builder.php(625): Illuminate\\Database\\Query\\Builder->get(Array)
#9 /home/pentasof/hrcrm.testpentas.in/agent/application/vendor/laravel/framework/src/Illuminate/Database/Eloquent/Builder.php(609): Illuminate\\Database\\Eloquent\\Builder->getModels(Array)
#10 /home/pentasof/hrcrm.testpentas.in/agent/application/app/Http/Controllers/FareConditionController.php(11): Illuminate\\Database\\Eloquent\\Builder->get()
#11 /home/pentasof/hrcrm.testpentas.in/agent/application/vendor/laravel/framework/src/Illuminate/Routing/Controller.php(54): App\\Http\\Controllers\\FareConditionController->index()
#12 /home/pentasof/hrcrm.testpentas.in/agent/application/vendor/laravel/framework/src/Illuminate/Routing/ControllerDispatcher.php(45): Illuminate\\Routing\\Controller->callAction('index', Array)
#13 /home/pentasof/hrcrm.testpentas.in/agent/application/vendor/laravel/framework/src/Illuminate/Routing/Route.php(261): Illuminate\\Routing\\ControllerDispatcher->dispatch(Object(Illuminate\\Routing\\Route), Object(App\\Http\\Controllers\\FareConditionController), 'index')
#14 /home/pentasof/hrcrm.testpentas.in/agent/application/vendor/laravel/framework/src/Illuminate/Routing/Route.php(205): Illuminate\\Routing\\Route->runController()
#15 /home/pentasof/hrcrm.testpentas.in/agent/application/vendor/laravel/framework/src/Illuminate/Routing/Router.php(721): Illuminate\\Routing\\Route->run()
#16 /home/pentasof/hrcrm.testpentas.in/agent/application/vendor/laravel/framework/src/Illuminate/Pipeline/Pipeline.php(128): Illuminate\\Routing\\Router->Illuminate\\Routing\\{closure}(Object(Illuminate\\Http\\Request))
#17 /home/pentasof/hrcrm.testpentas.in/agent/application/app/Http/Middleware/Modules/Menus.php(34): Illuminate\\Pipeline\\Pipeline->Illuminate\\Pipeline\\{closure}(Object(Illuminate\\Http\\Request))
#18 /home/pentasof/hrcrm.testpentas.in/agent/application/vendor/laravel/framework/src/Illuminate/Pipeline/Pipeline.php(167): App\\Http\\Middleware\\Modules\\Menus->handle(Object(Illuminate\\Http\\Request), Object(Closure))
#19 /home/pentasof/hrcrm.testpentas.in/agent/application/app/Http/Middleware/Modules/Visibility.php(55): Illuminate\\Pipeline\\Pipeline->Illuminate\\Pipeline\\{closure}(Object(Illuminate\\Http\\Request))
#20 /home/pentasof/hrcrm.testpentas.in/agent/application/vendor/laravel/framework/src/Illuminate/Pipeline/Pipeline.php(167): App\\Http\\Middleware\\Modules\\Visibility->handle(Object(Illuminate\\Http\\Request), Object(Closure))
#21 /home/pentasof/hrcrm.testpentas.in/agent/application/app/Http/Middleware/Modules/Status.php(59): Illuminate\\Pipeline\\Pipeline->Illuminate\\Pipeline\\{closure}(Object(Illuminate\\Http\\Request))
#22 /home/pentasof/hrcrm.testpentas.in/agent/application/vendor/laravel/framework/src/Illuminate/Pipeline/Pipeline.php(167): App\\Http\\Middleware\\Modules\\Status->handle(Object(Illuminate\\Http\\Request), Object(Closure))
#23 /home/pentasof/hrcrm.testpentas.in/agent/application/app/Http/Middleware/General/General.php(103): Illuminate\\Pipeline\\Pipeline->Illuminate\\Pipeline\\{closure}(Object(Illuminate\\Http\\Request))
#24 /home/pentasof/hrcrm.testpentas.in/agent/application/vendor/laravel/framework/src/Illuminate/Pipeline/Pipeline.php(167): App\\Http\\Middleware\\General\\General->handle(Object(Illuminate\\Http\\Request), Object(Closure))
#25 /home/pentasof/hrcrm.testpentas.in/agent/application/app/Http/Middleware/General/SanityCheck.php(45): Illuminate\\Pipeline\\Pipeline->Illuminate\\Pipeline\\{closure}(Object(Illuminate\\Http\\Request))
#26 /home/pentasof/hrcrm.testpentas.in/agent/application/vendor/laravel/framework/src/Illuminate/Pipeline/Pipeline.php(167): App\\Http\\Middleware\\General\\SanityCheck->handle(Object(Illuminate\\Http\\Request), Object(Closure))
#27 /home/pentasof/hrcrm.testpentas.in/agent/application/app/Http/Middleware/General/Settings.php(47): Illuminate\\Pipeline\\Pipeline->Illuminate\\Pipeline\\{closure}(Object(Illuminate\\Http\\Request))
#28 /home/pentasof/hrcrm.testpentas.in/agent/application/vendor/laravel/framework/src/Illuminate/Pipeline/Pipeline.php(167): App\\Http\\Middleware\\General\\Settings->handle(Object(Illuminate\\Http\\Request), Object(Closure))
#29 /home/pentasof/hrcrm.testpentas.in/agent/application/vendor/laravel/framework/src/Illuminate/Routing/Middleware/SubstituteBindings.php(50): Illuminate\\Pipeline\\Pipeline->Illuminate\\Pipeline\\{closure}(Object(Illuminate\\Http\\Request))
#30 /home/pentasof/hrcrm.testpentas.in/agent/application/vendor/laravel/framework/src/Illuminate/Pipeline/Pipeline.php(167): Illuminate\\Routing\\Middleware\\SubstituteBindings->handle(Object(Illuminate\\Http\\Request), Object(Closure))
#31 /home/pentasof/hrcrm.testpentas.in/agent/application/vendor/laravel/framework/src/Illuminate/Foundation/Http/Middleware/VerifyCsrfToken.php(78): Illuminate\\Pipeline\\Pipeline->Illuminate\\Pipeline\\{closure}(Object(Illuminate\\Http\\Request))
#32 /home/pentasof/hrcrm.testpentas.in/agent/application/vendor/laravel/framework/src/Illuminate/Pipeline/Pipeline.php(167): Illuminate\\Foundation\\Http\\Middleware\\VerifyCsrfToken->handle(Object(Illuminate\\Http\\Request), Object(Closure))
#33 /home/pentasof/hrcrm.testpentas.in/agent/application/vendor/laravel/framework/src/Illuminate/View/Middleware/ShareErrorsFromSession.php(49): Illuminate\\Pipeline\\Pipeline->Illuminate\\Pipeline\\{closure}(Object(Illuminate\\Http\\Request))
#34 /home/pentasof/hrcrm.testpentas.in/agent/application/vendor/laravel/framework/src/Illuminate/Pipeline/Pipeline.php(167): Illuminate\\View\\Middleware\\ShareErrorsFromSession->handle(Object(Illuminate\\Http\\Request), Object(Closure))
#35 /home/pentasof/hrcrm.testpentas.in/agent/application/vendor/laravel/framework/src/Illuminate/Session/Middleware/StartSession.php(121): Illuminate\\Pipeline\\Pipeline->Illuminate\\Pipeline\\{closure}(Object(Illuminate\\Http\\Request))
#36 /home/pentasof/hrcrm.testpentas.in/agent/application/vendor/laravel/framework/src/Illuminate/Session/Middleware/StartSession.php(64): Illuminate\\Session\\Middleware\\StartSession->handleStatefulRequest(Object(Illuminate\\Http\\Request), Object(Illuminate\\Session\\Store), Object(Closure))
#37 /home/pentasof/hrcrm.testpentas.in/agent/application/vendor/laravel/framework/src/Illuminate/Pipeline/Pipeline.php(167): Illuminate\\Session\\Middleware\\StartSession->handle(Object(Illuminate\\Http\\Request), Object(Closure))
#38 /home/pentasof/hrcrm.testpentas.in/agent/application/vendor/laravel/framework/src/Illuminate/Cookie/Middleware/AddQueuedCookiesToResponse.php(37): Illuminate\\Pipeline\\Pipeline->Illuminate\\Pipeline\\{closure}(Object(Illuminate\\Http\\Request))
#39 /home/pentasof/hrcrm.testpentas.in/agent/application/vendor/laravel/framework/src/Illuminate/Pipeline/Pipeline.php(167): Illuminate\\Cookie\\Middleware\\AddQueuedCookiesToResponse->handle(Object(Illuminate\\Http\\Request), Object(Closure))
#40 /home/pentasof/hrcrm.testpentas.in/agent/application/vendor/laravel/framework/src/Illuminate/Cookie/Middleware/EncryptCookies.php(67): Illuminate\\Pipeline\\Pipeline->Illuminate\\Pipeline\\{closure}(Object(Illuminate\\Http\\Request))
#41 /home/pentasof/hrcrm.testpentas.in/agent/application/vendor/laravel/framework/src/Illuminate/Pipeline/Pipeline.php(167): Illuminate\\Cookie\\Middleware\\EncryptCookies->handle(Object(Illuminate\\Http\\Request), Object(Closure))
#42 /home/pentasof/hrcrm.testpentas.in/agent/application/app/Http/Middleware/General/Setup.php(37): Illuminate\\Pipeline\\Pipeline->Illuminate\\Pipeline\\{closure}(Object(Illuminate\\Http\\Request))
#43 /home/pentasof/hrcrm.testpentas.in/agent/application/vendor/laravel/framework/src/Illuminate/Pipeline/Pipeline.php(167): App\\Http\\Middleware\\General\\Setup->handle(Object(Illuminate\\Http\\Request), Object(Closure))
#44 /home/pentasof/hrcrm.testpentas.in/agent/application/vendor/laravel/framework/src/Illuminate/Pipeline/Pipeline.php(103): Illuminate\\Pipeline\\Pipeline->Illuminate\\Pipeline\\{closure}(Object(Illuminate\\Http\\Request))
#45 /home/pentasof/hrcrm.testpentas.in/agent/application/vendor/laravel/framework/src/Illuminate/Routing/Router.php(719): Illuminate\\Pipeline\\Pipeline->then(Object(Closure))
#46 /home/pentasof/hrcrm.testpentas.in/agent/application/vendor/laravel/framework/src/Illuminate/Routing/Router.php(698): Illuminate\\Routing\\Router->runRouteWithinStack(Object(Illuminate\\Routing\\Route), Object(Illuminate\\Http\\Request))
#47 /home/pentasof/hrcrm.testpentas.in/agent/application/vendor/laravel/framework/src/Illuminate/Routing/Router.php(662): Illuminate\\Routing\\Router->runRoute(Object(Illuminate\\Http\\Request), Object(Illuminate\\Routing\\Route))
#48 /home/pentasof/hrcrm.testpentas.in/agent/application/vendor/laravel/framework/src/Illuminate/Routing/Router.php(651): Illuminate\\Routing\\Router->dispatchToRoute(Object(Illuminate\\Http\\Request))
#49 /home/pentasof/hrcrm.testpentas.in/agent/application/vendor/laravel/framework/src/Illuminate/Foundation/Http/Kernel.php(167): Illuminate\\Routing\\Router->dispatch(Object(Illuminate\\Http\\Request))
#50 /home/pentasof/hrcrm.testpentas.in/agent/application/vendor/laravel/framework/src/Illuminate/Pipeline/Pipeline.php(128): Illuminate\\Foundation\\Http\\Kernel->Illuminate\\Foundation\\Http\\{closure}(Object(Illuminate\\Http\\Request))
#51 /home/pentasof/hrcrm.testpentas.in/agent/application/vendor/barryvdh/laravel-debugbar/src/Middleware/InjectDebugbar.php(59): Illuminate\\Pipeline\\Pipeline->Illuminate\\Pipeline\\{closure}(Object(Illuminate\\Http\\Request))
#52 /home/pentasof/hrcrm.testpentas.in/agent/application/vendor/laravel/framework/src/Illuminate/Pipeline/Pipeline.php(167): Barryvdh\\Debugbar\\Middleware\\InjectDebugbar->handle(Object(Illuminate\\Http\\Request), Object(Closure))
#53 /home/pentasof/hrcrm.testpentas.in/agent/application/vendor/fideloper/proxy/src/TrustProxies.php(57): Illuminate\\Pipeline\\Pipeline->Illuminate\\Pipeline\\{closure}(Object(Illuminate\\Http\\Request))
#54 /home/pentasof/hrcrm.testpentas.in/agent/application/vendor/laravel/framework/src/Illuminate/Pipeline/Pipeline.php(167): Fideloper\\Proxy\\TrustProxies->handle(Object(Illuminate\\Http\\Request), Object(Closure))
#55 /home/pentasof/hrcrm.testpentas.in/agent/application/vendor/laravel/framework/src/Illuminate/Foundation/Http/Middleware/TransformsRequest.php(21): Illuminate\\Pipeline\\Pipeline->Illuminate\\Pipeline\\{closure}(Object(Illuminate\\Http\\Request))
#56 /home/pentasof/hrcrm.testpentas.in/agent/application/vendor/laravel/framework/src/Illuminate/Foundation/Http/Middleware/ConvertEmptyStringsToNull.php(31): Illuminate\\Foundation\\Http\\Middleware\\TransformsRequest->handle(Object(Illuminate\\Http\\Request), Object(Closure))
#57 /home/pentasof/hrcrm.testpentas.in/agent/application/vendor/laravel/framework/src/Illuminate/Pipeline/Pipeline.php(167): Illuminate\\Foundation\\Http\\Middleware\\ConvertEmptyStringsToNull->handle(Object(Illuminate\\Http\\Request), Object(Closure))
#58 /home/pentasof/hrcrm.testpentas.in/agent/application/vendor/laravel/framework/src/Illuminate/Foundation/Http/Middleware/TransformsRequest.php(21): Illuminate\\Pipeline\\Pipeline->Illuminate\\Pipeline\\{closure}(Object(Illuminate\\Http\\Request))
#59 /home/pentasof/hrcrm.testpentas.in/agent/application/vendor/laravel/framework/src/Illuminate/Foundation/Http/Middleware/TrimStrings.php(40): Illuminate\\Foundation\\Http\\Middleware\\TransformsRequest->handle(Object(Illuminate\\Http\\Request), Object(Closure))
#60 /home/pentasof/hrcrm.testpentas.in/agent/application/vendor/laravel/framework/src/Illuminate/Pipeline/Pipeline.php(167): Illuminate\\Foundation\\Http\\Middleware\\TrimStrings->handle(Object(Illuminate\\Http\\Request), Object(Closure))
#61 /home/pentasof/hrcrm.testpentas.in/agent/application/vendor/laravel/framework/src/Illuminate/Foundation/Http/Middleware/ValidatePostSize.php(27): Illuminate\\Pipeline\\Pipeline->Illuminate\\Pipeline\\{closure}(Object(Illuminate\\Http\\Request))
#62 /home/pentasof/hrcrm.testpentas.in/agent/application/vendor/laravel/framework/src/Illuminate/Pipeline/Pipeline.php(167): Illuminate\\Foundation\\Http\\Middleware\\ValidatePostSize->handle(Object(Illuminate\\Http\\Request), Object(Closure))
#63 /home/pentasof/hrcrm.testpentas.in/agent/application/vendor/laravel/framework/src/Illuminate/Foundation/Http/Middleware/PreventRequestsDuringMaintenance.php(86): Illuminate\\Pipeline\\Pipeline->Illuminate\\Pipeline\\{closure}(Object(Illuminate\\Http\\Request))
#64 /home/pentasof/hrcrm.testpentas.in/agent/application/vendor/laravel/framework/src/Illuminate/Pipeline/Pipeline.php(167): Illuminate\\Foundation\\Http\\Middleware\\PreventRequestsDuringMaintenance->handle(Object(Illuminate\\Http\\Request), Object(Closure))
#65 /home/pentasof/hrcrm.testpentas.in/agent/application/vendor/laravel/framework/src/Illuminate/Pipeline/Pipeline.php(103): Illuminate\\Pipeline\\Pipeline->Illuminate\\Pipeline\\{closure}(Object(Illuminate\\Http\\Request))
#66 /home/pentasof/hrcrm.testpentas.in/agent/application/vendor/laravel/framework/src/Illuminate/Foundation/Http/Kernel.php(142): Illuminate\\Pipeline\\Pipeline->then(Object(Closure))
#67 /home/pentasof/hrcrm.testpentas.in/agent/application/vendor/laravel/framework/src/Illuminate/Foundation/Http/Kernel.php(111): Illuminate\\Foundation\\Http\\Kernel->sendRequestThroughRouter(Object(Illuminate\\Http\\Request))
#68 /home/pentasof/hrcrm.testpentas.in/agent/index.php(91): Illuminate\\Foundation\\Http\\Kernel->handle(Object(Illuminate\\Http\\Request))
#69 {main}
"} 
[2024-07-08 15:56:05] production.ERROR: SQLSTATE[23000]: Integrity constraint violation: 1048 Column 'updated_by' cannot be null (SQL: insert into `fare_conditions` (`fare_condition_details`, `cancellation_policy`, `date_change_policy`, `updated_by`, `effective_from_date`, `valid_till_date`, `updated_at`, `created_at`) values (<p>jghj</p>, <p>jghj</p>, <p>jghj</p>, ?, 2024-07-08, 2024-07-08, 2024-07-08 15:56:05, 2024-07-08 15:56:05)) {"userId":3,"exception":"[object] (Illuminate\\Database\\QueryException(code: 23000): SQLSTATE[23000]: Integrity constraint violation: 1048 Column 'updated_by' cannot be null (SQL: insert into `fare_conditions` (`fare_condition_details`, `cancellation_policy`, `date_change_policy`, `updated_by`, `effective_from_date`, `valid_till_date`, `updated_at`, `created_at`) values (<p>jghj</p>, <p>jghj</p>, <p>jghj</p>, ?, 2024-07-08, 2024-07-08, 2024-07-08 15:56:05, 2024-07-08 15:56:05)) at /home/pentasof/hrcrm.testpentas.in/agent/application/vendor/laravel/framework/src/Illuminate/Database/Connection.php:712)
[stacktrace]
#0 /home/pentasof/hrcrm.testpentas.in/agent/application/vendor/laravel/framework/src/Illuminate/Database/Connection.php(672): Illuminate\\Database\\Connection->runQueryCallback('insert into `fa...', Array, Object(Closure))
#1 /home/pentasof/hrcrm.testpentas.in/agent/application/vendor/laravel/framework/src/Illuminate/Database/Connection.php(490): Illuminate\\Database\\Connection->run('insert into `fa...', Array, Object(Closure))
#2 /home/pentasof/hrcrm.testpentas.in/agent/application/vendor/laravel/framework/src/Illuminate/Database/Connection.php(454): Illuminate\\Database\\Connection->statement('insert into `fa...', Array)
#3 /home/pentasof/hrcrm.testpentas.in/agent/application/vendor/laravel/framework/src/Illuminate/Database/Query/Processors/Processor.php(32): Illuminate\\Database\\Connection->insert('insert into `fa...', Array)
#4 /home/pentasof/hrcrm.testpentas.in/agent/application/vendor/laravel/framework/src/Illuminate/Database/Query/Builder.php(3028): Illuminate\\Database\\Query\\Processors\\Processor->processInsertGetId(Object(Illuminate\\Database\\Query\\Builder), 'insert into `fa...', Array, 'id')
#5 /home/pentasof/hrcrm.testpentas.in/agent/application/vendor/laravel/framework/src/Illuminate/Database/Eloquent/Builder.php(1657): Illuminate\\Database\\Query\\Builder->insertGetId(Array, 'id')
#6 /home/pentasof/hrcrm.testpentas.in/agent/application/vendor/laravel/framework/src/Illuminate/Database/Eloquent/Model.php(1188): Illuminate\\Database\\Eloquent\\Builder->__call('insertGetId', Array)
#7 /home/pentasof/hrcrm.testpentas.in/agent/application/vendor/laravel/framework/src/Illuminate/Database/Eloquent/Model.php(1153): Illuminate\\Database\\Eloquent\\Model->insertAndSetId(Object(Illuminate\\Database\\Eloquent\\Builder), Array)
#8 /home/pentasof/hrcrm.testpentas.in/agent/application/vendor/laravel/framework/src/Illuminate/Database/Eloquent/Model.php(994): Illuminate\\Database\\Eloquent\\Model->performInsert(Object(Illuminate\\Database\\Eloquent\\Builder))
#9 /home/pentasof/hrcrm.testpentas.in/agent/application/vendor/laravel/framework/src/Illuminate/Database/Eloquent/Builder.php(896): Illuminate\\Database\\Eloquent\\Model->save()
#10 /home/pentasof/hrcrm.testpentas.in/agent/application/vendor/laravel/framework/src/Illuminate/Support/helpers.php(263): Illuminate\\Database\\Eloquent\\Builder->Illuminate\\Database\\Eloquent\\{closure}(Object(App\\Models\\FareCondition))
#11 /home/pentasof/hrcrm.testpentas.in/agent/application/vendor/laravel/framework/src/Illuminate/Database/Eloquent/Builder.php(895): tap(Object(App\\Models\\FareCondition), Object(Closure))
#12 /home/pentasof/hrcrm.testpentas.in/agent/application/vendor/laravel/framework/src/Illuminate/Support/Traits/ForwardsCalls.php(23): Illuminate\\Database\\Eloquent\\Builder->create(Array)
#13 /home/pentasof/hrcrm.testpentas.in/agent/application/vendor/laravel/framework/src/Illuminate/Database/Eloquent/Model.php(2132): Illuminate\\Database\\Eloquent\\Model->forwardCallTo(Object(Illuminate\\Database\\Eloquent\\Builder), 'create', Array)
#14 /home/pentasof/hrcrm.testpentas.in/agent/application/vendor/laravel/framework/src/Illuminate/Database/Eloquent/Model.php(2144): Illuminate\\Database\\Eloquent\\Model->__call('create', Array)
#15 /home/pentasof/hrcrm.testpentas.in/agent/application/app/Http/Controllers/FareConditionController.php(34): Illuminate\\Database\\Eloquent\\Model::__callStatic('create', Array)
#16 /home/pentasof/hrcrm.testpentas.in/agent/application/vendor/laravel/framework/src/Illuminate/Routing/Controller.php(54): App\\Http\\Controllers\\FareConditionController->store(Object(Illuminate\\Http\\Request))
#17 /home/pentasof/hrcrm.testpentas.in/agent/application/vendor/laravel/framework/src/Illuminate/Routing/ControllerDispatcher.php(45): Illuminate\\Routing\\Controller->callAction('store', Array)
#18 /home/pentasof/hrcrm.testpentas.in/agent/application/vendor/laravel/framework/src/Illuminate/Routing/Route.php(261): Illuminate\\Routing\\ControllerDispatcher->dispatch(Object(Illuminate\\Routing\\Route), Object(App\\Http\\Controllers\\FareConditionController), 'store')
#19 /home/pentasof/hrcrm.testpentas.in/agent/application/vendor/laravel/framework/src/Illuminate/Routing/Route.php(205): Illuminate\\Routing\\Route->runController()
#20 /home/pentasof/hrcrm.testpentas.in/agent/application/vendor/laravel/framework/src/Illuminate/Routing/Router.php(721): Illuminate\\Routing\\Route->run()
#21 /home/pentasof/hrcrm.testpentas.in/agent/application/vendor/laravel/framework/src/Illuminate/Pipeline/Pipeline.php(128): Illuminate\\Routing\\Router->Illuminate\\Routing\\{closure}(Object(Illuminate\\Http\\Request))
#22 /home/pentasof/hrcrm.testpentas.in/agent/application/app/Http/Middleware/Modules/Menus.php(34): Illuminate\\Pipeline\\Pipeline->Illuminate\\Pipeline\\{closure}(Object(Illuminate\\Http\\Request))
#23 /home/pentasof/hrcrm.testpentas.in/agent/application/vendor/laravel/framework/src/Illuminate/Pipeline/Pipeline.php(167): App\\Http\\Middleware\\Modules\\Menus->handle(Object(Illuminate\\Http\\Request), Object(Closure))
#24 /home/pentasof/hrcrm.testpentas.in/agent/application/app/Http/Middleware/Modules/Visibility.php(55): Illuminate\\Pipeline\\Pipeline->Illuminate\\Pipeline\\{closure}(Object(Illuminate\\Http\\Request))
#25 /home/pentasof/hrcrm.testpentas.in/agent/application/vendor/laravel/framework/src/Illuminate/Pipeline/Pipeline.php(167): App\\Http\\Middleware\\Modules\\Visibility->handle(Object(Illuminate\\Http\\Request), Object(Closure))
#26 /home/pentasof/hrcrm.testpentas.in/agent/application/app/Http/Middleware/Modules/Status.php(59): Illuminate\\Pipeline\\Pipeline->Illuminate\\Pipeline\\{closure}(Object(Illuminate\\Http\\Request))
#27 /home/pentasof/hrcrm.testpentas.in/agent/application/vendor/laravel/framework/src/Illuminate/Pipeline/Pipeline.php(167): App\\Http\\Middleware\\Modules\\Status->handle(Object(Illuminate\\Http\\Request), Object(Closure))
#28 /home/pentasof/hrcrm.testpentas.in/agent/application/app/Http/Middleware/General/General.php(103): Illuminate\\Pipeline\\Pipeline->Illuminate\\Pipeline\\{closure}(Object(Illuminate\\Http\\Request))
#29 /home/pentasof/hrcrm.testpentas.in/agent/application/vendor/laravel/framework/src/Illuminate/Pipeline/Pipeline.php(167): App\\Http\\Middleware\\General\\General->handle(Object(Illuminate\\Http\\Request), Object(Closure))
#30 /home/pentasof/hrcrm.testpentas.in/agent/application/app/Http/Middleware/General/SanityCheck.php(45): Illuminate\\Pipeline\\Pipeline->Illuminate\\Pipeline\\{closure}(Object(Illuminate\\Http\\Request))
#31 /home/pentasof/hrcrm.testpentas.in/agent/application/vendor/laravel/framework/src/Illuminate/Pipeline/Pipeline.php(167): App\\Http\\Middleware\\General\\SanityCheck->handle(Object(Illuminate\\Http\\Request), Object(Closure))
#32 /home/pentasof/hrcrm.testpentas.in/agent/application/app/Http/Middleware/General/Settings.php(47): Illuminate\\Pipeline\\Pipeline->Illuminate\\Pipeline\\{closure}(Object(Illuminate\\Http\\Request))
#33 /home/pentasof/hrcrm.testpentas.in/agent/application/vendor/laravel/framework/src/Illuminate/Pipeline/Pipeline.php(167): App\\Http\\Middleware\\General\\Settings->handle(Object(Illuminate\\Http\\Request), Object(Closure))
#34 /home/pentasof/hrcrm.testpentas.in/agent/application/vendor/laravel/framework/src/Illuminate/Routing/Middleware/SubstituteBindings.php(50): Illuminate\\Pipeline\\Pipeline->Illuminate\\Pipeline\\{closure}(Object(Illuminate\\Http\\Request))
#35 /home/pentasof/hrcrm.testpentas.in/agent/application/vendor/laravel/framework/src/Illuminate/Pipeline/Pipeline.php(167): Illuminate\\Routing\\Middleware\\SubstituteBindings->handle(Object(Illuminate\\Http\\Request), Object(Closure))
#36 /home/pentasof/hrcrm.testpentas.in/agent/application/vendor/laravel/framework/src/Illuminate/Foundation/Http/Middleware/VerifyCsrfToken.php(78): Illuminate\\Pipeline\\Pipeline->Illuminate\\Pipeline\\{closure}(Object(Illuminate\\Http\\Request))
#37 /home/pentasof/hrcrm.testpentas.in/agent/application/vendor/laravel/framework/src/Illuminate/Pipeline/Pipeline.php(167): Illuminate\\Foundation\\Http\\Middleware\\VerifyCsrfToken->handle(Object(Illuminate\\Http\\Request), Object(Closure))
#38 /home/pentasof/hrcrm.testpentas.in/agent/application/vendor/laravel/framework/src/Illuminate/View/Middleware/ShareErrorsFromSession.php(49): Illuminate\\Pipeline\\Pipeline->Illuminate\\Pipeline\\{closure}(Object(Illuminate\\Http\\Request))
#39 /home/pentasof/hrcrm.testpentas.in/agent/application/vendor/laravel/framework/src/Illuminate/Pipeline/Pipeline.php(167): Illuminate\\View\\Middleware\\ShareErrorsFromSession->handle(Object(Illuminate\\Http\\Request), Object(Closure))
#40 /home/pentasof/hrcrm.testpentas.in/agent/application/vendor/laravel/framework/src/Illuminate/Session/Middleware/StartSession.php(121): Illuminate\\Pipeline\\Pipeline->Illuminate\\Pipeline\\{closure}(Object(Illuminate\\Http\\Request))
#41 /home/pentasof/hrcrm.testpentas.in/agent/application/vendor/laravel/framework/src/Illuminate/Session/Middleware/StartSession.php(64): Illuminate\\Session\\Middleware\\StartSession->handleStatefulRequest(Object(Illuminate\\Http\\Request), Object(Illuminate\\Session\\Store), Object(Closure))
#42 /home/pentasof/hrcrm.testpentas.in/agent/application/vendor/laravel/framework/src/Illuminate/Pipeline/Pipeline.php(167): Illuminate\\Session\\Middleware\\StartSession->handle(Object(Illuminate\\Http\\Request), Object(Closure))
#43 /home/pentasof/hrcrm.testpentas.in/agent/application/vendor/laravel/framework/src/Illuminate/Cookie/Middleware/AddQueuedCookiesToResponse.php(37): Illuminate\\Pipeline\\Pipeline->Illuminate\\Pipeline\\{closure}(Object(Illuminate\\Http\\Request))
#44 /home/pentasof/hrcrm.testpentas.in/agent/application/vendor/laravel/framework/src/Illuminate/Pipeline/Pipeline.php(167): Illuminate\\Cookie\\Middleware\\AddQueuedCookiesToResponse->handle(Object(Illuminate\\Http\\Request), Object(Closure))
#45 /home/pentasof/hrcrm.testpentas.in/agent/application/vendor/laravel/framework/src/Illuminate/Cookie/Middleware/EncryptCookies.php(67): Illuminate\\Pipeline\\Pipeline->Illuminate\\Pipeline\\{closure}(Object(Illuminate\\Http\\Request))
#46 /home/pentasof/hrcrm.testpentas.in/agent/application/vendor/laravel/framework/src/Illuminate/Pipeline/Pipeline.php(167): Illuminate\\Cookie\\Middleware\\EncryptCookies->handle(Object(Illuminate\\Http\\Request), Object(Closure))
#47 /home/pentasof/hrcrm.testpentas.in/agent/application/app/Http/Middleware/General/Setup.php(37): Illuminate\\Pipeline\\Pipeline->Illuminate\\Pipeline\\{closure}(Object(Illuminate\\Http\\Request))
#48 /home/pentasof/hrcrm.testpentas.in/agent/application/vendor/laravel/framework/src/Illuminate/Pipeline/Pipeline.php(167): App\\Http\\Middleware\\General\\Setup->handle(Object(Illuminate\\Http\\Request), Object(Closure))
#49 /home/pentasof/hrcrm.testpentas.in/agent/application/vendor/laravel/framework/src/Illuminate/Pipeline/Pipeline.php(103): Illuminate\\Pipeline\\Pipeline->Illuminate\\Pipeline\\{closure}(Object(Illuminate\\Http\\Request))
#50 /home/pentasof/hrcrm.testpentas.in/agent/application/vendor/laravel/framework/src/Illuminate/Routing/Router.php(719): Illuminate\\Pipeline\\Pipeline->then(Object(Closure))
#51 /home/pentasof/hrcrm.testpentas.in/agent/application/vendor/laravel/framework/src/Illuminate/Routing/Router.php(698): Illuminate\\Routing\\Router->runRouteWithinStack(Object(Illuminate\\Routing\\Route), Object(Illuminate\\Http\\Request))
#52 /home/pentasof/hrcrm.testpentas.in/agent/application/vendor/laravel/framework/src/Illuminate/Routing/Router.php(662): Illuminate\\Routing\\Router->runRoute(Object(Illuminate\\Http\\Request), Object(Illuminate\\Routing\\Route))
#53 /home/pentasof/hrcrm.testpentas.in/agent/application/vendor/laravel/framework/src/Illuminate/Routing/Router.php(651): Illuminate\\Routing\\Router->dispatchToRoute(Object(Illuminate\\Http\\Request))
#54 /home/pentasof/hrcrm.testpentas.in/agent/application/vendor/laravel/framework/src/Illuminate/Foundation/Http/Kernel.php(167): Illuminate\\Routing\\Router->dispatch(Object(Illuminate\\Http\\Request))
#55 /home/pentasof/hrcrm.testpentas.in/agent/application/vendor/laravel/framework/src/Illuminate/Pipeline/Pipeline.php(128): Illuminate\\Foundation\\Http\\Kernel->Illuminate\\Foundation\\Http\\{closure}(Object(Illuminate\\Http\\Request))
#56 /home/pentasof/hrcrm.testpentas.in/agent/application/vendor/barryvdh/laravel-debugbar/src/Middleware/InjectDebugbar.php(59): Illuminate\\Pipeline\\Pipeline->Illuminate\\Pipeline\\{closure}(Object(Illuminate\\Http\\Request))
#57 /home/pentasof/hrcrm.testpentas.in/agent/application/vendor/laravel/framework/src/Illuminate/Pipeline/Pipeline.php(167): Barryvdh\\Debugbar\\Middleware\\InjectDebugbar->handle(Object(Illuminate\\Http\\Request), Object(Closure))
#58 /home/pentasof/hrcrm.testpentas.in/agent/application/vendor/fideloper/proxy/src/TrustProxies.php(57): Illuminate\\Pipeline\\Pipeline->Illuminate\\Pipeline\\{closure}(Object(Illuminate\\Http\\Request))
#59 /home/pentasof/hrcrm.testpentas.in/agent/application/vendor/laravel/framework/src/Illuminate/Pipeline/Pipeline.php(167): Fideloper\\Proxy\\TrustProxies->handle(Object(Illuminate\\Http\\Request), Object(Closure))
#60 /home/pentasof/hrcrm.testpentas.in/agent/application/vendor/laravel/framework/src/Illuminate/Foundation/Http/Middleware/TransformsRequest.php(21): Illuminate\\Pipeline\\Pipeline->Illuminate\\Pipeline\\{closure}(Object(Illuminate\\Http\\Request))
#61 /home/pentasof/hrcrm.testpentas.in/agent/application/vendor/laravel/framework/src/Illuminate/Foundation/Http/Middleware/ConvertEmptyStringsToNull.php(31): Illuminate\\Foundation\\Http\\Middleware\\TransformsRequest->handle(Object(Illuminate\\Http\\Request), Object(Closure))
#62 /home/pentasof/hrcrm.testpentas.in/agent/application/vendor/laravel/framework/src/Illuminate/Pipeline/Pipeline.php(167): Illuminate\\Foundation\\Http\\Middleware\\ConvertEmptyStringsToNull->handle(Object(Illuminate\\Http\\Request), Object(Closure))
#63 /home/pentasof/hrcrm.testpentas.in/agent/application/vendor/laravel/framework/src/Illuminate/Foundation/Http/Middleware/TransformsRequest.php(21): Illuminate\\Pipeline\\Pipeline->Illuminate\\Pipeline\\{closure}(Object(Illuminate\\Http\\Request))
#64 /home/pentasof/hrcrm.testpentas.in/agent/application/vendor/laravel/framework/src/Illuminate/Foundation/Http/Middleware/TrimStrings.php(40): Illuminate\\Foundation\\Http\\Middleware\\TransformsRequest->handle(Object(Illuminate\\Http\\Request), Object(Closure))
#65 /home/pentasof/hrcrm.testpentas.in/agent/application/vendor/laravel/framework/src/Illuminate/Pipeline/Pipeline.php(167): Illuminate\\Foundation\\Http\\Middleware\\TrimStrings->handle(Object(Illuminate\\Http\\Request), Object(Closure))
#66 /home/pentasof/hrcrm.testpentas.in/agent/application/vendor/laravel/framework/src/Illuminate/Foundation/Http/Middleware/ValidatePostSize.php(27): Illuminate\\Pipeline\\Pipeline->Illuminate\\Pipeline\\{closure}(Object(Illuminate\\Http\\Request))
#67 /home/pentasof/hrcrm.testpentas.in/agent/application/vendor/laravel/framework/src/Illuminate/Pipeline/Pipeline.php(167): Illuminate\\Foundation\\Http\\Middleware\\ValidatePostSize->handle(Object(Illuminate\\Http\\Request), Object(Closure))
#68 /home/pentasof/hrcrm.testpentas.in/agent/application/vendor/laravel/framework/src/Illuminate/Foundation/Http/Middleware/PreventRequestsDuringMaintenance.php(86): Illuminate\\Pipeline\\Pipeline->Illuminate\\Pipeline\\{closure}(Object(Illuminate\\Http\\Request))
#69 /home/pentasof/hrcrm.testpentas.in/agent/application/vendor/laravel/framework/src/Illuminate/Pipeline/Pipeline.php(167): Illuminate\\Foundation\\Http\\Middleware\\PreventRequestsDuringMaintenance->handle(Object(Illuminate\\Http\\Request), Object(Closure))
#70 /home/pentasof/hrcrm.testpentas.in/agent/application/vendor/laravel/framework/src/Illuminate/Pipeline/Pipeline.php(103): Illuminate\\Pipeline\\Pipeline->Illuminate\\Pipeline\\{closure}(Object(Illuminate\\Http\\Request))
#71 /home/pentasof/hrcrm.testpentas.in/agent/application/vendor/laravel/framework/src/Illuminate/Foundation/Http/Kernel.php(142): Illuminate\\Pipeline\\Pipeline->then(Object(Closure))
#72 /home/pentasof/hrcrm.testpentas.in/agent/application/vendor/laravel/framework/src/Illuminate/Foundation/Http/Kernel.php(111): Illuminate\\Foundation\\Http\\Kernel->sendRequestThroughRouter(Object(Illuminate\\Http\\Request))
#73 /home/pentasof/hrcrm.testpentas.in/agent/index.php(91): Illuminate\\Foundation\\Http\\Kernel->handle(Object(Illuminate\\Http\\Request))
#74 {main}

[previous exception] [object] (PDOException(code: 23000): SQLSTATE[23000]: Integrity constraint violation: 1048 Column 'updated_by' cannot be null at /home/pentasof/hrcrm.testpentas.in/agent/application/vendor/laravel/framework/src/Illuminate/Database/Connection.php:501)
[stacktrace]
#0 /home/pentasof/hrcrm.testpentas.in/agent/application/vendor/laravel/framework/src/Illuminate/Database/Connection.php(501): PDOStatement->execute()
#1 /home/pentasof/hrcrm.testpentas.in/agent/application/vendor/laravel/framework/src/Illuminate/Database/Connection.php(705): Illuminate\\Database\\Connection->Illuminate\\Database\\{closure}('insert into `fa...', Array)
#2 /home/pentasof/hrcrm.testpentas.in/agent/application/vendor/laravel/framework/src/Illuminate/Database/Connection.php(672): Illuminate\\Database\\Connection->runQueryCallback('insert into `fa...', Array, Object(Closure))
#3 /home/pentasof/hrcrm.testpentas.in/agent/application/vendor/laravel/framework/src/Illuminate/Database/Connection.php(490): Illuminate\\Database\\Connection->run('insert into `fa...', Array, Object(Closure))
#4 /home/pentasof/hrcrm.testpentas.in/agent/application/vendor/laravel/framework/src/Illuminate/Database/Connection.php(454): Illuminate\\Database\\Connection->statement('insert into `fa...', Array)
#5 /home/pentasof/hrcrm.testpentas.in/agent/application/vendor/laravel/framework/src/Illuminate/Database/Query/Processors/Processor.php(32): Illuminate\\Database\\Connection->insert('insert into `fa...', Array)
#6 /home/pentasof/hrcrm.testpentas.in/agent/application/vendor/laravel/framework/src/Illuminate/Database/Query/Builder.php(3028): Illuminate\\Database\\Query\\Processors\\Processor->processInsertGetId(Object(Illuminate\\Database\\Query\\Builder), 'insert into `fa...', Array, 'id')
#7 /home/pentasof/hrcrm.testpentas.in/agent/application/vendor/laravel/framework/src/Illuminate/Database/Eloquent/Builder.php(1657): Illuminate\\Database\\Query\\Builder->insertGetId(Array, 'id')
#8 /home/pentasof/hrcrm.testpentas.in/agent/application/vendor/laravel/framework/src/Illuminate/Database/Eloquent/Model.php(1188): Illuminate\\Database\\Eloquent\\Builder->__call('insertGetId', Array)
#9 /home/pentasof/hrcrm.testpentas.in/agent/application/vendor/laravel/framework/src/Illuminate/Database/Eloquent/Model.php(1153): Illuminate\\Database\\Eloquent\\Model->insertAndSetId(Object(Illuminate\\Database\\Eloquent\\Builder), Array)
#10 /home/pentasof/hrcrm.testpentas.in/agent/application/vendor/laravel/framework/src/Illuminate/Database/Eloquent/Model.php(994): Illuminate\\Database\\Eloquent\\Model->performInsert(Object(Illuminate\\Database\\Eloquent\\Builder))
#11 /home/pentasof/hrcrm.testpentas.in/agent/application/vendor/laravel/framework/src/Illuminate/Database/Eloquent/Builder.php(896): Illuminate\\Database\\Eloquent\\Model->save()
#12 /home/pentasof/hrcrm.testpentas.in/agent/application/vendor/laravel/framework/src/Illuminate/Support/helpers.php(263): Illuminate\\Database\\Eloquent\\Builder->Illuminate\\Database\\Eloquent\\{closure}(Object(App\\Models\\FareCondition))
#13 /home/pentasof/hrcrm.testpentas.in/agent/application/vendor/laravel/framework/src/Illuminate/Database/Eloquent/Builder.php(895): tap(Object(App\\Models\\FareCondition), Object(Closure))
#14 /home/pentasof/hrcrm.testpentas.in/agent/application/vendor/laravel/framework/src/Illuminate/Support/Traits/ForwardsCalls.php(23): Illuminate\\Database\\Eloquent\\Builder->create(Array)
#15 /home/pentasof/hrcrm.testpentas.in/agent/application/vendor/laravel/framework/src/Illuminate/Database/Eloquent/Model.php(2132): Illuminate\\Database\\Eloquent\\Model->forwardCallTo(Object(Illuminate\\Database\\Eloquent\\Builder), 'create', Array)
#16 /home/pentasof/hrcrm.testpentas.in/agent/application/vendor/laravel/framework/src/Illuminate/Database/Eloquent/Model.php(2144): Illuminate\\Database\\Eloquent\\Model->__call('create', Array)
#17 /home/pentasof/hrcrm.testpentas.in/agent/application/app/Http/Controllers/FareConditionController.php(34): Illuminate\\Database\\Eloquent\\Model::__callStatic('create', Array)
#18 /home/pentasof/hrcrm.testpentas.in/agent/application/vendor/laravel/framework/src/Illuminate/Routing/Controller.php(54): App\\Http\\Controllers\\FareConditionController->store(Object(Illuminate\\Http\\Request))
#19 /home/pentasof/hrcrm.testpentas.in/agent/application/vendor/laravel/framework/src/Illuminate/Routing/ControllerDispatcher.php(45): Illuminate\\Routing\\Controller->callAction('store', Array)
#20 /home/pentasof/hrcrm.testpentas.in/agent/application/vendor/laravel/framework/src/Illuminate/Routing/Route.php(261): Illuminate\\Routing\\ControllerDispatcher->dispatch(Object(Illuminate\\Routing\\Route), Object(App\\Http\\Controllers\\FareConditionController), 'store')
#21 /home/pentasof/hrcrm.testpentas.in/agent/application/vendor/laravel/framework/src/Illuminate/Routing/Route.php(205): Illuminate\\Routing\\Route->runController()
#22 /home/pentasof/hrcrm.testpentas.in/agent/application/vendor/laravel/framework/src/Illuminate/Routing/Router.php(721): Illuminate\\Routing\\Route->run()
#23 /home/pentasof/hrcrm.testpentas.in/agent/application/vendor/laravel/framework/src/Illuminate/Pipeline/Pipeline.php(128): Illuminate\\Routing\\Router->Illuminate\\Routing\\{closure}(Object(Illuminate\\Http\\Request))
#24 /home/pentasof/hrcrm.testpentas.in/agent/application/app/Http/Middleware/Modules/Menus.php(34): Illuminate\\Pipeline\\Pipeline->Illuminate\\Pipeline\\{closure}(Object(Illuminate\\Http\\Request))
#25 /home/pentasof/hrcrm.testpentas.in/agent/application/vendor/laravel/framework/src/Illuminate/Pipeline/Pipeline.php(167): App\\Http\\Middleware\\Modules\\Menus->handle(Object(Illuminate\\Http\\Request), Object(Closure))
#26 /home/pentasof/hrcrm.testpentas.in/agent/application/app/Http/Middleware/Modules/Visibility.php(55): Illuminate\\Pipeline\\Pipeline->Illuminate\\Pipeline\\{closure}(Object(Illuminate\\Http\\Request))
#27 /home/pentasof/hrcrm.testpentas.in/agent/application/vendor/laravel/framework/src/Illuminate/Pipeline/Pipeline.php(167): App\\Http\\Middleware\\Modules\\Visibility->handle(Object(Illuminate\\Http\\Request), Object(Closure))
#28 /home/pentasof/hrcrm.testpentas.in/agent/application/app/Http/Middleware/Modules/Status.php(59): Illuminate\\Pipeline\\Pipeline->Illuminate\\Pipeline\\{closure}(Object(Illuminate\\Http\\Request))
#29 /home/pentasof/hrcrm.testpentas.in/agent/application/vendor/laravel/framework/src/Illuminate/Pipeline/Pipeline.php(167): App\\Http\\Middleware\\Modules\\Status->handle(Object(Illuminate\\Http\\Request), Object(Closure))
#30 /home/pentasof/hrcrm.testpentas.in/agent/application/app/Http/Middleware/General/General.php(103): Illuminate\\Pipeline\\Pipeline->Illuminate\\Pipeline\\{closure}(Object(Illuminate\\Http\\Request))
#31 /home/pentasof/hrcrm.testpentas.in/agent/application/vendor/laravel/framework/src/Illuminate/Pipeline/Pipeline.php(167): App\\Http\\Middleware\\General\\General->handle(Object(Illuminate\\Http\\Request), Object(Closure))
#32 /home/pentasof/hrcrm.testpentas.in/agent/application/app/Http/Middleware/General/SanityCheck.php(45): Illuminate\\Pipeline\\Pipeline->Illuminate\\Pipeline\\{closure}(Object(Illuminate\\Http\\Request))
#33 /home/pentasof/hrcrm.testpentas.in/agent/application/vendor/laravel/framework/src/Illuminate/Pipeline/Pipeline.php(167): App\\Http\\Middleware\\General\\SanityCheck->handle(Object(Illuminate\\Http\\Request), Object(Closure))
#34 /home/pentasof/hrcrm.testpentas.in/agent/application/app/Http/Middleware/General/Settings.php(47): Illuminate\\Pipeline\\Pipeline->Illuminate\\Pipeline\\{closure}(Object(Illuminate\\Http\\Request))
#35 /home/pentasof/hrcrm.testpentas.in/agent/application/vendor/laravel/framework/src/Illuminate/Pipeline/Pipeline.php(167): App\\Http\\Middleware\\General\\Settings->handle(Object(Illuminate\\Http\\Request), Object(Closure))
#36 /home/pentasof/hrcrm.testpentas.in/agent/application/vendor/laravel/framework/src/Illuminate/Routing/Middleware/SubstituteBindings.php(50): Illuminate\\Pipeline\\Pipeline->Illuminate\\Pipeline\\{closure}(Object(Illuminate\\Http\\Request))
#37 /home/pentasof/hrcrm.testpentas.in/agent/application/vendor/laravel/framework/src/Illuminate/Pipeline/Pipeline.php(167): Illuminate\\Routing\\Middleware\\SubstituteBindings->handle(Object(Illuminate\\Http\\Request), Object(Closure))
#38 /home/pentasof/hrcrm.testpentas.in/agent/application/vendor/laravel/framework/src/Illuminate/Foundation/Http/Middleware/VerifyCsrfToken.php(78): Illuminate\\Pipeline\\Pipeline->Illuminate\\Pipeline\\{closure}(Object(Illuminate\\Http\\Request))
#39 /home/pentasof/hrcrm.testpentas.in/agent/application/vendor/laravel/framework/src/Illuminate/Pipeline/Pipeline.php(167): Illuminate\\Foundation\\Http\\Middleware\\VerifyCsrfToken->handle(Object(Illuminate\\Http\\Request), Object(Closure))
#40 /home/pentasof/hrcrm.testpentas.in/agent/application/vendor/laravel/framework/src/Illuminate/View/Middleware/ShareErrorsFromSession.php(49): Illuminate\\Pipeline\\Pipeline->Illuminate\\Pipeline\\{closure}(Object(Illuminate\\Http\\Request))
#41 /home/pentasof/hrcrm.testpentas.in/agent/application/vendor/laravel/framework/src/Illuminate/Pipeline/Pipeline.php(167): Illuminate\\View\\Middleware\\ShareErrorsFromSession->handle(Object(Illuminate\\Http\\Request), Object(Closure))
#42 /home/pentasof/hrcrm.testpentas.in/agent/application/vendor/laravel/framework/src/Illuminate/Session/Middleware/StartSession.php(121): Illuminate\\Pipeline\\Pipeline->Illuminate\\Pipeline\\{closure}(Object(Illuminate\\Http\\Request))
#43 /home/pentasof/hrcrm.testpentas.in/agent/application/vendor/laravel/framework/src/Illuminate/Session/Middleware/StartSession.php(64): Illuminate\\Session\\Middleware\\StartSession->handleStatefulRequest(Object(Illuminate\\Http\\Request), Object(Illuminate\\Session\\Store), Object(Closure))
#44 /home/pentasof/hrcrm.testpentas.in/agent/application/vendor/laravel/framework/src/Illuminate/Pipeline/Pipeline.php(167): Illuminate\\Session\\Middleware\\StartSession->handle(Object(Illuminate\\Http\\Request), Object(Closure))
#45 /home/pentasof/hrcrm.testpentas.in/agent/application/vendor/laravel/framework/src/Illuminate/Cookie/Middleware/AddQueuedCookiesToResponse.php(37): Illuminate\\Pipeline\\Pipeline->Illuminate\\Pipeline\\{closure}(Object(Illuminate\\Http\\Request))
#46 /home/pentasof/hrcrm.testpentas.in/agent/application/vendor/laravel/framework/src/Illuminate/Pipeline/Pipeline.php(167): Illuminate\\Cookie\\Middleware\\AddQueuedCookiesToResponse->handle(Object(Illuminate\\Http\\Request), Object(Closure))
#47 /home/pentasof/hrcrm.testpentas.in/agent/application/vendor/laravel/framework/src/Illuminate/Cookie/Middleware/EncryptCookies.php(67): Illuminate\\Pipeline\\Pipeline->Illuminate\\Pipeline\\{closure}(Object(Illuminate\\Http\\Request))
#48 /home/pentasof/hrcrm.testpentas.in/agent/application/vendor/laravel/framework/src/Illuminate/Pipeline/Pipeline.php(167): Illuminate\\Cookie\\Middleware\\EncryptCookies->handle(Object(Illuminate\\Http\\Request), Object(Closure))
#49 /home/pentasof/hrcrm.testpentas.in/agent/application/app/Http/Middleware/General/Setup.php(37): Illuminate\\Pipeline\\Pipeline->Illuminate\\Pipeline\\{closure}(Object(Illuminate\\Http\\Request))
#50 /home/pentasof/hrcrm.testpentas.in/agent/application/vendor/laravel/framework/src/Illuminate/Pipeline/Pipeline.php(167): App\\Http\\Middleware\\General\\Setup->handle(Object(Illuminate\\Http\\Request), Object(Closure))
#51 /home/pentasof/hrcrm.testpentas.in/agent/application/vendor/laravel/framework/src/Illuminate/Pipeline/Pipeline.php(103): Illuminate\\Pipeline\\Pipeline->Illuminate\\Pipeline\\{closure}(Object(Illuminate\\Http\\Request))
#52 /home/pentasof/hrcrm.testpentas.in/agent/application/vendor/laravel/framework/src/Illuminate/Routing/Router.php(719): Illuminate\\Pipeline\\Pipeline->then(Object(Closure))
#53 /home/pentasof/hrcrm.testpentas.in/agent/application/vendor/laravel/framework/src/Illuminate/Routing/Router.php(698): Illuminate\\Routing\\Router->runRouteWithinStack(Object(Illuminate\\Routing\\Route), Object(Illuminate\\Http\\Request))
#54 /home/pentasof/hrcrm.testpentas.in/agent/application/vendor/laravel/framework/src/Illuminate/Routing/Router.php(662): Illuminate\\Routing\\Router->runRoute(Object(Illuminate\\Http\\Request), Object(Illuminate\\Routing\\Route))
#55 /home/pentasof/hrcrm.testpentas.in/agent/application/vendor/laravel/framework/src/Illuminate/Routing/Router.php(651): Illuminate\\Routing\\Router->dispatchToRoute(Object(Illuminate\\Http\\Request))
#56 /home/pentasof/hrcrm.testpentas.in/agent/application/vendor/laravel/framework/src/Illuminate/Foundation/Http/Kernel.php(167): Illuminate\\Routing\\Router->dispatch(Object(Illuminate\\Http\\Request))
#57 /home/pentasof/hrcrm.testpentas.in/agent/application/vendor/laravel/framework/src/Illuminate/Pipeline/Pipeline.php(128): Illuminate\\Foundation\\Http\\Kernel->Illuminate\\Foundation\\Http\\{closure}(Object(Illuminate\\Http\\Request))
#58 /home/pentasof/hrcrm.testpentas.in/agent/application/vendor/barryvdh/laravel-debugbar/src/Middleware/InjectDebugbar.php(59): Illuminate\\Pipeline\\Pipeline->Illuminate\\Pipeline\\{closure}(Object(Illuminate\\Http\\Request))
#59 /home/pentasof/hrcrm.testpentas.in/agent/application/vendor/laravel/framework/src/Illuminate/Pipeline/Pipeline.php(167): Barryvdh\\Debugbar\\Middleware\\InjectDebugbar->handle(Object(Illuminate\\Http\\Request), Object(Closure))
#60 /home/pentasof/hrcrm.testpentas.in/agent/application/vendor/fideloper/proxy/src/TrustProxies.php(57): Illuminate\\Pipeline\\Pipeline->Illuminate\\Pipeline\\{closure}(Object(Illuminate\\Http\\Request))
#61 /home/pentasof/hrcrm.testpentas.in/agent/application/vendor/laravel/framework/src/Illuminate/Pipeline/Pipeline.php(167): Fideloper\\Proxy\\TrustProxies->handle(Object(Illuminate\\Http\\Request), Object(Closure))
#62 /home/pentasof/hrcrm.testpentas.in/agent/application/vendor/laravel/framework/src/Illuminate/Foundation/Http/Middleware/TransformsRequest.php(21): Illuminate\\Pipeline\\Pipeline->Illuminate\\Pipeline\\{closure}(Object(Illuminate\\Http\\Request))
#63 /home/pentasof/hrcrm.testpentas.in/agent/application/vendor/laravel/framework/src/Illuminate/Foundation/Http/Middleware/ConvertEmptyStringsToNull.php(31): Illuminate\\Foundation\\Http\\Middleware\\TransformsRequest->handle(Object(Illuminate\\Http\\Request), Object(Closure))
#64 /home/pentasof/hrcrm.testpentas.in/agent/application/vendor/laravel/framework/src/Illuminate/Pipeline/Pipeline.php(167): Illuminate\\Foundation\\Http\\Middleware\\ConvertEmptyStringsToNull->handle(Object(Illuminate\\Http\\Request), Object(Closure))
#65 /home/pentasof/hrcrm.testpentas.in/agent/application/vendor/laravel/framework/src/Illuminate/Foundation/Http/Middleware/TransformsRequest.php(21): Illuminate\\Pipeline\\Pipeline->Illuminate\\Pipeline\\{closure}(Object(Illuminate\\Http\\Request))
#66 /home/pentasof/hrcrm.testpentas.in/agent/application/vendor/laravel/framework/src/Illuminate/Foundation/Http/Middleware/TrimStrings.php(40): Illuminate\\Foundation\\Http\\Middleware\\TransformsRequest->handle(Object(Illuminate\\Http\\Request), Object(Closure))
#67 /home/pentasof/hrcrm.testpentas.in/agent/application/vendor/laravel/framework/src/Illuminate/Pipeline/Pipeline.php(167): Illuminate\\Foundation\\Http\\Middleware\\TrimStrings->handle(Object(Illuminate\\Http\\Request), Object(Closure))
#68 /home/pentasof/hrcrm.testpentas.in/agent/application/vendor/laravel/framework/src/Illuminate/Foundation/Http/Middleware/ValidatePostSize.php(27): Illuminate\\Pipeline\\Pipeline->Illuminate\\Pipeline\\{closure}(Object(Illuminate\\Http\\Request))
#69 /home/pentasof/hrcrm.testpentas.in/agent/application/vendor/laravel/framework/src/Illuminate/Pipeline/Pipeline.php(167): Illuminate\\Foundation\\Http\\Middleware\\ValidatePostSize->handle(Object(Illuminate\\Http\\Request), Object(Closure))
#70 /home/pentasof/hrcrm.testpentas.in/agent/application/vendor/laravel/framework/src/Illuminate/Foundation/Http/Middleware/PreventRequestsDuringMaintenance.php(86): Illuminate\\Pipeline\\Pipeline->Illuminate\\Pipeline\\{closure}(Object(Illuminate\\Http\\Request))
#71 /home/pentasof/hrcrm.testpentas.in/agent/application/vendor/laravel/framework/src/Illuminate/Pipeline/Pipeline.php(167): Illuminate\\Foundation\\Http\\Middleware\\PreventRequestsDuringMaintenance->handle(Object(Illuminate\\Http\\Request), Object(Closure))
#72 /home/pentasof/hrcrm.testpentas.in/agent/application/vendor/laravel/framework/src/Illuminate/Pipeline/Pipeline.php(103): Illuminate\\Pipeline\\Pipeline->Illuminate\\Pipeline\\{closure}(Object(Illuminate\\Http\\Request))
#73 /home/pentasof/hrcrm.testpentas.in/agent/application/vendor/laravel/framework/src/Illuminate/Foundation/Http/Kernel.php(142): Illuminate\\Pipeline\\Pipeline->then(Object(Closure))
#74 /home/pentasof/hrcrm.testpentas.in/agent/application/vendor/laravel/framework/src/Illuminate/Foundation/Http/Kernel.php(111): Illuminate\\Foundation\\Http\\Kernel->sendRequestThroughRouter(Object(Illuminate\\Http\\Request))
#75 /home/pentasof/hrcrm.testpentas.in/agent/index.php(91): Illuminate\\Foundation\\Http\\Kernel->handle(Object(Illuminate\\Http\\Request))
#76 {main}
"} 
[2024-07-08 16:00:13] production.ERROR: Class "App\Models\Airline" not found {"userId":3,"exception":"[object] (Error(code: 0): Class \"App\\Models\\Airline\" not found at /home/pentasof/hrcrm.testpentas.in/agent/application/app/Http/Controllers/CommissionController.php:13)
[stacktrace]
#0 /home/pentasof/hrcrm.testpentas.in/agent/application/vendor/laravel/framework/src/Illuminate/Routing/Controller.php(54): App\\Http\\Controllers\\CommissionController->index()
#1 /home/pentasof/hrcrm.testpentas.in/agent/application/vendor/laravel/framework/src/Illuminate/Routing/ControllerDispatcher.php(45): Illuminate\\Routing\\Controller->callAction('index', Array)
#2 /home/pentasof/hrcrm.testpentas.in/agent/application/vendor/laravel/framework/src/Illuminate/Routing/Route.php(261): Illuminate\\Routing\\ControllerDispatcher->dispatch(Object(Illuminate\\Routing\\Route), Object(App\\Http\\Controllers\\CommissionController), 'index')
#3 /home/pentasof/hrcrm.testpentas.in/agent/application/vendor/laravel/framework/src/Illuminate/Routing/Route.php(205): Illuminate\\Routing\\Route->runController()
#4 /home/pentasof/hrcrm.testpentas.in/agent/application/vendor/laravel/framework/src/Illuminate/Routing/Router.php(721): Illuminate\\Routing\\Route->run()
#5 /home/pentasof/hrcrm.testpentas.in/agent/application/vendor/laravel/framework/src/Illuminate/Pipeline/Pipeline.php(128): Illuminate\\Routing\\Router->Illuminate\\Routing\\{closure}(Object(Illuminate\\Http\\Request))
#6 /home/pentasof/hrcrm.testpentas.in/agent/application/app/Http/Middleware/Modules/Menus.php(34): Illuminate\\Pipeline\\Pipeline->Illuminate\\Pipeline\\{closure}(Object(Illuminate\\Http\\Request))
#7 /home/pentasof/hrcrm.testpentas.in/agent/application/vendor/laravel/framework/src/Illuminate/Pipeline/Pipeline.php(167): App\\Http\\Middleware\\Modules\\Menus->handle(Object(Illuminate\\Http\\Request), Object(Closure))
#8 /home/pentasof/hrcrm.testpentas.in/agent/application/app/Http/Middleware/Modules/Visibility.php(55): Illuminate\\Pipeline\\Pipeline->Illuminate\\Pipeline\\{closure}(Object(Illuminate\\Http\\Request))
#9 /home/pentasof/hrcrm.testpentas.in/agent/application/vendor/laravel/framework/src/Illuminate/Pipeline/Pipeline.php(167): App\\Http\\Middleware\\Modules\\Visibility->handle(Object(Illuminate\\Http\\Request), Object(Closure))
#10 /home/pentasof/hrcrm.testpentas.in/agent/application/app/Http/Middleware/Modules/Status.php(59): Illuminate\\Pipeline\\Pipeline->Illuminate\\Pipeline\\{closure}(Object(Illuminate\\Http\\Request))
#11 /home/pentasof/hrcrm.testpentas.in/agent/application/vendor/laravel/framework/src/Illuminate/Pipeline/Pipeline.php(167): App\\Http\\Middleware\\Modules\\Status->handle(Object(Illuminate\\Http\\Request), Object(Closure))
#12 /home/pentasof/hrcrm.testpentas.in/agent/application/app/Http/Middleware/General/General.php(103): Illuminate\\Pipeline\\Pipeline->Illuminate\\Pipeline\\{closure}(Object(Illuminate\\Http\\Request))
#13 /home/pentasof/hrcrm.testpentas.in/agent/application/vendor/laravel/framework/src/Illuminate/Pipeline/Pipeline.php(167): App\\Http\\Middleware\\General\\General->handle(Object(Illuminate\\Http\\Request), Object(Closure))
#14 /home/pentasof/hrcrm.testpentas.in/agent/application/app/Http/Middleware/General/SanityCheck.php(45): Illuminate\\Pipeline\\Pipeline->Illuminate\\Pipeline\\{closure}(Object(Illuminate\\Http\\Request))
#15 /home/pentasof/hrcrm.testpentas.in/agent/application/vendor/laravel/framework/src/Illuminate/Pipeline/Pipeline.php(167): App\\Http\\Middleware\\General\\SanityCheck->handle(Object(Illuminate\\Http\\Request), Object(Closure))
#16 /home/pentasof/hrcrm.testpentas.in/agent/application/app/Http/Middleware/General/Settings.php(47): Illuminate\\Pipeline\\Pipeline->Illuminate\\Pipeline\\{closure}(Object(Illuminate\\Http\\Request))
#17 /home/pentasof/hrcrm.testpentas.in/agent/application/vendor/laravel/framework/src/Illuminate/Pipeline/Pipeline.php(167): App\\Http\\Middleware\\General\\Settings->handle(Object(Illuminate\\Http\\Request), Object(Closure))
#18 /home/pentasof/hrcrm.testpentas.in/agent/application/vendor/laravel/framework/src/Illuminate/Routing/Middleware/SubstituteBindings.php(50): Illuminate\\Pipeline\\Pipeline->Illuminate\\Pipeline\\{closure}(Object(Illuminate\\Http\\Request))
#19 /home/pentasof/hrcrm.testpentas.in/agent/application/vendor/laravel/framework/src/Illuminate/Pipeline/Pipeline.php(167): Illuminate\\Routing\\Middleware\\SubstituteBindings->handle(Object(Illuminate\\Http\\Request), Object(Closure))
#20 /home/pentasof/hrcrm.testpentas.in/agent/application/vendor/laravel/framework/src/Illuminate/Foundation/Http/Middleware/VerifyCsrfToken.php(78): Illuminate\\Pipeline\\Pipeline->Illuminate\\Pipeline\\{closure}(Object(Illuminate\\Http\\Request))
#21 /home/pentasof/hrcrm.testpentas.in/agent/application/vendor/laravel/framework/src/Illuminate/Pipeline/Pipeline.php(167): Illuminate\\Foundation\\Http\\Middleware\\VerifyCsrfToken->handle(Object(Illuminate\\Http\\Request), Object(Closure))
#22 /home/pentasof/hrcrm.testpentas.in/agent/application/vendor/laravel/framework/src/Illuminate/View/Middleware/ShareErrorsFromSession.php(49): Illuminate\\Pipeline\\Pipeline->Illuminate\\Pipeline\\{closure}(Object(Illuminate\\Http\\Request))
#23 /home/pentasof/hrcrm.testpentas.in/agent/application/vendor/laravel/framework/src/Illuminate/Pipeline/Pipeline.php(167): Illuminate\\View\\Middleware\\ShareErrorsFromSession->handle(Object(Illuminate\\Http\\Request), Object(Closure))
#24 /home/pentasof/hrcrm.testpentas.in/agent/application/vendor/laravel/framework/src/Illuminate/Session/Middleware/StartSession.php(121): Illuminate\\Pipeline\\Pipeline->Illuminate\\Pipeline\\{closure}(Object(Illuminate\\Http\\Request))
#25 /home/pentasof/hrcrm.testpentas.in/agent/application/vendor/laravel/framework/src/Illuminate/Session/Middleware/StartSession.php(64): Illuminate\\Session\\Middleware\\StartSession->handleStatefulRequest(Object(Illuminate\\Http\\Request), Object(Illuminate\\Session\\Store), Object(Closure))
#26 /home/pentasof/hrcrm.testpentas.in/agent/application/vendor/laravel/framework/src/Illuminate/Pipeline/Pipeline.php(167): Illuminate\\Session\\Middleware\\StartSession->handle(Object(Illuminate\\Http\\Request), Object(Closure))
#27 /home/pentasof/hrcrm.testpentas.in/agent/application/vendor/laravel/framework/src/Illuminate/Cookie/Middleware/AddQueuedCookiesToResponse.php(37): Illuminate\\Pipeline\\Pipeline->Illuminate\\Pipeline\\{closure}(Object(Illuminate\\Http\\Request))
#28 /home/pentasof/hrcrm.testpentas.in/agent/application/vendor/laravel/framework/src/Illuminate/Pipeline/Pipeline.php(167): Illuminate\\Cookie\\Middleware\\AddQueuedCookiesToResponse->handle(Object(Illuminate\\Http\\Request), Object(Closure))
#29 /home/pentasof/hrcrm.testpentas.in/agent/application/vendor/laravel/framework/src/Illuminate/Cookie/Middleware/EncryptCookies.php(67): Illuminate\\Pipeline\\Pipeline->Illuminate\\Pipeline\\{closure}(Object(Illuminate\\Http\\Request))
#30 /home/pentasof/hrcrm.testpentas.in/agent/application/vendor/laravel/framework/src/Illuminate/Pipeline/Pipeline.php(167): Illuminate\\Cookie\\Middleware\\EncryptCookies->handle(Object(Illuminate\\Http\\Request), Object(Closure))
#31 /home/pentasof/hrcrm.testpentas.in/agent/application/app/Http/Middleware/General/Setup.php(37): Illuminate\\Pipeline\\Pipeline->Illuminate\\Pipeline\\{closure}(Object(Illuminate\\Http\\Request))
#32 /home/pentasof/hrcrm.testpentas.in/agent/application/vendor/laravel/framework/src/Illuminate/Pipeline/Pipeline.php(167): App\\Http\\Middleware\\General\\Setup->handle(Object(Illuminate\\Http\\Request), Object(Closure))
#33 /home/pentasof/hrcrm.testpentas.in/agent/application/vendor/laravel/framework/src/Illuminate/Pipeline/Pipeline.php(103): Illuminate\\Pipeline\\Pipeline->Illuminate\\Pipeline\\{closure}(Object(Illuminate\\Http\\Request))
#34 /home/pentasof/hrcrm.testpentas.in/agent/application/vendor/laravel/framework/src/Illuminate/Routing/Router.php(719): Illuminate\\Pipeline\\Pipeline->then(Object(Closure))
#35 /home/pentasof/hrcrm.testpentas.in/agent/application/vendor/laravel/framework/src/Illuminate/Routing/Router.php(698): Illuminate\\Routing\\Router->runRouteWithinStack(Object(Illuminate\\Routing\\Route), Object(Illuminate\\Http\\Request))
#36 /home/pentasof/hrcrm.testpentas.in/agent/application/vendor/laravel/framework/src/Illuminate/Routing/Router.php(662): Illuminate\\Routing\\Router->runRoute(Object(Illuminate\\Http\\Request), Object(Illuminate\\Routing\\Route))
#37 /home/pentasof/hrcrm.testpentas.in/agent/application/vendor/laravel/framework/src/Illuminate/Routing/Router.php(651): Illuminate\\Routing\\Router->dispatchToRoute(Object(Illuminate\\Http\\Request))
#38 /home/pentasof/hrcrm.testpentas.in/agent/application/vendor/laravel/framework/src/Illuminate/Foundation/Http/Kernel.php(167): Illuminate\\Routing\\Router->dispatch(Object(Illuminate\\Http\\Request))
#39 /home/pentasof/hrcrm.testpentas.in/agent/application/vendor/laravel/framework/src/Illuminate/Pipeline/Pipeline.php(128): Illuminate\\Foundation\\Http\\Kernel->Illuminate\\Foundation\\Http\\{closure}(Object(Illuminate\\Http\\Request))
#40 /home/pentasof/hrcrm.testpentas.in/agent/application/vendor/barryvdh/laravel-debugbar/src/Middleware/InjectDebugbar.php(59): Illuminate\\Pipeline\\Pipeline->Illuminate\\Pipeline\\{closure}(Object(Illuminate\\Http\\Request))
#41 /home/pentasof/hrcrm.testpentas.in/agent/application/vendor/laravel/framework/src/Illuminate/Pipeline/Pipeline.php(167): Barryvdh\\Debugbar\\Middleware\\InjectDebugbar->handle(Object(Illuminate\\Http\\Request), Object(Closure))
#42 /home/pentasof/hrcrm.testpentas.in/agent/application/vendor/fideloper/proxy/src/TrustProxies.php(57): Illuminate\\Pipeline\\Pipeline->Illuminate\\Pipeline\\{closure}(Object(Illuminate\\Http\\Request))
#43 /home/pentasof/hrcrm.testpentas.in/agent/application/vendor/laravel/framework/src/Illuminate/Pipeline/Pipeline.php(167): Fideloper\\Proxy\\TrustProxies->handle(Object(Illuminate\\Http\\Request), Object(Closure))
#44 /home/pentasof/hrcrm.testpentas.in/agent/application/vendor/laravel/framework/src/Illuminate/Foundation/Http/Middleware/TransformsRequest.php(21): Illuminate\\Pipeline\\Pipeline->Illuminate\\Pipeline\\{closure}(Object(Illuminate\\Http\\Request))
#45 /home/pentasof/hrcrm.testpentas.in/agent/application/vendor/laravel/framework/src/Illuminate/Foundation/Http/Middleware/ConvertEmptyStringsToNull.php(31): Illuminate\\Foundation\\Http\\Middleware\\TransformsRequest->handle(Object(Illuminate\\Http\\Request), Object(Closure))
#46 /home/pentasof/hrcrm.testpentas.in/agent/application/vendor/laravel/framework/src/Illuminate/Pipeline/Pipeline.php(167): Illuminate\\Foundation\\Http\\Middleware\\ConvertEmptyStringsToNull->handle(Object(Illuminate\\Http\\Request), Object(Closure))
#47 /home/pentasof/hrcrm.testpentas.in/agent/application/vendor/laravel/framework/src/Illuminate/Foundation/Http/Middleware/TransformsRequest.php(21): Illuminate\\Pipeline\\Pipeline->Illuminate\\Pipeline\\{closure}(Object(Illuminate\\Http\\Request))
#48 /home/pentasof/hrcrm.testpentas.in/agent/application/vendor/laravel/framework/src/Illuminate/Foundation/Http/Middleware/TrimStrings.php(40): Illuminate\\Foundation\\Http\\Middleware\\TransformsRequest->handle(Object(Illuminate\\Http\\Request), Object(Closure))
#49 /home/pentasof/hrcrm.testpentas.in/agent/application/vendor/laravel/framework/src/Illuminate/Pipeline/Pipeline.php(167): Illuminate\\Foundation\\Http\\Middleware\\TrimStrings->handle(Object(Illuminate\\Http\\Request), Object(Closure))
#50 /home/pentasof/hrcrm.testpentas.in/agent/application/vendor/laravel/framework/src/Illuminate/Foundation/Http/Middleware/ValidatePostSize.php(27): Illuminate\\Pipeline\\Pipeline->Illuminate\\Pipeline\\{closure}(Object(Illuminate\\Http\\Request))
#51 /home/pentasof/hrcrm.testpentas.in/agent/application/vendor/laravel/framework/src/Illuminate/Pipeline/Pipeline.php(167): Illuminate\\Foundation\\Http\\Middleware\\ValidatePostSize->handle(Object(Illuminate\\Http\\Request), Object(Closure))
#52 /home/pentasof/hrcrm.testpentas.in/agent/application/vendor/laravel/framework/src/Illuminate/Foundation/Http/Middleware/PreventRequestsDuringMaintenance.php(86): Illuminate\\Pipeline\\Pipeline->Illuminate\\Pipeline\\{closure}(Object(Illuminate\\Http\\Request))
#53 /home/pentasof/hrcrm.testpentas.in/agent/application/vendor/laravel/framework/src/Illuminate/Pipeline/Pipeline.php(167): Illuminate\\Foundation\\Http\\Middleware\\PreventRequestsDuringMaintenance->handle(Object(Illuminate\\Http\\Request), Object(Closure))
#54 /home/pentasof/hrcrm.testpentas.in/agent/application/vendor/laravel/framework/src/Illuminate/Pipeline/Pipeline.php(103): Illuminate\\Pipeline\\Pipeline->Illuminate\\Pipeline\\{closure}(Object(Illuminate\\Http\\Request))
#55 /home/pentasof/hrcrm.testpentas.in/agent/application/vendor/laravel/framework/src/Illuminate/Foundation/Http/Kernel.php(142): Illuminate\\Pipeline\\Pipeline->then(Object(Closure))
#56 /home/pentasof/hrcrm.testpentas.in/agent/application/vendor/laravel/framework/src/Illuminate/Foundation/Http/Kernel.php(111): Illuminate\\Foundation\\Http\\Kernel->sendRequestThroughRouter(Object(Illuminate\\Http\\Request))
#57 /home/pentasof/hrcrm.testpentas.in/agent/index.php(91): Illuminate\\Foundation\\Http\\Kernel->handle(Object(Illuminate\\Http\\Request))
#58 {main}
"} 
[2024-07-08 16:00:53] production.ERROR: Attempt to read property "airline_code" on null (View: /home/pentasof/hrcrm.testpentas.in/agent/application/resources/views/commissions/index.blade.php) {"view":{"view":"/home/pentasof/hrcrm.testpentas.in/agent/application/resources/views/commissions/index.blade.php","data":{"errors":"<pre class=sf-dump id=sf-dump-1512304537 data-indent-pad=\"  \"><span class=sf-dump-note>Illuminate\\Support\\ViewErrorBag</span> {<a class=sf-dump-ref>#2770</a><samp data-depth=1 class=sf-dump-expanded>
  #<span class=sf-dump-protected title=\"Protected property\">bags</span>: []
</samp>}
</pre><script>Sfdump(\"sf-dump-1512304537\", {\"maxDepth\":3,\"maxStringLength\":160})</script>
","commissions":"<pre class=sf-dump id=sf-dump-1009741122 data-indent-pad=\"  \"><span class=sf-dump-note>Illuminate\\Database\\Eloquent\\Collection</span> {<a class=sf-dump-ref>#2838</a><samp data-depth=1 class=sf-dump-expanded>
  #<span class=sf-dump-protected title=\"Protected property\">items</span>: <span class=sf-dump-note>array:4</span> [<samp data-depth=2 class=sf-dump-compact>
    <span class=sf-dump-index>0</span> => <span class=sf-dump-note title=\"App\\Models\\Commission
\"><span class=\"sf-dump-ellipsis sf-dump-ellipsis-note\">App\\Models</span><span class=\"sf-dump-ellipsis sf-dump-ellipsis-note\">\\</span>Commission</span> {<a class=sf-dump-ref>#2833</a><samp data-depth=3 class=sf-dump-compact>
      #<span class=sf-dump-protected title=\"Protected property\">connection</span>: \"<span class=sf-dump-str title=\"5 characters\">mysql</span>\"
      #<span class=sf-dump-protected title=\"Protected property\">table</span>: \"<span class=sf-dump-str title=\"11 characters\">commissions</span>\"
      #<span class=sf-dump-protected title=\"Protected property\">primaryKey</span>: \"<span class=sf-dump-str title=\"2 characters\">id</span>\"
      #<span class=sf-dump-protected title=\"Protected property\">keyType</span>: \"<span class=sf-dump-str title=\"3 characters\">int</span>\"
      +<span class=sf-dump-public title=\"Public property\">incrementing</span>: <span class=sf-dump-const>true</span>
      #<span class=sf-dump-protected title=\"Protected property\">with</span>: []
      #<span class=sf-dump-protected title=\"Protected property\">withCount</span>: []
      +<span class=sf-dump-public title=\"Public property\">preventsLazyLoading</span>: <span class=sf-dump-const>false</span>
      #<span class=sf-dump-protected title=\"Protected property\">perPage</span>: <span class=sf-dump-num>15</span>
      +<span class=sf-dump-public title=\"Public property\">exists</span>: <span class=sf-dump-const>true</span>
      +<span class=sf-dump-public title=\"Public property\">wasRecentlyCreated</span>: <span class=sf-dump-const>false</span>
      #<span class=sf-dump-protected title=\"Protected property\">escapeWhenCastingToString</span>: <span class=sf-dump-const>false</span>
      #<span class=sf-dump-protected title=\"Protected property\">attributes</span>: <span class=sf-dump-note>array:6</span> [ &#8230;6]
      #<span class=sf-dump-protected title=\"Protected property\">original</span>: <span class=sf-dump-note>array:6</span> [ &#8230;6]
      #<span class=sf-dump-protected title=\"Protected property\">changes</span>: []
      #<span class=sf-dump-protected title=\"Protected property\">casts</span>: []
      #<span class=sf-dump-protected title=\"Protected property\">classCastCache</span>: []
      #<span class=sf-dump-protected title=\"Protected property\">attributeCastCache</span>: []
      #<span class=sf-dump-protected title=\"Protected property\">dates</span>: []
      #<span class=sf-dump-protected title=\"Protected property\">dateFormat</span>: <span class=sf-dump-const>null</span>
      #<span class=sf-dump-protected title=\"Protected property\">appends</span>: []
      #<span class=sf-dump-protected title=\"Protected property\">dispatchesEvents</span>: []
      #<span class=sf-dump-protected title=\"Protected property\">observables</span>: []
      #<span class=sf-dump-protected title=\"Protected property\">relations</span>: <span class=sf-dump-note>array:2</span> [ &#8230;2]
      #<span class=sf-dump-protected title=\"Protected property\">touches</span>: []
      +<span class=sf-dump-public title=\"Public property\">timestamps</span>: <span class=sf-dump-const>true</span>
      #<span class=sf-dump-protected title=\"Protected property\">hidden</span>: []
      #<span class=sf-dump-protected title=\"Protected property\">visible</span>: []
      #<span class=sf-dump-protected title=\"Protected property\">fillable</span>: <span class=sf-dump-note>array:3</span> [ &#8230;3]
      #<span class=sf-dump-protected title=\"Protected property\">guarded</span>: <span class=sf-dump-note>array:1</span> [ &#8230;1]
    </samp>}
    <span class=sf-dump-index>1</span> => <span class=sf-dump-note title=\"App\\Models\\Commission
\"><span class=\"sf-dump-ellipsis sf-dump-ellipsis-note\">App\\Models</span><span class=\"sf-dump-ellipsis sf-dump-ellipsis-note\">\\</span>Commission</span> {<a class=sf-dump-ref>#2834</a><samp data-depth=3 class=sf-dump-compact>
      #<span class=sf-dump-protected title=\"Protected property\">connection</span>: \"<span class=sf-dump-str title=\"5 characters\">mysql</span>\"
      #<span class=sf-dump-protected title=\"Protected property\">table</span>: \"<span class=sf-dump-str title=\"11 characters\">commissions</span>\"
      #<span class=sf-dump-protected title=\"Protected property\">primaryKey</span>: \"<span class=sf-dump-str title=\"2 characters\">id</span>\"
      #<span class=sf-dump-protected title=\"Protected property\">keyType</span>: \"<span class=sf-dump-str title=\"3 characters\">int</span>\"
      +<span class=sf-dump-public title=\"Public property\">incrementing</span>: <span class=sf-dump-const>true</span>
      #<span class=sf-dump-protected title=\"Protected property\">with</span>: []
      #<span class=sf-dump-protected title=\"Protected property\">withCount</span>: []
      +<span class=sf-dump-public title=\"Public property\">preventsLazyLoading</span>: <span class=sf-dump-const>false</span>
      #<span class=sf-dump-protected title=\"Protected property\">perPage</span>: <span class=sf-dump-num>15</span>
      +<span class=sf-dump-public title=\"Public property\">exists</span>: <span class=sf-dump-const>true</span>
      +<span class=sf-dump-public title=\"Public property\">wasRecentlyCreated</span>: <span class=sf-dump-const>false</span>
      #<span class=sf-dump-protected title=\"Protected property\">escapeWhenCastingToString</span>: <span class=sf-dump-const>false</span>
      #<span class=sf-dump-protected title=\"Protected property\">attributes</span>: <span class=sf-dump-note>array:6</span> [ &#8230;6]
      #<span class=sf-dump-protected title=\"Protected property\">original</span>: <span class=sf-dump-note>array:6</span> [ &#8230;6]
      #<span class=sf-dump-protected title=\"Protected property\">changes</span>: []
      #<span class=sf-dump-protected title=\"Protected property\">casts</span>: []
      #<span class=sf-dump-protected title=\"Protected property\">classCastCache</span>: []
      #<span class=sf-dump-protected title=\"Protected property\">attributeCastCache</span>: []
      #<span class=sf-dump-protected title=\"Protected property\">dates</span>: []
      #<span class=sf-dump-protected title=\"Protected property\">dateFormat</span>: <span class=sf-dump-const>null</span>
      #<span class=sf-dump-protected title=\"Protected property\">appends</span>: []
      #<span class=sf-dump-protected title=\"Protected property\">dispatchesEvents</span>: []
      #<span class=sf-dump-protected title=\"Protected property\">observables</span>: []
      #<span class=sf-dump-protected title=\"Protected property\">relations</span>: <span class=sf-dump-note>array:2</span> [ &#8230;2]
      #<span class=sf-dump-protected title=\"Protected property\">touches</span>: []
      +<span class=sf-dump-public title=\"Public property\">timestamps</span>: <span class=sf-dump-const>true</span>
      #<span class=sf-dump-protected title=\"Protected property\">hidden</span>: []
      #<span class=sf-dump-protected title=\"Protected property\">visible</span>: []
      #<span class=sf-dump-protected title=\"Protected property\">fillable</span>: <span class=sf-dump-note>array:3</span> [ &#8230;3]
      #<span class=sf-dump-protected title=\"Protected property\">guarded</span>: <span class=sf-dump-note>array:1</span> [ &#8230;1]
    </samp>}
    <span class=sf-dump-index>2</span> => <span class=sf-dump-note title=\"App\\Models\\Commission
\"><span class=\"sf-dump-ellipsis sf-dump-ellipsis-note\">App\\Models</span><span class=\"sf-dump-ellipsis sf-dump-ellipsis-note\">\\</span>Commission</span> {<a class=sf-dump-ref>#2835</a><samp data-depth=3 class=sf-dump-compact>
      #<span class=sf-dump-protected title=\"Protected property\">connection</span>: \"<span class=sf-dump-str title=\"5 characters\">mysql</span>\"
      #<span class=sf-dump-protected title=\"Protected property\">table</span>: \"<span class=sf-dump-str title=\"11 characters\">commissions</span>\"
      #<span class=sf-dump-protected title=\"Protected property\">primaryKey</span>: \"<span class=sf-dump-str title=\"2 characters\">id</span>\"
      #<span class=sf-dump-protected title=\"Protected property\">keyType</span>: \"<span class=sf-dump-str title=\"3 characters\">int</span>\"
      +<span class=sf-dump-public title=\"Public property\">incrementing</span>: <span class=sf-dump-const>true</span>
      #<span class=sf-dump-protected title=\"Protected property\">with</span>: []
      #<span class=sf-dump-protected title=\"Protected property\">withCount</span>: []
      +<span class=sf-dump-public title=\"Public property\">preventsLazyLoading</span>: <span class=sf-dump-const>false</span>
      #<span class=sf-dump-protected title=\"Protected property\">perPage</span>: <span class=sf-dump-num>15</span>
      +<span class=sf-dump-public title=\"Public property\">exists</span>: <span class=sf-dump-const>true</span>
      +<span class=sf-dump-public title=\"Public property\">wasRecentlyCreated</span>: <span class=sf-dump-const>false</span>
      #<span class=sf-dump-protected title=\"Protected property\">escapeWhenCastingToString</span>: <span class=sf-dump-const>false</span>
      #<span class=sf-dump-protected title=\"Protected property\">attributes</span>: <span class=sf-dump-note>array:6</span> [ &#8230;6]
      #<span class=sf-dump-protected title=\"Protected property\">original</span>: <span class=sf-dump-note>array:6</span> [ &#8230;6]
      #<span class=sf-dump-protected title=\"Protected property\">changes</span>: []
      #<span class=sf-dump-protected title=\"Protected property\">casts</span>: []
      #<span class=sf-dump-protected title=\"Protected property\">classCastCache</span>: []
      #<span class=sf-dump-protected title=\"Protected property\">attributeCastCache</span>: []
      #<span class=sf-dump-protected title=\"Protected property\">dates</span>: []
      #<span class=sf-dump-protected title=\"Protected property\">dateFormat</span>: <span class=sf-dump-const>null</span>
      #<span class=sf-dump-protected title=\"Protected property\">appends</span>: []
      #<span class=sf-dump-protected title=\"Protected property\">dispatchesEvents</span>: []
      #<span class=sf-dump-protected title=\"Protected property\">observables</span>: []
      #<span class=sf-dump-protected title=\"Protected property\">relations</span>: <span class=sf-dump-note>array:2</span> [ &#8230;2]
      #<span class=sf-dump-protected title=\"Protected property\">touches</span>: []
      +<span class=sf-dump-public title=\"Public property\">timestamps</span>: <span class=sf-dump-const>true</span>
      #<span class=sf-dump-protected title=\"Protected property\">hidden</span>: []
      #<span class=sf-dump-protected title=\"Protected property\">visible</span>: []
      #<span class=sf-dump-protected title=\"Protected property\">fillable</span>: <span class=sf-dump-note>array:3</span> [ &#8230;3]
      #<span class=sf-dump-protected title=\"Protected property\">guarded</span>: <span class=sf-dump-note>array:1</span> [ &#8230;1]
    </samp>}
    <span class=sf-dump-index>3</span> => <span class=sf-dump-note title=\"App\\Models\\Commission
\"><span class=\"sf-dump-ellipsis sf-dump-ellipsis-note\">App\\Models</span><span class=\"sf-dump-ellipsis sf-dump-ellipsis-note\">\\</span>Commission</span> {<a class=sf-dump-ref>#2836</a><samp data-depth=3 class=sf-dump-compact>
      #<span class=sf-dump-protected title=\"Protected property\">connection</span>: \"<span class=sf-dump-str title=\"5 characters\">mysql</span>\"
      #<span class=sf-dump-protected title=\"Protected property\">table</span>: \"<span class=sf-dump-str title=\"11 characters\">commissions</span>\"
      #<span class=sf-dump-protected title=\"Protected property\">primaryKey</span>: \"<span class=sf-dump-str title=\"2 characters\">id</span>\"
      #<span class=sf-dump-protected title=\"Protected property\">keyType</span>: \"<span class=sf-dump-str title=\"3 characters\">int</span>\"
      +<span class=sf-dump-public title=\"Public property\">incrementing</span>: <span class=sf-dump-const>true</span>
      #<span class=sf-dump-protected title=\"Protected property\">with</span>: []
      #<span class=sf-dump-protected title=\"Protected property\">withCount</span>: []
      +<span class=sf-dump-public title=\"Public property\">preventsLazyLoading</span>: <span class=sf-dump-const>false</span>
      #<span class=sf-dump-protected title=\"Protected property\">perPage</span>: <span class=sf-dump-num>15</span>
      +<span class=sf-dump-public title=\"Public property\">exists</span>: <span class=sf-dump-const>true</span>
      +<span class=sf-dump-public title=\"Public property\">wasRecentlyCreated</span>: <span class=sf-dump-const>false</span>
      #<span class=sf-dump-protected title=\"Protected property\">escapeWhenCastingToString</span>: <span class=sf-dump-const>false</span>
      #<span class=sf-dump-protected title=\"Protected property\">attributes</span>: <span class=sf-dump-note>array:6</span> [ &#8230;6]
      #<span class=sf-dump-protected title=\"Protected property\">original</span>: <span class=sf-dump-note>array:6</span> [ &#8230;6]
      #<span class=sf-dump-protected title=\"Protected property\">changes</span>: []
      #<span class=sf-dump-protected title=\"Protected property\">casts</span>: []
      #<span class=sf-dump-protected title=\"Protected property\">classCastCache</span>: []
      #<span class=sf-dump-protected title=\"Protected property\">attributeCastCache</span>: []
      #<span class=sf-dump-protected title=\"Protected property\">dates</span>: []
      #<span class=sf-dump-protected title=\"Protected property\">dateFormat</span>: <span class=sf-dump-const>null</span>
      #<span class=sf-dump-protected title=\"Protected property\">appends</span>: []
      #<span class=sf-dump-protected title=\"Protected property\">dispatchesEvents</span>: []
      #<span class=sf-dump-protected title=\"Protected property\">observables</span>: []
      #<span class=sf-dump-protected title=\"Protected property\">relations</span>: <span class=sf-dump-note>array:2</span> [ &#8230;2]
      #<span class=sf-dump-protected title=\"Protected property\">touches</span>: []
      +<span class=sf-dump-public title=\"Public property\">timestamps</span>: <span class=sf-dump-const>true</span>
      #<span class=sf-dump-protected title=\"Protected property\">hidden</span>: []
      #<span class=sf-dump-protected title=\"Protected property\">visible</span>: []
      #<span class=sf-dump-protected title=\"Protected property\">fillable</span>: <span class=sf-dump-note>array:3</span> [ &#8230;3]
      #<span class=sf-dump-protected title=\"Protected property\">guarded</span>: <span class=sf-dump-note>array:1</span> [ &#8230;1]
    </samp>}
  </samp>]
  #<span class=sf-dump-protected title=\"Protected property\">escapeWhenCastingToString</span>: <span class=sf-dump-const>false</span>
</samp>}
</pre><script>Sfdump(\"sf-dump-1009741122\", {\"maxDepth\":3,\"maxStringLength\":160})</script>
","airlines":"<pre class=sf-dump id=sf-dump-128171251 data-indent-pad=\"  \"><span class=sf-dump-note>Illuminate\\Database\\Eloquent\\Collection</span> {<a class=sf-dump-ref>#2822</a><samp data-depth=1 class=sf-dump-expanded>
  #<span class=sf-dump-protected title=\"Protected property\">items</span>: <span class=sf-dump-note>array:1</span> [<samp data-depth=2 class=sf-dump-compact>
    <span class=sf-dump-index>0</span> => <span class=sf-dump-note title=\"App\\Models\\Airline
\"><span class=\"sf-dump-ellipsis sf-dump-ellipsis-note\">App\\Models</span><span class=\"sf-dump-ellipsis sf-dump-ellipsis-note\">\\</span>Airline</span> {<a class=sf-dump-ref>#2819</a><samp data-depth=3 class=sf-dump-compact>
      #<span class=sf-dump-protected title=\"Protected property\">connection</span>: \"<span class=sf-dump-str title=\"5 characters\">mysql</span>\"
      #<span class=sf-dump-protected title=\"Protected property\">table</span>: \"<span class=sf-dump-str title=\"8 characters\">airlines</span>\"
      #<span class=sf-dump-protected title=\"Protected property\">primaryKey</span>: \"<span class=sf-dump-str title=\"2 characters\">id</span>\"
      #<span class=sf-dump-protected title=\"Protected property\">keyType</span>: \"<span class=sf-dump-str title=\"3 characters\">int</span>\"
      +<span class=sf-dump-public title=\"Public property\">incrementing</span>: <span class=sf-dump-const>true</span>
      #<span class=sf-dump-protected title=\"Protected property\">with</span>: []
      #<span class=sf-dump-protected title=\"Protected property\">withCount</span>: []
      +<span class=sf-dump-public title=\"Public property\">preventsLazyLoading</span>: <span class=sf-dump-const>false</span>
      #<span class=sf-dump-protected title=\"Protected property\">perPage</span>: <span class=sf-dump-num>15</span>
      +<span class=sf-dump-public title=\"Public property\">exists</span>: <span class=sf-dump-const>true</span>
      +<span class=sf-dump-public title=\"Public property\">wasRecentlyCreated</span>: <span class=sf-dump-const>false</span>
      #<span class=sf-dump-protected title=\"Protected property\">escapeWhenCastingToString</span>: <span class=sf-dump-const>false</span>
      #<span class=sf-dump-protected title=\"Protected property\">attributes</span>: <span class=sf-dump-note>array:12</span> [ &#8230;12]
      #<span class=sf-dump-protected title=\"Protected property\">original</span>: <span class=sf-dump-note>array:12</span> [ &#8230;12]
      #<span class=sf-dump-protected title=\"Protected property\">changes</span>: []
      #<span class=sf-dump-protected title=\"Protected property\">casts</span>: []
      #<span class=sf-dump-protected title=\"Protected property\">classCastCache</span>: []
      #<span class=sf-dump-protected title=\"Protected property\">attributeCastCache</span>: []
      #<span class=sf-dump-protected title=\"Protected property\">dates</span>: []
      #<span class=sf-dump-protected title=\"Protected property\">dateFormat</span>: <span class=sf-dump-const>null</span>
      #<span class=sf-dump-protected title=\"Protected property\">appends</span>: []
      #<span class=sf-dump-protected title=\"Protected property\">dispatchesEvents</span>: []
      #<span class=sf-dump-protected title=\"Protected property\">observables</span>: []
      #<span class=sf-dump-protected title=\"Protected property\">relations</span>: []
      #<span class=sf-dump-protected title=\"Protected property\">touches</span>: []
      +<span class=sf-dump-public title=\"Public property\">timestamps</span>: <span class=sf-dump-const>true</span>
      #<span class=sf-dump-protected title=\"Protected property\">hidden</span>: []
      #<span class=sf-dump-protected title=\"Protected property\">visible</span>: []
      #<span class=sf-dump-protected title=\"Protected property\">fillable</span>: []
      #<span class=sf-dump-protected title=\"Protected property\">guarded</span>: <span class=sf-dump-note>array:1</span> [ &#8230;1]
    </samp>}
  </samp>]
  #<span class=sf-dump-protected title=\"Protected property\">escapeWhenCastingToString</span>: <span class=sf-dump-const>false</span>
</samp>}
</pre><script>Sfdump(\"sf-dump-128171251\", {\"maxDepth\":3,\"maxStringLength\":160})</script>
","agents":"<pre class=sf-dump id=sf-dump-383590318 data-indent-pad=\"  \"><span class=sf-dump-note>Illuminate\\Database\\Eloquent\\Collection</span> {<a class=sf-dump-ref>#2824</a><samp data-depth=1 class=sf-dump-expanded>
  #<span class=sf-dump-protected title=\"Protected property\">items</span>: <span class=sf-dump-note>array:2</span> [<samp data-depth=2 class=sf-dump-compact>
    <span class=sf-dump-index>0</span> => <span class=sf-dump-note title=\"App\\Models\\User
\"><span class=\"sf-dump-ellipsis sf-dump-ellipsis-note\">App\\Models</span><span class=\"sf-dump-ellipsis sf-dump-ellipsis-note\">\\</span>User</span> {<a class=sf-dump-ref>#2825</a><samp data-depth=3 class=sf-dump-compact>
      #<span class=sf-dump-protected title=\"Protected property\">connection</span>: \"<span class=sf-dump-str title=\"5 characters\">mysql</span>\"
      #<span class=sf-dump-protected title=\"Protected property\">table</span>: \"<span class=sf-dump-str title=\"5 characters\">users</span>\"
      #<span class=sf-dump-protected title=\"Protected property\">primaryKey</span>: \"<span class=sf-dump-str title=\"2 characters\">id</span>\"
      #<span class=sf-dump-protected title=\"Protected property\">keyType</span>: \"<span class=sf-dump-str title=\"3 characters\">int</span>\"
      +<span class=sf-dump-public title=\"Public property\">incrementing</span>: <span class=sf-dump-const>true</span>
      #<span class=sf-dump-protected title=\"Protected property\">with</span>: []
      #<span class=sf-dump-protected title=\"Protected property\">withCount</span>: []
      +<span class=sf-dump-public title=\"Public property\">preventsLazyLoading</span>: <span class=sf-dump-const>false</span>
      #<span class=sf-dump-protected title=\"Protected property\">perPage</span>: <span class=sf-dump-num>15</span>
      +<span class=sf-dump-public title=\"Public property\">exists</span>: <span class=sf-dump-const>true</span>
      +<span class=sf-dump-public title=\"Public property\">wasRecentlyCreated</span>: <span class=sf-dump-const>false</span>
      #<span class=sf-dump-protected title=\"Protected property\">escapeWhenCastingToString</span>: <span class=sf-dump-const>false</span>
      #<span class=sf-dump-protected title=\"Protected property\">attributes</span>: <span class=sf-dump-note>array:59</span> [ &#8230;59]
      #<span class=sf-dump-protected title=\"Protected property\">original</span>: <span class=sf-dump-note>array:59</span> [ &#8230;59]
      #<span class=sf-dump-protected title=\"Protected property\">changes</span>: []
      #<span class=sf-dump-protected title=\"Protected property\">casts</span>: []
      #<span class=sf-dump-protected title=\"Protected property\">classCastCache</span>: []
      #<span class=sf-dump-protected title=\"Protected property\">attributeCastCache</span>: []
      #<span class=sf-dump-protected title=\"Protected property\">dates</span>: []
      #<span class=sf-dump-protected title=\"Protected property\">dateFormat</span>: \"<span class=sf-dump-str title=\"11 characters\">Y-m-d H:i:s</span>\"
      #<span class=sf-dump-protected title=\"Protected property\">appends</span>: []
      #<span class=sf-dump-protected title=\"Protected property\">dispatchesEvents</span>: []
      #<span class=sf-dump-protected title=\"Protected property\">observables</span>: []
      #<span class=sf-dump-protected title=\"Protected property\">relations</span>: []
      #<span class=sf-dump-protected title=\"Protected property\">touches</span>: []
      +<span class=sf-dump-public title=\"Public property\">timestamps</span>: <span class=sf-dump-const>true</span>
      #<span class=sf-dump-protected title=\"Protected property\">hidden</span>: <span class=sf-dump-note>array:2</span> [ &#8230;2]
      #<span class=sf-dump-protected title=\"Protected property\">visible</span>: []
      #<span class=sf-dump-protected title=\"Protected property\">fillable</span>: <span class=sf-dump-note>array:3</span> [ &#8230;3]
      #<span class=sf-dump-protected title=\"Protected property\">guarded</span>: <span class=sf-dump-note>array:2</span> [ &#8230;2]
      #<span class=sf-dump-protected title=\"Protected property\">rememberTokenName</span>: \"<span class=sf-dump-str title=\"14 characters\">remember_token</span>\"
    </samp>}
    <span class=sf-dump-index>1</span> => <span class=sf-dump-note title=\"App\\Models\\User
\"><span class=\"sf-dump-ellipsis sf-dump-ellipsis-note\">App\\Models</span><span class=\"sf-dump-ellipsis sf-dump-ellipsis-note\">\\</span>User</span> {<a class=sf-dump-ref>#2826</a><samp data-depth=3 class=sf-dump-compact>
      #<span class=sf-dump-protected title=\"Protected property\">connection</span>: \"<span class=sf-dump-str title=\"5 characters\">mysql</span>\"
      #<span class=sf-dump-protected title=\"Protected property\">table</span>: \"<span class=sf-dump-str title=\"5 characters\">users</span>\"
      #<span class=sf-dump-protected title=\"Protected property\">primaryKey</span>: \"<span class=sf-dump-str title=\"2 characters\">id</span>\"
      #<span class=sf-dump-protected title=\"Protected property\">keyType</span>: \"<span class=sf-dump-str title=\"3 characters\">int</span>\"
      +<span class=sf-dump-public title=\"Public property\">incrementing</span>: <span class=sf-dump-const>true</span>
      #<span class=sf-dump-protected title=\"Protected property\">with</span>: []
      #<span class=sf-dump-protected title=\"Protected property\">withCount</span>: []
      +<span class=sf-dump-public title=\"Public property\">preventsLazyLoading</span>: <span class=sf-dump-const>false</span>
      #<span class=sf-dump-protected title=\"Protected property\">perPage</span>: <span class=sf-dump-num>15</span>
      +<span class=sf-dump-public title=\"Public property\">exists</span>: <span class=sf-dump-const>true</span>
      +<span class=sf-dump-public title=\"Public property\">wasRecentlyCreated</span>: <span class=sf-dump-const>false</span>
      #<span class=sf-dump-protected title=\"Protected property\">escapeWhenCastingToString</span>: <span class=sf-dump-const>false</span>
      #<span class=sf-dump-protected title=\"Protected property\">attributes</span>: <span class=sf-dump-note>array:59</span> [ &#8230;59]
      #<span class=sf-dump-protected title=\"Protected property\">original</span>: <span class=sf-dump-note>array:59</span> [ &#8230;59]
      #<span class=sf-dump-protected title=\"Protected property\">changes</span>: []
      #<span class=sf-dump-protected title=\"Protected property\">casts</span>: []
      #<span class=sf-dump-protected title=\"Protected property\">classCastCache</span>: []
      #<span class=sf-dump-protected title=\"Protected property\">attributeCastCache</span>: []
      #<span class=sf-dump-protected title=\"Protected property\">dates</span>: []
      #<span class=sf-dump-protected title=\"Protected property\">dateFormat</span>: \"<span class=sf-dump-str title=\"11 characters\">Y-m-d H:i:s</span>\"
      #<span class=sf-dump-protected title=\"Protected property\">appends</span>: []
      #<span class=sf-dump-protected title=\"Protected property\">dispatchesEvents</span>: []
      #<span class=sf-dump-protected title=\"Protected property\">observables</span>: []
      #<span class=sf-dump-protected title=\"Protected property\">relations</span>: []
      #<span class=sf-dump-protected title=\"Protected property\">touches</span>: []
      +<span class=sf-dump-public title=\"Public property\">timestamps</span>: <span class=sf-dump-const>true</span>
      #<span class=sf-dump-protected title=\"Protected property\">hidden</span>: <span class=sf-dump-note>array:2</span> [ &#8230;2]
      #<span class=sf-dump-protected title=\"Protected property\">visible</span>: []
      #<span class=sf-dump-protected title=\"Protected property\">fillable</span>: <span class=sf-dump-note>array:3</span> [ &#8230;3]
      #<span class=sf-dump-protected title=\"Protected property\">guarded</span>: <span class=sf-dump-note>array:2</span> [ &#8230;2]
      #<span class=sf-dump-protected title=\"Protected property\">rememberTokenName</span>: \"<span class=sf-dump-str title=\"14 characters\">remember_token</span>\"
    </samp>}
  </samp>]
  #<span class=sf-dump-protected title=\"Protected property\">escapeWhenCastingToString</span>: <span class=sf-dump-const>false</span>
</samp>}
</pre><script>Sfdump(\"sf-dump-383590318\", {\"maxDepth\":3,\"maxStringLength\":160})</script>
"}},"userId":3,"exception":"[object] (Facade\\Ignition\\Exceptions\\ViewException(code: 0): Attempt to read property \"airline_code\" on null (View: /home/pentasof/hrcrm.testpentas.in/agent/application/resources/views/commissions/index.blade.php) at /home/pentasof/hrcrm.testpentas.in/agent/application/resources/views/commissions/index.blade.php:71)
[stacktrace]
#0 /home/pentasof/hrcrm.testpentas.in/agent/application/resources/views/commissions/index.blade.php(71): Illuminate\\Foundation\\Bootstrap\\HandleExceptions->handleError(2, 'Attempt to read...', '/home/pentasof/...', 71)
#1 /home/pentasof/hrcrm.testpentas.in/agent/application/vendor/laravel/framework/src/Illuminate/Filesystem/Filesystem.php(107): require('/home/pentasof/...')
#2 /home/pentasof/hrcrm.testpentas.in/agent/application/vendor/laravel/framework/src/Illuminate/Filesystem/Filesystem.php(108): Illuminate\\Filesystem\\Filesystem::Illuminate\\Filesystem\\{closure}()
#3 /home/pentasof/hrcrm.testpentas.in/agent/application/vendor/laravel/framework/src/Illuminate/View/Engines/PhpEngine.php(58): Illuminate\\Filesystem\\Filesystem->getRequire('/home/pentasof/...', Array)
#4 /home/pentasof/hrcrm.testpentas.in/agent/application/vendor/laravel/framework/src/Illuminate/View/Engines/CompilerEngine.php(61): Illuminate\\View\\Engines\\PhpEngine->evaluatePath('/home/pentasof/...', Array)
#5 /home/pentasof/hrcrm.testpentas.in/agent/application/vendor/facade/ignition/src/Views/Engines/CompilerEngine.php(37): Illuminate\\View\\Engines\\CompilerEngine->get('/home/pentasof/...', Array)
#6 /home/pentasof/hrcrm.testpentas.in/agent/application/vendor/laravel/framework/src/Illuminate/View/View.php(139): Facade\\Ignition\\Views\\Engines\\CompilerEngine->get('/home/pentasof/...', Array)
#7 /home/pentasof/hrcrm.testpentas.in/agent/application/vendor/laravel/framework/src/Illuminate/View/View.php(122): Illuminate\\View\\View->getContents()
#8 /home/pentasof/hrcrm.testpentas.in/agent/application/vendor/laravel/framework/src/Illuminate/View/View.php(91): Illuminate\\View\\View->renderContents()
#9 /home/pentasof/hrcrm.testpentas.in/agent/application/vendor/laravel/framework/src/Illuminate/Http/Response.php(69): Illuminate\\View\\View->render()
#10 /home/pentasof/hrcrm.testpentas.in/agent/application/vendor/laravel/framework/src/Illuminate/Http/Response.php(35): Illuminate\\Http\\Response->setContent(Object(Illuminate\\View\\View))
#11 /home/pentasof/hrcrm.testpentas.in/agent/application/vendor/laravel/framework/src/Illuminate/Routing/Router.php(820): Illuminate\\Http\\Response->__construct(Object(Illuminate\\View\\View), 200, Array)
#12 /home/pentasof/hrcrm.testpentas.in/agent/application/vendor/laravel/framework/src/Illuminate/Routing/Router.php(789): Illuminate\\Routing\\Router::toResponse(Object(Illuminate\\Http\\Request), Object(Illuminate\\View\\View))
#13 /home/pentasof/hrcrm.testpentas.in/agent/application/vendor/laravel/framework/src/Illuminate/Routing/Router.php(720): Illuminate\\Routing\\Router->prepareResponse(Object(Illuminate\\Http\\Request), Object(Illuminate\\View\\View))
#14 /home/pentasof/hrcrm.testpentas.in/agent/application/vendor/laravel/framework/src/Illuminate/Pipeline/Pipeline.php(128): Illuminate\\Routing\\Router->Illuminate\\Routing\\{closure}(Object(Illuminate\\Http\\Request))
#15 /home/pentasof/hrcrm.testpentas.in/agent/application/app/Http/Middleware/Modules/Menus.php(34): Illuminate\\Pipeline\\Pipeline->Illuminate\\Pipeline\\{closure}(Object(Illuminate\\Http\\Request))
#16 /home/pentasof/hrcrm.testpentas.in/agent/application/vendor/laravel/framework/src/Illuminate/Pipeline/Pipeline.php(167): App\\Http\\Middleware\\Modules\\Menus->handle(Object(Illuminate\\Http\\Request), Object(Closure))
#17 /home/pentasof/hrcrm.testpentas.in/agent/application/app/Http/Middleware/Modules/Visibility.php(55): Illuminate\\Pipeline\\Pipeline->Illuminate\\Pipeline\\{closure}(Object(Illuminate\\Http\\Request))
#18 /home/pentasof/hrcrm.testpentas.in/agent/application/vendor/laravel/framework/src/Illuminate/Pipeline/Pipeline.php(167): App\\Http\\Middleware\\Modules\\Visibility->handle(Object(Illuminate\\Http\\Request), Object(Closure))
#19 /home/pentasof/hrcrm.testpentas.in/agent/application/app/Http/Middleware/Modules/Status.php(59): Illuminate\\Pipeline\\Pipeline->Illuminate\\Pipeline\\{closure}(Object(Illuminate\\Http\\Request))
#20 /home/pentasof/hrcrm.testpentas.in/agent/application/vendor/laravel/framework/src/Illuminate/Pipeline/Pipeline.php(167): App\\Http\\Middleware\\Modules\\Status->handle(Object(Illuminate\\Http\\Request), Object(Closure))
#21 /home/pentasof/hrcrm.testpentas.in/agent/application/app/Http/Middleware/General/General.php(103): Illuminate\\Pipeline\\Pipeline->Illuminate\\Pipeline\\{closure}(Object(Illuminate\\Http\\Request))
#22 /home/pentasof/hrcrm.testpentas.in/agent/application/vendor/laravel/framework/src/Illuminate/Pipeline/Pipeline.php(167): App\\Http\\Middleware\\General\\General->handle(Object(Illuminate\\Http\\Request), Object(Closure))
#23 /home/pentasof/hrcrm.testpentas.in/agent/application/app/Http/Middleware/General/SanityCheck.php(45): Illuminate\\Pipeline\\Pipeline->Illuminate\\Pipeline\\{closure}(Object(Illuminate\\Http\\Request))
#24 /home/pentasof/hrcrm.testpentas.in/agent/application/vendor/laravel/framework/src/Illuminate/Pipeline/Pipeline.php(167): App\\Http\\Middleware\\General\\SanityCheck->handle(Object(Illuminate\\Http\\Request), Object(Closure))
#25 /home/pentasof/hrcrm.testpentas.in/agent/application/app/Http/Middleware/General/Settings.php(47): Illuminate\\Pipeline\\Pipeline->Illuminate\\Pipeline\\{closure}(Object(Illuminate\\Http\\Request))
#26 /home/pentasof/hrcrm.testpentas.in/agent/application/vendor/laravel/framework/src/Illuminate/Pipeline/Pipeline.php(167): App\\Http\\Middleware\\General\\Settings->handle(Object(Illuminate\\Http\\Request), Object(Closure))
#27 /home/pentasof/hrcrm.testpentas.in/agent/application/vendor/laravel/framework/src/Illuminate/Routing/Middleware/SubstituteBindings.php(50): Illuminate\\Pipeline\\Pipeline->Illuminate\\Pipeline\\{closure}(Object(Illuminate\\Http\\Request))
#28 /home/pentasof/hrcrm.testpentas.in/agent/application/vendor/laravel/framework/src/Illuminate/Pipeline/Pipeline.php(167): Illuminate\\Routing\\Middleware\\SubstituteBindings->handle(Object(Illuminate\\Http\\Request), Object(Closure))
#29 /home/pentasof/hrcrm.testpentas.in/agent/application/vendor/laravel/framework/src/Illuminate/Foundation/Http/Middleware/VerifyCsrfToken.php(78): Illuminate\\Pipeline\\Pipeline->Illuminate\\Pipeline\\{closure}(Object(Illuminate\\Http\\Request))
#30 /home/pentasof/hrcrm.testpentas.in/agent/application/vendor/laravel/framework/src/Illuminate/Pipeline/Pipeline.php(167): Illuminate\\Foundation\\Http\\Middleware\\VerifyCsrfToken->handle(Object(Illuminate\\Http\\Request), Object(Closure))
#31 /home/pentasof/hrcrm.testpentas.in/agent/application/vendor/laravel/framework/src/Illuminate/View/Middleware/ShareErrorsFromSession.php(49): Illuminate\\Pipeline\\Pipeline->Illuminate\\Pipeline\\{closure}(Object(Illuminate\\Http\\Request))
#32 /home/pentasof/hrcrm.testpentas.in/agent/application/vendor/laravel/framework/src/Illuminate/Pipeline/Pipeline.php(167): Illuminate\\View\\Middleware\\ShareErrorsFromSession->handle(Object(Illuminate\\Http\\Request), Object(Closure))
#33 /home/pentasof/hrcrm.testpentas.in/agent/application/vendor/laravel/framework/src/Illuminate/Session/Middleware/StartSession.php(121): Illuminate\\Pipeline\\Pipeline->Illuminate\\Pipeline\\{closure}(Object(Illuminate\\Http\\Request))
#34 /home/pentasof/hrcrm.testpentas.in/agent/application/vendor/laravel/framework/src/Illuminate/Session/Middleware/StartSession.php(64): Illuminate\\Session\\Middleware\\StartSession->handleStatefulRequest(Object(Illuminate\\Http\\Request), Object(Illuminate\\Session\\Store), Object(Closure))
#35 /home/pentasof/hrcrm.testpentas.in/agent/application/vendor/laravel/framework/src/Illuminate/Pipeline/Pipeline.php(167): Illuminate\\Session\\Middleware\\StartSession->handle(Object(Illuminate\\Http\\Request), Object(Closure))
#36 /home/pentasof/hrcrm.testpentas.in/agent/application/vendor/laravel/framework/src/Illuminate/Cookie/Middleware/AddQueuedCookiesToResponse.php(37): Illuminate\\Pipeline\\Pipeline->Illuminate\\Pipeline\\{closure}(Object(Illuminate\\Http\\Request))
#37 /home/pentasof/hrcrm.testpentas.in/agent/application/vendor/laravel/framework/src/Illuminate/Pipeline/Pipeline.php(167): Illuminate\\Cookie\\Middleware\\AddQueuedCookiesToResponse->handle(Object(Illuminate\\Http\\Request), Object(Closure))
#38 /home/pentasof/hrcrm.testpentas.in/agent/application/vendor/laravel/framework/src/Illuminate/Cookie/Middleware/EncryptCookies.php(67): Illuminate\\Pipeline\\Pipeline->Illuminate\\Pipeline\\{closure}(Object(Illuminate\\Http\\Request))
#39 /home/pentasof/hrcrm.testpentas.in/agent/application/vendor/laravel/framework/src/Illuminate/Pipeline/Pipeline.php(167): Illuminate\\Cookie\\Middleware\\EncryptCookies->handle(Object(Illuminate\\Http\\Request), Object(Closure))
#40 /home/pentasof/hrcrm.testpentas.in/agent/application/app/Http/Middleware/General/Setup.php(37): Illuminate\\Pipeline\\Pipeline->Illuminate\\Pipeline\\{closure}(Object(Illuminate\\Http\\Request))
#41 /home/pentasof/hrcrm.testpentas.in/agent/application/vendor/laravel/framework/src/Illuminate/Pipeline/Pipeline.php(167): App\\Http\\Middleware\\General\\Setup->handle(Object(Illuminate\\Http\\Request), Object(Closure))
#42 /home/pentasof/hrcrm.testpentas.in/agent/application/vendor/laravel/framework/src/Illuminate/Pipeline/Pipeline.php(103): Illuminate\\Pipeline\\Pipeline->Illuminate\\Pipeline\\{closure}(Object(Illuminate\\Http\\Request))
#43 /home/pentasof/hrcrm.testpentas.in/agent/application/vendor/laravel/framework/src/Illuminate/Routing/Router.php(719): Illuminate\\Pipeline\\Pipeline->then(Object(Closure))
#44 /home/pentasof/hrcrm.testpentas.in/agent/application/vendor/laravel/framework/src/Illuminate/Routing/Router.php(698): Illuminate\\Routing\\Router->runRouteWithinStack(Object(Illuminate\\Routing\\Route), Object(Illuminate\\Http\\Request))
#45 /home/pentasof/hrcrm.testpentas.in/agent/application/vendor/laravel/framework/src/Illuminate/Routing/Router.php(662): Illuminate\\Routing\\Router->runRoute(Object(Illuminate\\Http\\Request), Object(Illuminate\\Routing\\Route))
#46 /home/pentasof/hrcrm.testpentas.in/agent/application/vendor/laravel/framework/src/Illuminate/Routing/Router.php(651): Illuminate\\Routing\\Router->dispatchToRoute(Object(Illuminate\\Http\\Request))
#47 /home/pentasof/hrcrm.testpentas.in/agent/application/vendor/laravel/framework/src/Illuminate/Foundation/Http/Kernel.php(167): Illuminate\\Routing\\Router->dispatch(Object(Illuminate\\Http\\Request))
#48 /home/pentasof/hrcrm.testpentas.in/agent/application/vendor/laravel/framework/src/Illuminate/Pipeline/Pipeline.php(128): Illuminate\\Foundation\\Http\\Kernel->Illuminate\\Foundation\\Http\\{closure}(Object(Illuminate\\Http\\Request))
#49 /home/pentasof/hrcrm.testpentas.in/agent/application/vendor/barryvdh/laravel-debugbar/src/Middleware/InjectDebugbar.php(59): Illuminate\\Pipeline\\Pipeline->Illuminate\\Pipeline\\{closure}(Object(Illuminate\\Http\\Request))
#50 /home/pentasof/hrcrm.testpentas.in/agent/application/vendor/laravel/framework/src/Illuminate/Pipeline/Pipeline.php(167): Barryvdh\\Debugbar\\Middleware\\InjectDebugbar->handle(Object(Illuminate\\Http\\Request), Object(Closure))
#51 /home/pentasof/hrcrm.testpentas.in/agent/application/vendor/fideloper/proxy/src/TrustProxies.php(57): Illuminate\\Pipeline\\Pipeline->Illuminate\\Pipeline\\{closure}(Object(Illuminate\\Http\\Request))
#52 /home/pentasof/hrcrm.testpentas.in/agent/application/vendor/laravel/framework/src/Illuminate/Pipeline/Pipeline.php(167): Fideloper\\Proxy\\TrustProxies->handle(Object(Illuminate\\Http\\Request), Object(Closure))
#53 /home/pentasof/hrcrm.testpentas.in/agent/application/vendor/laravel/framework/src/Illuminate/Foundation/Http/Middleware/TransformsRequest.php(21): Illuminate\\Pipeline\\Pipeline->Illuminate\\Pipeline\\{closure}(Object(Illuminate\\Http\\Request))
#54 /home/pentasof/hrcrm.testpentas.in/agent/application/vendor/laravel/framework/src/Illuminate/Foundation/Http/Middleware/ConvertEmptyStringsToNull.php(31): Illuminate\\Foundation\\Http\\Middleware\\TransformsRequest->handle(Object(Illuminate\\Http\\Request), Object(Closure))
#55 /home/pentasof/hrcrm.testpentas.in/agent/application/vendor/laravel/framework/src/Illuminate/Pipeline/Pipeline.php(167): Illuminate\\Foundation\\Http\\Middleware\\ConvertEmptyStringsToNull->handle(Object(Illuminate\\Http\\Request), Object(Closure))
#56 /home/pentasof/hrcrm.testpentas.in/agent/application/vendor/laravel/framework/src/Illuminate/Foundation/Http/Middleware/TransformsRequest.php(21): Illuminate\\Pipeline\\Pipeline->Illuminate\\Pipeline\\{closure}(Object(Illuminate\\Http\\Request))
#57 /home/pentasof/hrcrm.testpentas.in/agent/application/vendor/laravel/framework/src/Illuminate/Foundation/Http/Middleware/TrimStrings.php(40): Illuminate\\Foundation\\Http\\Middleware\\TransformsRequest->handle(Object(Illuminate\\Http\\Request), Object(Closure))
#58 /home/pentasof/hrcrm.testpentas.in/agent/application/vendor/laravel/framework/src/Illuminate/Pipeline/Pipeline.php(167): Illuminate\\Foundation\\Http\\Middleware\\TrimStrings->handle(Object(Illuminate\\Http\\Request), Object(Closure))
#59 /home/pentasof/hrcrm.testpentas.in/agent/application/vendor/laravel/framework/src/Illuminate/Foundation/Http/Middleware/ValidatePostSize.php(27): Illuminate\\Pipeline\\Pipeline->Illuminate\\Pipeline\\{closure}(Object(Illuminate\\Http\\Request))
#60 /home/pentasof/hrcrm.testpentas.in/agent/application/vendor/laravel/framework/src/Illuminate/Pipeline/Pipeline.php(167): Illuminate\\Foundation\\Http\\Middleware\\ValidatePostSize->handle(Object(Illuminate\\Http\\Request), Object(Closure))
#61 /home/pentasof/hrcrm.testpentas.in/agent/application/vendor/laravel/framework/src/Illuminate/Foundation/Http/Middleware/PreventRequestsDuringMaintenance.php(86): Illuminate\\Pipeline\\Pipeline->Illuminate\\Pipeline\\{closure}(Object(Illuminate\\Http\\Request))
#62 /home/pentasof/hrcrm.testpentas.in/agent/application/vendor/laravel/framework/src/Illuminate/Pipeline/Pipeline.php(167): Illuminate\\Foundation\\Http\\Middleware\\PreventRequestsDuringMaintenance->handle(Object(Illuminate\\Http\\Request), Object(Closure))
#63 /home/pentasof/hrcrm.testpentas.in/agent/application/vendor/laravel/framework/src/Illuminate/Pipeline/Pipeline.php(103): Illuminate\\Pipeline\\Pipeline->Illuminate\\Pipeline\\{closure}(Object(Illuminate\\Http\\Request))
#64 /home/pentasof/hrcrm.testpentas.in/agent/application/vendor/laravel/framework/src/Illuminate/Foundation/Http/Kernel.php(142): Illuminate\\Pipeline\\Pipeline->then(Object(Closure))
#65 /home/pentasof/hrcrm.testpentas.in/agent/application/vendor/laravel/framework/src/Illuminate/Foundation/Http/Kernel.php(111): Illuminate\\Foundation\\Http\\Kernel->sendRequestThroughRouter(Object(Illuminate\\Http\\Request))
#66 /home/pentasof/hrcrm.testpentas.in/agent/index.php(91): Illuminate\\Foundation\\Http\\Kernel->handle(Object(Illuminate\\Http\\Request))
#67 {main}

[previous exception] [object] (ErrorException(code: 0): Attempt to read property \"airline_code\" on null at /home/pentasof/hrcrm.testpentas.in/agent/application/storage/framework/views/e0f3e0e78c6a83e4acc6c7cc4a0f61c30853f533.php:71)
[stacktrace]
#0 /home/pentasof/hrcrm.testpentas.in/agent/application/storage/framework/views/e0f3e0e78c6a83e4acc6c7cc4a0f61c30853f533.php(71): Illuminate\\Foundation\\Bootstrap\\HandleExceptions->handleError(2, 'Attempt to read...', '/home/pentasof/...', 71)
#1 /home/pentasof/hrcrm.testpentas.in/agent/application/vendor/laravel/framework/src/Illuminate/Filesystem/Filesystem.php(107): require('/home/pentasof/...')
#2 /home/pentasof/hrcrm.testpentas.in/agent/application/vendor/laravel/framework/src/Illuminate/Filesystem/Filesystem.php(108): Illuminate\\Filesystem\\Filesystem::Illuminate\\Filesystem\\{closure}()
#3 /home/pentasof/hrcrm.testpentas.in/agent/application/vendor/laravel/framework/src/Illuminate/View/Engines/PhpEngine.php(58): Illuminate\\Filesystem\\Filesystem->getRequire('/home/pentasof/...', Array)
#4 /home/pentasof/hrcrm.testpentas.in/agent/application/vendor/laravel/framework/src/Illuminate/View/Engines/CompilerEngine.php(61): Illuminate\\View\\Engines\\PhpEngine->evaluatePath('/home/pentasof/...', Array)
#5 /home/pentasof/hrcrm.testpentas.in/agent/application/vendor/facade/ignition/src/Views/Engines/CompilerEngine.php(37): Illuminate\\View\\Engines\\CompilerEngine->get('/home/pentasof/...', Array)
#6 /home/pentasof/hrcrm.testpentas.in/agent/application/vendor/laravel/framework/src/Illuminate/View/View.php(139): Facade\\Ignition\\Views\\Engines\\CompilerEngine->get('/home/pentasof/...', Array)
#7 /home/pentasof/hrcrm.testpentas.in/agent/application/vendor/laravel/framework/src/Illuminate/View/View.php(122): Illuminate\\View\\View->getContents()
#8 /home/pentasof/hrcrm.testpentas.in/agent/application/vendor/laravel/framework/src/Illuminate/View/View.php(91): Illuminate\\View\\View->renderContents()
#9 /home/pentasof/hrcrm.testpentas.in/agent/application/vendor/laravel/framework/src/Illuminate/Http/Response.php(69): Illuminate\\View\\View->render()
#10 /home/pentasof/hrcrm.testpentas.in/agent/application/vendor/laravel/framework/src/Illuminate/Http/Response.php(35): Illuminate\\Http\\Response->setContent(Object(Illuminate\\View\\View))
#11 /home/pentasof/hrcrm.testpentas.in/agent/application/vendor/laravel/framework/src/Illuminate/Routing/Router.php(820): Illuminate\\Http\\Response->__construct(Object(Illuminate\\View\\View), 200, Array)
#12 /home/pentasof/hrcrm.testpentas.in/agent/application/vendor/laravel/framework/src/Illuminate/Routing/Router.php(789): Illuminate\\Routing\\Router::toResponse(Object(Illuminate\\Http\\Request), Object(Illuminate\\View\\View))
#13 /home/pentasof/hrcrm.testpentas.in/agent/application/vendor/laravel/framework/src/Illuminate/Routing/Router.php(720): Illuminate\\Routing\\Router->prepareResponse(Object(Illuminate\\Http\\Request), Object(Illuminate\\View\\View))
#14 /home/pentasof/hrcrm.testpentas.in/agent/application/vendor/laravel/framework/src/Illuminate/Pipeline/Pipeline.php(128): Illuminate\\Routing\\Router->Illuminate\\Routing\\{closure}(Object(Illuminate\\Http\\Request))
#15 /home/pentasof/hrcrm.testpentas.in/agent/application/app/Http/Middleware/Modules/Menus.php(34): Illuminate\\Pipeline\\Pipeline->Illuminate\\Pipeline\\{closure}(Object(Illuminate\\Http\\Request))
#16 /home/pentasof/hrcrm.testpentas.in/agent/application/vendor/laravel/framework/src/Illuminate/Pipeline/Pipeline.php(167): App\\Http\\Middleware\\Modules\\Menus->handle(Object(Illuminate\\Http\\Request), Object(Closure))
#17 /home/pentasof/hrcrm.testpentas.in/agent/application/app/Http/Middleware/Modules/Visibility.php(55): Illuminate\\Pipeline\\Pipeline->Illuminate\\Pipeline\\{closure}(Object(Illuminate\\Http\\Request))
#18 /home/pentasof/hrcrm.testpentas.in/agent/application/vendor/laravel/framework/src/Illuminate/Pipeline/Pipeline.php(167): App\\Http\\Middleware\\Modules\\Visibility->handle(Object(Illuminate\\Http\\Request), Object(Closure))
#19 /home/pentasof/hrcrm.testpentas.in/agent/application/app/Http/Middleware/Modules/Status.php(59): Illuminate\\Pipeline\\Pipeline->Illuminate\\Pipeline\\{closure}(Object(Illuminate\\Http\\Request))
#20 /home/pentasof/hrcrm.testpentas.in/agent/application/vendor/laravel/framework/src/Illuminate/Pipeline/Pipeline.php(167): App\\Http\\Middleware\\Modules\\Status->handle(Object(Illuminate\\Http\\Request), Object(Closure))
#21 /home/pentasof/hrcrm.testpentas.in/agent/application/app/Http/Middleware/General/General.php(103): Illuminate\\Pipeline\\Pipeline->Illuminate\\Pipeline\\{closure}(Object(Illuminate\\Http\\Request))
#22 /home/pentasof/hrcrm.testpentas.in/agent/application/vendor/laravel/framework/src/Illuminate/Pipeline/Pipeline.php(167): App\\Http\\Middleware\\General\\General->handle(Object(Illuminate\\Http\\Request), Object(Closure))
#23 /home/pentasof/hrcrm.testpentas.in/agent/application/app/Http/Middleware/General/SanityCheck.php(45): Illuminate\\Pipeline\\Pipeline->Illuminate\\Pipeline\\{closure}(Object(Illuminate\\Http\\Request))
#24 /home/pentasof/hrcrm.testpentas.in/agent/application/vendor/laravel/framework/src/Illuminate/Pipeline/Pipeline.php(167): App\\Http\\Middleware\\General\\SanityCheck->handle(Object(Illuminate\\Http\\Request), Object(Closure))
#25 /home/pentasof/hrcrm.testpentas.in/agent/application/app/Http/Middleware/General/Settings.php(47): Illuminate\\Pipeline\\Pipeline->Illuminate\\Pipeline\\{closure}(Object(Illuminate\\Http\\Request))
#26 /home/pentasof/hrcrm.testpentas.in/agent/application/vendor/laravel/framework/src/Illuminate/Pipeline/Pipeline.php(167): App\\Http\\Middleware\\General\\Settings->handle(Object(Illuminate\\Http\\Request), Object(Closure))
#27 /home/pentasof/hrcrm.testpentas.in/agent/application/vendor/laravel/framework/src/Illuminate/Routing/Middleware/SubstituteBindings.php(50): Illuminate\\Pipeline\\Pipeline->Illuminate\\Pipeline\\{closure}(Object(Illuminate\\Http\\Request))
#28 /home/pentasof/hrcrm.testpentas.in/agent/application/vendor/laravel/framework/src/Illuminate/Pipeline/Pipeline.php(167): Illuminate\\Routing\\Middleware\\SubstituteBindings->handle(Object(Illuminate\\Http\\Request), Object(Closure))
#29 /home/pentasof/hrcrm.testpentas.in/agent/application/vendor/laravel/framework/src/Illuminate/Foundation/Http/Middleware/VerifyCsrfToken.php(78): Illuminate\\Pipeline\\Pipeline->Illuminate\\Pipeline\\{closure}(Object(Illuminate\\Http\\Request))
#30 /home/pentasof/hrcrm.testpentas.in/agent/application/vendor/laravel/framework/src/Illuminate/Pipeline/Pipeline.php(167): Illuminate\\Foundation\\Http\\Middleware\\VerifyCsrfToken->handle(Object(Illuminate\\Http\\Request), Object(Closure))
#31 /home/pentasof/hrcrm.testpentas.in/agent/application/vendor/laravel/framework/src/Illuminate/View/Middleware/ShareErrorsFromSession.php(49): Illuminate\\Pipeline\\Pipeline->Illuminate\\Pipeline\\{closure}(Object(Illuminate\\Http\\Request))
#32 /home/pentasof/hrcrm.testpentas.in/agent/application/vendor/laravel/framework/src/Illuminate/Pipeline/Pipeline.php(167): Illuminate\\View\\Middleware\\ShareErrorsFromSession->handle(Object(Illuminate\\Http\\Request), Object(Closure))
#33 /home/pentasof/hrcrm.testpentas.in/agent/application/vendor/laravel/framework/src/Illuminate/Session/Middleware/StartSession.php(121): Illuminate\\Pipeline\\Pipeline->Illuminate\\Pipeline\\{closure}(Object(Illuminate\\Http\\Request))
#34 /home/pentasof/hrcrm.testpentas.in/agent/application/vendor/laravel/framework/src/Illuminate/Session/Middleware/StartSession.php(64): Illuminate\\Session\\Middleware\\StartSession->handleStatefulRequest(Object(Illuminate\\Http\\Request), Object(Illuminate\\Session\\Store), Object(Closure))
#35 /home/pentasof/hrcrm.testpentas.in/agent/application/vendor/laravel/framework/src/Illuminate/Pipeline/Pipeline.php(167): Illuminate\\Session\\Middleware\\StartSession->handle(Object(Illuminate\\Http\\Request), Object(Closure))
#36 /home/pentasof/hrcrm.testpentas.in/agent/application/vendor/laravel/framework/src/Illuminate/Cookie/Middleware/AddQueuedCookiesToResponse.php(37): Illuminate\\Pipeline\\Pipeline->Illuminate\\Pipeline\\{closure}(Object(Illuminate\\Http\\Request))
#37 /home/pentasof/hrcrm.testpentas.in/agent/application/vendor/laravel/framework/src/Illuminate/Pipeline/Pipeline.php(167): Illuminate\\Cookie\\Middleware\\AddQueuedCookiesToResponse->handle(Object(Illuminate\\Http\\Request), Object(Closure))
#38 /home/pentasof/hrcrm.testpentas.in/agent/application/vendor/laravel/framework/src/Illuminate/Cookie/Middleware/EncryptCookies.php(67): Illuminate\\Pipeline\\Pipeline->Illuminate\\Pipeline\\{closure}(Object(Illuminate\\Http\\Request))
#39 /home/pentasof/hrcrm.testpentas.in/agent/application/vendor/laravel/framework/src/Illuminate/Pipeline/Pipeline.php(167): Illuminate\\Cookie\\Middleware\\EncryptCookies->handle(Object(Illuminate\\Http\\Request), Object(Closure))
#40 /home/pentasof/hrcrm.testpentas.in/agent/application/app/Http/Middleware/General/Setup.php(37): Illuminate\\Pipeline\\Pipeline->Illuminate\\Pipeline\\{closure}(Object(Illuminate\\Http\\Request))
#41 /home/pentasof/hrcrm.testpentas.in/agent/application/vendor/laravel/framework/src/Illuminate/Pipeline/Pipeline.php(167): App\\Http\\Middleware\\General\\Setup->handle(Object(Illuminate\\Http\\Request), Object(Closure))
#42 /home/pentasof/hrcrm.testpentas.in/agent/application/vendor/laravel/framework/src/Illuminate/Pipeline/Pipeline.php(103): Illuminate\\Pipeline\\Pipeline->Illuminate\\Pipeline\\{closure}(Object(Illuminate\\Http\\Request))
#43 /home/pentasof/hrcrm.testpentas.in/agent/application/vendor/laravel/framework/src/Illuminate/Routing/Router.php(719): Illuminate\\Pipeline\\Pipeline->then(Object(Closure))
#44 /home/pentasof/hrcrm.testpentas.in/agent/application/vendor/laravel/framework/src/Illuminate/Routing/Router.php(698): Illuminate\\Routing\\Router->runRouteWithinStack(Object(Illuminate\\Routing\\Route), Object(Illuminate\\Http\\Request))
#45 /home/pentasof/hrcrm.testpentas.in/agent/application/vendor/laravel/framework/src/Illuminate/Routing/Router.php(662): Illuminate\\Routing\\Router->runRoute(Object(Illuminate\\Http\\Request), Object(Illuminate\\Routing\\Route))
#46 /home/pentasof/hrcrm.testpentas.in/agent/application/vendor/laravel/framework/src/Illuminate/Routing/Router.php(651): Illuminate\\Routing\\Router->dispatchToRoute(Object(Illuminate\\Http\\Request))
#47 /home/pentasof/hrcrm.testpentas.in/agent/application/vendor/laravel/framework/src/Illuminate/Foundation/Http/Kernel.php(167): Illuminate\\Routing\\Router->dispatch(Object(Illuminate\\Http\\Request))
#48 /home/pentasof/hrcrm.testpentas.in/agent/application/vendor/laravel/framework/src/Illuminate/Pipeline/Pipeline.php(128): Illuminate\\Foundation\\Http\\Kernel->Illuminate\\Foundation\\Http\\{closure}(Object(Illuminate\\Http\\Request))
#49 /home/pentasof/hrcrm.testpentas.in/agent/application/vendor/barryvdh/laravel-debugbar/src/Middleware/InjectDebugbar.php(59): Illuminate\\Pipeline\\Pipeline->Illuminate\\Pipeline\\{closure}(Object(Illuminate\\Http\\Request))
#50 /home/pentasof/hrcrm.testpentas.in/agent/application/vendor/laravel/framework/src/Illuminate/Pipeline/Pipeline.php(167): Barryvdh\\Debugbar\\Middleware\\InjectDebugbar->handle(Object(Illuminate\\Http\\Request), Object(Closure))
#51 /home/pentasof/hrcrm.testpentas.in/agent/application/vendor/fideloper/proxy/src/TrustProxies.php(57): Illuminate\\Pipeline\\Pipeline->Illuminate\\Pipeline\\{closure}(Object(Illuminate\\Http\\Request))
#52 /home/pentasof/hrcrm.testpentas.in/agent/application/vendor/laravel/framework/src/Illuminate/Pipeline/Pipeline.php(167): Fideloper\\Proxy\\TrustProxies->handle(Object(Illuminate\\Http\\Request), Object(Closure))
#53 /home/pentasof/hrcrm.testpentas.in/agent/application/vendor/laravel/framework/src/Illuminate/Foundation/Http/Middleware/TransformsRequest.php(21): Illuminate\\Pipeline\\Pipeline->Illuminate\\Pipeline\\{closure}(Object(Illuminate\\Http\\Request))
#54 /home/pentasof/hrcrm.testpentas.in/agent/application/vendor/laravel/framework/src/Illuminate/Foundation/Http/Middleware/ConvertEmptyStringsToNull.php(31): Illuminate\\Foundation\\Http\\Middleware\\TransformsRequest->handle(Object(Illuminate\\Http\\Request), Object(Closure))
#55 /home/pentasof/hrcrm.testpentas.in/agent/application/vendor/laravel/framework/src/Illuminate/Pipeline/Pipeline.php(167): Illuminate\\Foundation\\Http\\Middleware\\ConvertEmptyStringsToNull->handle(Object(Illuminate\\Http\\Request), Object(Closure))
#56 /home/pentasof/hrcrm.testpentas.in/agent/application/vendor/laravel/framework/src/Illuminate/Foundation/Http/Middleware/TransformsRequest.php(21): Illuminate\\Pipeline\\Pipeline->Illuminate\\Pipeline\\{closure}(Object(Illuminate\\Http\\Request))
#57 /home/pentasof/hrcrm.testpentas.in/agent/application/vendor/laravel/framework/src/Illuminate/Foundation/Http/Middleware/TrimStrings.php(40): Illuminate\\Foundation\\Http\\Middleware\\TransformsRequest->handle(Object(Illuminate\\Http\\Request), Object(Closure))
#58 /home/pentasof/hrcrm.testpentas.in/agent/application/vendor/laravel/framework/src/Illuminate/Pipeline/Pipeline.php(167): Illuminate\\Foundation\\Http\\Middleware\\TrimStrings->handle(Object(Illuminate\\Http\\Request), Object(Closure))
#59 /home/pentasof/hrcrm.testpentas.in/agent/application/vendor/laravel/framework/src/Illuminate/Foundation/Http/Middleware/ValidatePostSize.php(27): Illuminate\\Pipeline\\Pipeline->Illuminate\\Pipeline\\{closure}(Object(Illuminate\\Http\\Request))
#60 /home/pentasof/hrcrm.testpentas.in/agent/application/vendor/laravel/framework/src/Illuminate/Pipeline/Pipeline.php(167): Illuminate\\Foundation\\Http\\Middleware\\ValidatePostSize->handle(Object(Illuminate\\Http\\Request), Object(Closure))
#61 /home/pentasof/hrcrm.testpentas.in/agent/application/vendor/laravel/framework/src/Illuminate/Foundation/Http/Middleware/PreventRequestsDuringMaintenance.php(86): Illuminate\\Pipeline\\Pipeline->Illuminate\\Pipeline\\{closure}(Object(Illuminate\\Http\\Request))
#62 /home/pentasof/hrcrm.testpentas.in/agent/application/vendor/laravel/framework/src/Illuminate/Pipeline/Pipeline.php(167): Illuminate\\Foundation\\Http\\Middleware\\PreventRequestsDuringMaintenance->handle(Object(Illuminate\\Http\\Request), Object(Closure))
#63 /home/pentasof/hrcrm.testpentas.in/agent/application/vendor/laravel/framework/src/Illuminate/Pipeline/Pipeline.php(103): Illuminate\\Pipeline\\Pipeline->Illuminate\\Pipeline\\{closure}(Object(Illuminate\\Http\\Request))
#64 /home/pentasof/hrcrm.testpentas.in/agent/application/vendor/laravel/framework/src/Illuminate/Foundation/Http/Kernel.php(142): Illuminate\\Pipeline\\Pipeline->then(Object(Closure))
#65 /home/pentasof/hrcrm.testpentas.in/agent/application/vendor/laravel/framework/src/Illuminate/Foundation/Http/Kernel.php(111): Illuminate\\Foundation\\Http\\Kernel->sendRequestThroughRouter(Object(Illuminate\\Http\\Request))
#66 /home/pentasof/hrcrm.testpentas.in/agent/index.php(91): Illuminate\\Foundation\\Http\\Kernel->handle(Object(Illuminate\\Http\\Request))
#67 {main}
"} 
[2024-07-08 16:06:21] production.ERROR: Class "App\Models\FareCondition" not found {"userId":3,"exception":"[object] (Error(code: 0): Class \"App\\Models\\FareCondition\" not found at /home/pentasof/hrcrm.testpentas.in/agent/application/app/Http/Controllers/FareConditionController.php:11)
[stacktrace]
#0 /home/pentasof/hrcrm.testpentas.in/agent/application/vendor/laravel/framework/src/Illuminate/Routing/Controller.php(54): App\\Http\\Controllers\\FareConditionController->index()
#1 /home/pentasof/hrcrm.testpentas.in/agent/application/vendor/laravel/framework/src/Illuminate/Routing/ControllerDispatcher.php(45): Illuminate\\Routing\\Controller->callAction('index', Array)
#2 /home/pentasof/hrcrm.testpentas.in/agent/application/vendor/laravel/framework/src/Illuminate/Routing/Route.php(261): Illuminate\\Routing\\ControllerDispatcher->dispatch(Object(Illuminate\\Routing\\Route), Object(App\\Http\\Controllers\\FareConditionController), 'index')
#3 /home/pentasof/hrcrm.testpentas.in/agent/application/vendor/laravel/framework/src/Illuminate/Routing/Route.php(205): Illuminate\\Routing\\Route->runController()
#4 /home/pentasof/hrcrm.testpentas.in/agent/application/vendor/laravel/framework/src/Illuminate/Routing/Router.php(721): Illuminate\\Routing\\Route->run()
#5 /home/pentasof/hrcrm.testpentas.in/agent/application/vendor/laravel/framework/src/Illuminate/Pipeline/Pipeline.php(128): Illuminate\\Routing\\Router->Illuminate\\Routing\\{closure}(Object(Illuminate\\Http\\Request))
#6 /home/pentasof/hrcrm.testpentas.in/agent/application/app/Http/Middleware/Modules/Menus.php(34): Illuminate\\Pipeline\\Pipeline->Illuminate\\Pipeline\\{closure}(Object(Illuminate\\Http\\Request))
#7 /home/pentasof/hrcrm.testpentas.in/agent/application/vendor/laravel/framework/src/Illuminate/Pipeline/Pipeline.php(167): App\\Http\\Middleware\\Modules\\Menus->handle(Object(Illuminate\\Http\\Request), Object(Closure))
#8 /home/pentasof/hrcrm.testpentas.in/agent/application/app/Http/Middleware/Modules/Visibility.php(55): Illuminate\\Pipeline\\Pipeline->Illuminate\\Pipeline\\{closure}(Object(Illuminate\\Http\\Request))
#9 /home/pentasof/hrcrm.testpentas.in/agent/application/vendor/laravel/framework/src/Illuminate/Pipeline/Pipeline.php(167): App\\Http\\Middleware\\Modules\\Visibility->handle(Object(Illuminate\\Http\\Request), Object(Closure))
#10 /home/pentasof/hrcrm.testpentas.in/agent/application/app/Http/Middleware/Modules/Status.php(59): Illuminate\\Pipeline\\Pipeline->Illuminate\\Pipeline\\{closure}(Object(Illuminate\\Http\\Request))
#11 /home/pentasof/hrcrm.testpentas.in/agent/application/vendor/laravel/framework/src/Illuminate/Pipeline/Pipeline.php(167): App\\Http\\Middleware\\Modules\\Status->handle(Object(Illuminate\\Http\\Request), Object(Closure))
#12 /home/pentasof/hrcrm.testpentas.in/agent/application/app/Http/Middleware/General/General.php(103): Illuminate\\Pipeline\\Pipeline->Illuminate\\Pipeline\\{closure}(Object(Illuminate\\Http\\Request))
#13 /home/pentasof/hrcrm.testpentas.in/agent/application/vendor/laravel/framework/src/Illuminate/Pipeline/Pipeline.php(167): App\\Http\\Middleware\\General\\General->handle(Object(Illuminate\\Http\\Request), Object(Closure))
#14 /home/pentasof/hrcrm.testpentas.in/agent/application/app/Http/Middleware/General/SanityCheck.php(45): Illuminate\\Pipeline\\Pipeline->Illuminate\\Pipeline\\{closure}(Object(Illuminate\\Http\\Request))
#15 /home/pentasof/hrcrm.testpentas.in/agent/application/vendor/laravel/framework/src/Illuminate/Pipeline/Pipeline.php(167): App\\Http\\Middleware\\General\\SanityCheck->handle(Object(Illuminate\\Http\\Request), Object(Closure))
#16 /home/pentasof/hrcrm.testpentas.in/agent/application/app/Http/Middleware/General/Settings.php(47): Illuminate\\Pipeline\\Pipeline->Illuminate\\Pipeline\\{closure}(Object(Illuminate\\Http\\Request))
#17 /home/pentasof/hrcrm.testpentas.in/agent/application/vendor/laravel/framework/src/Illuminate/Pipeline/Pipeline.php(167): App\\Http\\Middleware\\General\\Settings->handle(Object(Illuminate\\Http\\Request), Object(Closure))
#18 /home/pentasof/hrcrm.testpentas.in/agent/application/vendor/laravel/framework/src/Illuminate/Routing/Middleware/SubstituteBindings.php(50): Illuminate\\Pipeline\\Pipeline->Illuminate\\Pipeline\\{closure}(Object(Illuminate\\Http\\Request))
#19 /home/pentasof/hrcrm.testpentas.in/agent/application/vendor/laravel/framework/src/Illuminate/Pipeline/Pipeline.php(167): Illuminate\\Routing\\Middleware\\SubstituteBindings->handle(Object(Illuminate\\Http\\Request), Object(Closure))
#20 /home/pentasof/hrcrm.testpentas.in/agent/application/vendor/laravel/framework/src/Illuminate/Foundation/Http/Middleware/VerifyCsrfToken.php(78): Illuminate\\Pipeline\\Pipeline->Illuminate\\Pipeline\\{closure}(Object(Illuminate\\Http\\Request))
#21 /home/pentasof/hrcrm.testpentas.in/agent/application/vendor/laravel/framework/src/Illuminate/Pipeline/Pipeline.php(167): Illuminate\\Foundation\\Http\\Middleware\\VerifyCsrfToken->handle(Object(Illuminate\\Http\\Request), Object(Closure))
#22 /home/pentasof/hrcrm.testpentas.in/agent/application/vendor/laravel/framework/src/Illuminate/View/Middleware/ShareErrorsFromSession.php(49): Illuminate\\Pipeline\\Pipeline->Illuminate\\Pipeline\\{closure}(Object(Illuminate\\Http\\Request))
#23 /home/pentasof/hrcrm.testpentas.in/agent/application/vendor/laravel/framework/src/Illuminate/Pipeline/Pipeline.php(167): Illuminate\\View\\Middleware\\ShareErrorsFromSession->handle(Object(Illuminate\\Http\\Request), Object(Closure))
#24 /home/pentasof/hrcrm.testpentas.in/agent/application/vendor/laravel/framework/src/Illuminate/Session/Middleware/StartSession.php(121): Illuminate\\Pipeline\\Pipeline->Illuminate\\Pipeline\\{closure}(Object(Illuminate\\Http\\Request))
#25 /home/pentasof/hrcrm.testpentas.in/agent/application/vendor/laravel/framework/src/Illuminate/Session/Middleware/StartSession.php(64): Illuminate\\Session\\Middleware\\StartSession->handleStatefulRequest(Object(Illuminate\\Http\\Request), Object(Illuminate\\Session\\Store), Object(Closure))
#26 /home/pentasof/hrcrm.testpentas.in/agent/application/vendor/laravel/framework/src/Illuminate/Pipeline/Pipeline.php(167): Illuminate\\Session\\Middleware\\StartSession->handle(Object(Illuminate\\Http\\Request), Object(Closure))
#27 /home/pentasof/hrcrm.testpentas.in/agent/application/vendor/laravel/framework/src/Illuminate/Cookie/Middleware/AddQueuedCookiesToResponse.php(37): Illuminate\\Pipeline\\Pipeline->Illuminate\\Pipeline\\{closure}(Object(Illuminate\\Http\\Request))
#28 /home/pentasof/hrcrm.testpentas.in/agent/application/vendor/laravel/framework/src/Illuminate/Pipeline/Pipeline.php(167): Illuminate\\Cookie\\Middleware\\AddQueuedCookiesToResponse->handle(Object(Illuminate\\Http\\Request), Object(Closure))
#29 /home/pentasof/hrcrm.testpentas.in/agent/application/vendor/laravel/framework/src/Illuminate/Cookie/Middleware/EncryptCookies.php(67): Illuminate\\Pipeline\\Pipeline->Illuminate\\Pipeline\\{closure}(Object(Illuminate\\Http\\Request))
#30 /home/pentasof/hrcrm.testpentas.in/agent/application/vendor/laravel/framework/src/Illuminate/Pipeline/Pipeline.php(167): Illuminate\\Cookie\\Middleware\\EncryptCookies->handle(Object(Illuminate\\Http\\Request), Object(Closure))
#31 /home/pentasof/hrcrm.testpentas.in/agent/application/app/Http/Middleware/General/Setup.php(37): Illuminate\\Pipeline\\Pipeline->Illuminate\\Pipeline\\{closure}(Object(Illuminate\\Http\\Request))
#32 /home/pentasof/hrcrm.testpentas.in/agent/application/vendor/laravel/framework/src/Illuminate/Pipeline/Pipeline.php(167): App\\Http\\Middleware\\General\\Setup->handle(Object(Illuminate\\Http\\Request), Object(Closure))
#33 /home/pentasof/hrcrm.testpentas.in/agent/application/vendor/laravel/framework/src/Illuminate/Pipeline/Pipeline.php(103): Illuminate\\Pipeline\\Pipeline->Illuminate\\Pipeline\\{closure}(Object(Illuminate\\Http\\Request))
#34 /home/pentasof/hrcrm.testpentas.in/agent/application/vendor/laravel/framework/src/Illuminate/Routing/Router.php(719): Illuminate\\Pipeline\\Pipeline->then(Object(Closure))
#35 /home/pentasof/hrcrm.testpentas.in/agent/application/vendor/laravel/framework/src/Illuminate/Routing/Router.php(698): Illuminate\\Routing\\Router->runRouteWithinStack(Object(Illuminate\\Routing\\Route), Object(Illuminate\\Http\\Request))
#36 /home/pentasof/hrcrm.testpentas.in/agent/application/vendor/laravel/framework/src/Illuminate/Routing/Router.php(662): Illuminate\\Routing\\Router->runRoute(Object(Illuminate\\Http\\Request), Object(Illuminate\\Routing\\Route))
#37 /home/pentasof/hrcrm.testpentas.in/agent/application/vendor/laravel/framework/src/Illuminate/Routing/Router.php(651): Illuminate\\Routing\\Router->dispatchToRoute(Object(Illuminate\\Http\\Request))
#38 /home/pentasof/hrcrm.testpentas.in/agent/application/vendor/laravel/framework/src/Illuminate/Foundation/Http/Kernel.php(167): Illuminate\\Routing\\Router->dispatch(Object(Illuminate\\Http\\Request))
#39 /home/pentasof/hrcrm.testpentas.in/agent/application/vendor/laravel/framework/src/Illuminate/Pipeline/Pipeline.php(128): Illuminate\\Foundation\\Http\\Kernel->Illuminate\\Foundation\\Http\\{closure}(Object(Illuminate\\Http\\Request))
#40 /home/pentasof/hrcrm.testpentas.in/agent/application/vendor/barryvdh/laravel-debugbar/src/Middleware/InjectDebugbar.php(59): Illuminate\\Pipeline\\Pipeline->Illuminate\\Pipeline\\{closure}(Object(Illuminate\\Http\\Request))
#41 /home/pentasof/hrcrm.testpentas.in/agent/application/vendor/laravel/framework/src/Illuminate/Pipeline/Pipeline.php(167): Barryvdh\\Debugbar\\Middleware\\InjectDebugbar->handle(Object(Illuminate\\Http\\Request), Object(Closure))
#42 /home/pentasof/hrcrm.testpentas.in/agent/application/vendor/fideloper/proxy/src/TrustProxies.php(57): Illuminate\\Pipeline\\Pipeline->Illuminate\\Pipeline\\{closure}(Object(Illuminate\\Http\\Request))
#43 /home/pentasof/hrcrm.testpentas.in/agent/application/vendor/laravel/framework/src/Illuminate/Pipeline/Pipeline.php(167): Fideloper\\Proxy\\TrustProxies->handle(Object(Illuminate\\Http\\Request), Object(Closure))
#44 /home/pentasof/hrcrm.testpentas.in/agent/application/vendor/laravel/framework/src/Illuminate/Foundation/Http/Middleware/TransformsRequest.php(21): Illuminate\\Pipeline\\Pipeline->Illuminate\\Pipeline\\{closure}(Object(Illuminate\\Http\\Request))
#45 /home/pentasof/hrcrm.testpentas.in/agent/application/vendor/laravel/framework/src/Illuminate/Foundation/Http/Middleware/ConvertEmptyStringsToNull.php(31): Illuminate\\Foundation\\Http\\Middleware\\TransformsRequest->handle(Object(Illuminate\\Http\\Request), Object(Closure))
#46 /home/pentasof/hrcrm.testpentas.in/agent/application/vendor/laravel/framework/src/Illuminate/Pipeline/Pipeline.php(167): Illuminate\\Foundation\\Http\\Middleware\\ConvertEmptyStringsToNull->handle(Object(Illuminate\\Http\\Request), Object(Closure))
#47 /home/pentasof/hrcrm.testpentas.in/agent/application/vendor/laravel/framework/src/Illuminate/Foundation/Http/Middleware/TransformsRequest.php(21): Illuminate\\Pipeline\\Pipeline->Illuminate\\Pipeline\\{closure}(Object(Illuminate\\Http\\Request))
#48 /home/pentasof/hrcrm.testpentas.in/agent/application/vendor/laravel/framework/src/Illuminate/Foundation/Http/Middleware/TrimStrings.php(40): Illuminate\\Foundation\\Http\\Middleware\\TransformsRequest->handle(Object(Illuminate\\Http\\Request), Object(Closure))
#49 /home/pentasof/hrcrm.testpentas.in/agent/application/vendor/laravel/framework/src/Illuminate/Pipeline/Pipeline.php(167): Illuminate\\Foundation\\Http\\Middleware\\TrimStrings->handle(Object(Illuminate\\Http\\Request), Object(Closure))
#50 /home/pentasof/hrcrm.testpentas.in/agent/application/vendor/laravel/framework/src/Illuminate/Foundation/Http/Middleware/ValidatePostSize.php(27): Illuminate\\Pipeline\\Pipeline->Illuminate\\Pipeline\\{closure}(Object(Illuminate\\Http\\Request))
#51 /home/pentasof/hrcrm.testpentas.in/agent/application/vendor/laravel/framework/src/Illuminate/Pipeline/Pipeline.php(167): Illuminate\\Foundation\\Http\\Middleware\\ValidatePostSize->handle(Object(Illuminate\\Http\\Request), Object(Closure))
#52 /home/pentasof/hrcrm.testpentas.in/agent/application/vendor/laravel/framework/src/Illuminate/Foundation/Http/Middleware/PreventRequestsDuringMaintenance.php(86): Illuminate\\Pipeline\\Pipeline->Illuminate\\Pipeline\\{closure}(Object(Illuminate\\Http\\Request))
#53 /home/pentasof/hrcrm.testpentas.in/agent/application/vendor/laravel/framework/src/Illuminate/Pipeline/Pipeline.php(167): Illuminate\\Foundation\\Http\\Middleware\\PreventRequestsDuringMaintenance->handle(Object(Illuminate\\Http\\Request), Object(Closure))
#54 /home/pentasof/hrcrm.testpentas.in/agent/application/vendor/laravel/framework/src/Illuminate/Pipeline/Pipeline.php(103): Illuminate\\Pipeline\\Pipeline->Illuminate\\Pipeline\\{closure}(Object(Illuminate\\Http\\Request))
#55 /home/pentasof/hrcrm.testpentas.in/agent/application/vendor/laravel/framework/src/Illuminate/Foundation/Http/Kernel.php(142): Illuminate\\Pipeline\\Pipeline->then(Object(Closure))
#56 /home/pentasof/hrcrm.testpentas.in/agent/application/vendor/laravel/framework/src/Illuminate/Foundation/Http/Kernel.php(111): Illuminate\\Foundation\\Http\\Kernel->sendRequestThroughRouter(Object(Illuminate\\Http\\Request))
#57 /home/pentasof/hrcrm.testpentas.in/agent/index.php(91): Illuminate\\Foundation\\Http\\Kernel->handle(Object(Illuminate\\Http\\Request))
#58 {main}
"} 
[2024-07-08 16:08:48] production.ERROR: permission denied {"process":"[permissions][settings][index]","ref":"80644d0","function":"handle","file":"Index.php","line":45,"path":"/home/pentasof/hrcrm.testpentas.in/agent/application/app/Http/Middleware/Settings/Index.php"} 
[2024-07-08 16:09:48] production.ERROR: purchase license key not provided {"process":"[updates]","0":"6d9bc85","function":"checkUpdates","file":"Updates.php","line":108,"path":"/home/pentasof/hrcrm.testpentas.in/agent/application/app/Http/Controllers/Settings/Updates.php"} 
[2024-07-08 17:09:41] production.ERROR: required information is missing (directory or filename) {"process":"[AttachmentRepository]","ref":"5ad3374","function":"processAvatar","file":"AttachmentRepository.php","line":177,"path":"/home/pentasof/hrcrm.testpentas.in/agent/application/app/Repositories/AttachmentRepository.php","data":{"directory":null,"filename":null}} 
[2024-07-09 06:08:26] production.ERROR: required information is missing (directory or filename) {"process":"[attachments-client-logo]","ref":"9fc7ad3","function":"processClientLogo","file":"AttachmentRepository.php","line":217,"path":"/home/pentasof/hrcrm.testpentas.in/staff/application/app/Repositories/AttachmentRepository.php","data":{"directory":null,"filename":null}} 
[2024-07-09 06:33:24] production.ERROR: syntax error, unexpected token "/" (View: /home/pentasof/hrcrm.testpentas.in/staff/application/resources/views/pages/tickets/components/table/ajax.blade.php) {"view":{"view":"/home/pentasof/hrcrm.testpentas.in/staff/application/resources/views/pages/tickets/components/table/ajax.blade.php","data":{"errors":"<pre class=sf-dump id=sf-dump-380587192 data-indent-pad=\"  \"><span class=sf-dump-note>Illuminate\\Support\\ViewErrorBag</span> {<a class=sf-dump-ref>#2486</a><samp data-depth=1 class=sf-dump-expanded>
  #<span class=sf-dump-protected title=\"Protected property\">bags</span>: []
</samp>}
</pre><script>Sfdump(\"sf-dump-380587192\", {\"maxDepth\":3,\"maxStringLength\":160})</script>
","page":"<pre class=sf-dump id=sf-dump-540660804 data-indent-pad=\"  \"><span class=sf-dump-note>array:16</span> [<samp data-depth=1 class=sf-dump-expanded>
  \"<span class=sf-dump-key>crumbs</span>\" => <span class=sf-dump-note>array:1</span> [<samp data-depth=2 class=sf-dump-compact>
    <span class=sf-dump-index>0</span> => \"<span class=sf-dump-str title=\"7 characters\">Tickets</span>\"
  </samp>]
  \"<span class=sf-dump-key>crumbs_special_class</span>\" => \"<span class=sf-dump-str title=\"17 characters\">list-pages-crumbs</span>\"
  \"<span class=sf-dump-key>page</span>\" => \"<span class=sf-dump-str title=\"7 characters\">tickets</span>\"
  \"<span class=sf-dump-key>no_results_message</span>\" => \"<span class=sf-dump-str title=\"28 characters\">Oops - No records were found</span>\"
  \"<span class=sf-dump-key>mainmenu_tickets</span>\" => \"<span class=sf-dump-str title=\"6 characters\">active</span>\"
  \"<span class=sf-dump-key>sidepanel_id</span>\" => \"<span class=sf-dump-str title=\"24 characters\">sidepanel-filter-tickets</span>\"
  \"<span class=sf-dump-key>dynamic_search_url</span>\" => \"<span class=sf-dump-str title=\"102 characters\">https://hrcrm.testpentas.in/staff/tickets/search?action=search&amp;ticketresource_id=&amp;ticketresource_type=</span>\"
  \"<span class=sf-dump-key>load_more_button_route</span>\" => \"<span class=sf-dump-str title=\"7 characters\">tickets</span>\"
  \"<span class=sf-dump-key>source</span>\" => \"<span class=sf-dump-str title=\"4 characters\">list</span>\"
  \"<span class=sf-dump-key>crumbs_col_size</span>\" => \"<span class=sf-dump-str title=\"8 characters\">col-lg-5</span>\"
  \"<span class=sf-dump-key>add_button_link_url</span>\" => \"<span class=sf-dump-str title=\"48 characters\">https://hrcrm.testpentas.in/staff/tickets/create</span>\"
  \"<span class=sf-dump-key>meta_title</span>\" => \"<span class=sf-dump-str title=\"7 characters\">Tickets</span>\"
  \"<span class=sf-dump-key>heading</span>\" => \"<span class=sf-dump-str title=\"7 characters\">Tickets</span>\"
  \"<span class=sf-dump-key>url</span>\" => \"<span class=sf-dump-str title=\"503 characters\">https://hrcrm.testpentas.in/staff/tickets?clientid=2&amp;filter_contract_clientid=2&amp;filter_bill_clientid=2&amp;filter_expense_clientid=2&amp;filter_file_clientid=2&amp;filter_payment_clientid=2&amp;filter_project_clientid=2&amp;filter_task_clientid=2&amp;filter_timer_clientid=2&amp;filter_ticket_clientid=2&amp;filter_subscription_clientid=2&amp;filter_proposal_clientid=2&amp;resource_query=ref%3Dlist&amp;customfields_type=tickets&amp;filter_show_standard_form_status=enabled&amp;filter_field_status=enabled&amp;sort_by=customfields_position&amp;page=2&amp;action=load</span>\"
  \"<span class=sf-dump-key>loading_target</span>\" => \"<span class=sf-dump-str title=\"20 characters\">tickets-td-container</span>\"
  \"<span class=sf-dump-key>visibility_show_load_more</span>\" => <span class=sf-dump-const>false</span>
</samp>]
</pre><script>Sfdump(\"sf-dump-540660804\", {\"maxDepth\":3,\"maxStringLength\":160})</script>
","tickets":"<pre class=sf-dump id=sf-dump-1989257636 data-indent-pad=\"  \"><span class=sf-dump-note>Illuminate\\Pagination\\LengthAwarePaginator</span> {<a class=sf-dump-ref>#2555</a><samp data-depth=1 class=sf-dump-expanded>
  #<span class=sf-dump-protected title=\"Protected property\">items</span>: <span class=sf-dump-note title=\"Illuminate\\Database\\Eloquent\\Collection
\"><span class=\"sf-dump-ellipsis sf-dump-ellipsis-note\">Illuminate\\Database\\Eloquent</span><span class=\"sf-dump-ellipsis sf-dump-ellipsis-note\">\\</span>Collection</span> {<a class=sf-dump-ref>#2552</a><samp data-depth=2 class=sf-dump-compact>
    #<span class=sf-dump-protected title=\"Protected property\">items</span>: <span class=sf-dump-note>array:1</span> [<samp data-depth=3 class=sf-dump-compact>
      <span class=sf-dump-index>0</span> => <span class=sf-dump-note title=\"App\\Models\\Ticket
\"><span class=\"sf-dump-ellipsis sf-dump-ellipsis-note\">App\\Models</span><span class=\"sf-dump-ellipsis sf-dump-ellipsis-note\">\\</span>Ticket</span> {<a class=sf-dump-ref>#2554</a> &#8230;30}
    </samp>]
    #<span class=sf-dump-protected title=\"Protected property\">escapeWhenCastingToString</span>: <span class=sf-dump-const>false</span>
  </samp>}
  #<span class=sf-dump-protected title=\"Protected property\">perPage</span>: <span class=sf-dump-num>35</span>
  #<span class=sf-dump-protected title=\"Protected property\">currentPage</span>: <span class=sf-dump-num>1</span>
  #<span class=sf-dump-protected title=\"Protected property\">path</span>: \"<span class=sf-dump-str title=\"41 characters\">https://hrcrm.testpentas.in/staff/tickets</span>\"
  #<span class=sf-dump-protected title=\"Protected property\">query</span>: []
  #<span class=sf-dump-protected title=\"Protected property\">fragment</span>: <span class=sf-dump-const>null</span>
  #<span class=sf-dump-protected title=\"Protected property\">pageName</span>: \"<span class=sf-dump-str title=\"4 characters\">page</span>\"
  +<span class=sf-dump-public title=\"Public property\">onEachSide</span>: <span class=sf-dump-num>3</span>
  #<span class=sf-dump-protected title=\"Protected property\">options</span>: <span class=sf-dump-note>array:2</span> [<samp data-depth=2 class=sf-dump-compact>
    \"<span class=sf-dump-key>path</span>\" => \"<span class=sf-dump-str title=\"41 characters\">https://hrcrm.testpentas.in/staff/tickets</span>\"
    \"<span class=sf-dump-key>pageName</span>\" => \"<span class=sf-dump-str title=\"4 characters\">page</span>\"
  </samp>]
  #<span class=sf-dump-protected title=\"Protected property\">total</span>: <span class=sf-dump-num>1</span>
  #<span class=sf-dump-protected title=\"Protected property\">lastPage</span>: <span class=sf-dump-num>1</span>
</samp>}
</pre><script>Sfdump(\"sf-dump-1989257636\", {\"maxDepth\":3,\"maxStringLength\":160})</script>
","stats":"<pre class=sf-dump id=sf-dump-443225662 data-indent-pad=\"  \"><span class=sf-dump-note>array:4</span> [<samp data-depth=1 class=sf-dump-expanded>
  <span class=sf-dump-index>0</span> => <span class=sf-dump-note>array:4</span> [<samp data-depth=2 class=sf-dump-compact>
    \"<span class=sf-dump-key>value</span>\" => <span class=sf-dump-num>1</span>
    \"<span class=sf-dump-key>title</span>\" => \"<span class=sf-dump-str title=\"4 characters\">Open</span>\"
    \"<span class=sf-dump-key>percentage</span>\" => \"<span class=sf-dump-str title=\"4 characters\">100%</span>\"
    \"<span class=sf-dump-key>color</span>\" => \"<span class=sf-dump-str title=\"7 characters\">bg-info</span>\"
  </samp>]
  <span class=sf-dump-index>1</span> => <span class=sf-dump-note>array:4</span> [<samp data-depth=2 class=sf-dump-compact>
    \"<span class=sf-dump-key>value</span>\" => <span class=sf-dump-num>0</span>
    \"<span class=sf-dump-key>title</span>\" => \"<span class=sf-dump-str title=\"7 characters\">On Hold</span>\"
    \"<span class=sf-dump-key>percentage</span>\" => \"<span class=sf-dump-str title=\"4 characters\">100%</span>\"
    \"<span class=sf-dump-key>color</span>\" => \"<span class=sf-dump-str title=\"10 characters\">bg-warning</span>\"
  </samp>]
  <span class=sf-dump-index>2</span> => <span class=sf-dump-note>array:4</span> [<samp data-depth=2 class=sf-dump-compact>
    \"<span class=sf-dump-key>value</span>\" => <span class=sf-dump-num>0</span>
    \"<span class=sf-dump-key>title</span>\" => \"<span class=sf-dump-str title=\"8 characters\">Answered</span>\"
    \"<span class=sf-dump-key>percentage</span>\" => \"<span class=sf-dump-str title=\"4 characters\">100%</span>\"
    \"<span class=sf-dump-key>color</span>\" => \"<span class=sf-dump-str title=\"10 characters\">bg-success</span>\"
  </samp>]
  <span class=sf-dump-index>3</span> => <span class=sf-dump-note>array:4</span> [<samp data-depth=2 class=sf-dump-compact>
    \"<span class=sf-dump-key>value</span>\" => <span class=sf-dump-num>0</span>
    \"<span class=sf-dump-key>title</span>\" => \"<span class=sf-dump-str title=\"6 characters\">Closed</span>\"
    \"<span class=sf-dump-key>percentage</span>\" => \"<span class=sf-dump-str title=\"4 characters\">100%</span>\"
    \"<span class=sf-dump-key>color</span>\" => \"<span class=sf-dump-str title=\"10 characters\">bg-default</span>\"
  </samp>]
</samp>]
</pre><script>Sfdump(\"sf-dump-443225662\", {\"maxDepth\":3,\"maxStringLength\":160})</script>
","categories":"<pre class=sf-dump id=sf-dump-422147658 data-indent-pad=\"  \"><span class=sf-dump-note>Illuminate\\Database\\Eloquent\\Collection</span> {<a class=sf-dump-ref>#2539</a><samp data-depth=1 class=sf-dump-expanded>
  #<span class=sf-dump-protected title=\"Protected property\">items</span>: <span class=sf-dump-note>array:1</span> [<samp data-depth=2 class=sf-dump-compact>
    <span class=sf-dump-index>0</span> => <span class=sf-dump-note title=\"App\\Models\\Category
\"><span class=\"sf-dump-ellipsis sf-dump-ellipsis-note\">App\\Models</span><span class=\"sf-dump-ellipsis sf-dump-ellipsis-note\">\\</span>Category</span> {<a class=sf-dump-ref>#2538</a><samp data-depth=3 class=sf-dump-compact>
      #<span class=sf-dump-protected title=\"Protected property\">connection</span>: \"<span class=sf-dump-str title=\"5 characters\">mysql</span>\"
      #<span class=sf-dump-protected title=\"Protected property\">table</span>: \"<span class=sf-dump-str title=\"10 characters\">categories</span>\"
      #<span class=sf-dump-protected title=\"Protected property\">primaryKey</span>: \"<span class=sf-dump-str title=\"11 characters\">category_id</span>\"
      #<span class=sf-dump-protected title=\"Protected property\">keyType</span>: \"<span class=sf-dump-str title=\"3 characters\">int</span>\"
      +<span class=sf-dump-public title=\"Public property\">incrementing</span>: <span class=sf-dump-const>true</span>
      #<span class=sf-dump-protected title=\"Protected property\">with</span>: []
      #<span class=sf-dump-protected title=\"Protected property\">withCount</span>: []
      +<span class=sf-dump-public title=\"Public property\">preventsLazyLoading</span>: <span class=sf-dump-const>false</span>
      #<span class=sf-dump-protected title=\"Protected property\">perPage</span>: <span class=sf-dump-num>15</span>
      +<span class=sf-dump-public title=\"Public property\">exists</span>: <span class=sf-dump-const>true</span>
      +<span class=sf-dump-public title=\"Public property\">wasRecentlyCreated</span>: <span class=sf-dump-const>false</span>
      #<span class=sf-dump-protected title=\"Protected property\">escapeWhenCastingToString</span>: <span class=sf-dump-const>false</span>
      #<span class=sf-dump-protected title=\"Protected property\">attributes</span>: <span class=sf-dump-note>array:11</span> [ &#8230;11]
      #<span class=sf-dump-protected title=\"Protected property\">original</span>: <span class=sf-dump-note>array:11</span> [ &#8230;11]
      #<span class=sf-dump-protected title=\"Protected property\">changes</span>: []
      #<span class=sf-dump-protected title=\"Protected property\">casts</span>: []
      #<span class=sf-dump-protected title=\"Protected property\">classCastCache</span>: []
      #<span class=sf-dump-protected title=\"Protected property\">attributeCastCache</span>: []
      #<span class=sf-dump-protected title=\"Protected property\">dates</span>: []
      #<span class=sf-dump-protected title=\"Protected property\">dateFormat</span>: \"<span class=sf-dump-str title=\"11 characters\">Y-m-d H:i:s</span>\"
      #<span class=sf-dump-protected title=\"Protected property\">appends</span>: []
      #<span class=sf-dump-protected title=\"Protected property\">dispatchesEvents</span>: []
      #<span class=sf-dump-protected title=\"Protected property\">observables</span>: []
      #<span class=sf-dump-protected title=\"Protected property\">relations</span>: []
      #<span class=sf-dump-protected title=\"Protected property\">touches</span>: []
      +<span class=sf-dump-public title=\"Public property\">timestamps</span>: <span class=sf-dump-const>true</span>
      #<span class=sf-dump-protected title=\"Protected property\">hidden</span>: []
      #<span class=sf-dump-protected title=\"Protected property\">visible</span>: []
      #<span class=sf-dump-protected title=\"Protected property\">fillable</span>: []
      #<span class=sf-dump-protected title=\"Protected property\">guarded</span>: <span class=sf-dump-note>array:1</span> [ &#8230;1]
    </samp>}
  </samp>]
  #<span class=sf-dump-protected title=\"Protected property\">escapeWhenCastingToString</span>: <span class=sf-dump-const>false</span>
</samp>}
</pre><script>Sfdump(\"sf-dump-422147658\", {\"maxDepth\":3,\"maxStringLength\":160})</script>
","fields":"<pre class=sf-dump id=sf-dump-1144733471 data-indent-pad=\"  \"><span class=sf-dump-note>Illuminate\\Pagination\\LengthAwarePaginator</span> {<a class=sf-dump-ref>#2570</a><samp data-depth=1 class=sf-dump-expanded>
  #<span class=sf-dump-protected title=\"Protected property\">items</span>: <span class=sf-dump-note title=\"Illuminate\\Database\\Eloquent\\Collection
\"><span class=\"sf-dump-ellipsis sf-dump-ellipsis-note\">Illuminate\\Database\\Eloquent</span><span class=\"sf-dump-ellipsis sf-dump-ellipsis-note\">\\</span>Collection</span> {<a class=sf-dump-ref>#2540</a><samp data-depth=2 class=sf-dump-compact>
    #<span class=sf-dump-protected title=\"Protected property\">items</span>: []
    #<span class=sf-dump-protected title=\"Protected property\">escapeWhenCastingToString</span>: <span class=sf-dump-const>false</span>
  </samp>}
  #<span class=sf-dump-protected title=\"Protected property\">perPage</span>: <span class=sf-dump-num>1000</span>
  #<span class=sf-dump-protected title=\"Protected property\">currentPage</span>: <span class=sf-dump-num>1</span>
  #<span class=sf-dump-protected title=\"Protected property\">path</span>: \"<span class=sf-dump-str title=\"41 characters\">https://hrcrm.testpentas.in/staff/tickets</span>\"
  #<span class=sf-dump-protected title=\"Protected property\">query</span>: []
  #<span class=sf-dump-protected title=\"Protected property\">fragment</span>: <span class=sf-dump-const>null</span>
  #<span class=sf-dump-protected title=\"Protected property\">pageName</span>: \"<span class=sf-dump-str title=\"4 characters\">page</span>\"
  +<span class=sf-dump-public title=\"Public property\">onEachSide</span>: <span class=sf-dump-num>3</span>
  #<span class=sf-dump-protected title=\"Protected property\">options</span>: <span class=sf-dump-note>array:2</span> [<samp data-depth=2 class=sf-dump-compact>
    \"<span class=sf-dump-key>path</span>\" => \"<span class=sf-dump-str title=\"41 characters\">https://hrcrm.testpentas.in/staff/tickets</span>\"
    \"<span class=sf-dump-key>pageName</span>\" => \"<span class=sf-dump-str title=\"4 characters\">page</span>\"
  </samp>]
  #<span class=sf-dump-protected title=\"Protected property\">total</span>: <span class=sf-dump-num>0</span>
  #<span class=sf-dump-protected title=\"Protected property\">lastPage</span>: <span class=sf-dump-num>1</span>
</samp>}
</pre><script>Sfdump(\"sf-dump-1144733471\", {\"maxDepth\":3,\"maxStringLength\":160})</script>
","statuses":"<pre class=sf-dump id=sf-dump-281864541 data-indent-pad=\"  \"><span class=sf-dump-note>Illuminate\\Database\\Eloquent\\Collection</span> {<a class=sf-dump-ref>#2560</a><samp data-depth=1 class=sf-dump-expanded>
  #<span class=sf-dump-protected title=\"Protected property\">items</span>: <span class=sf-dump-note>array:4</span> [<samp data-depth=2 class=sf-dump-compact>
    <span class=sf-dump-index>0</span> => <span class=sf-dump-note title=\"App\\Models\\TicketStatus
\"><span class=\"sf-dump-ellipsis sf-dump-ellipsis-note\">App\\Models</span><span class=\"sf-dump-ellipsis sf-dump-ellipsis-note\">\\</span>TicketStatus</span> {<a class=sf-dump-ref>#2545</a><samp data-depth=3 class=sf-dump-compact>
      #<span class=sf-dump-protected title=\"Protected property\">connection</span>: \"<span class=sf-dump-str title=\"5 characters\">mysql</span>\"
      #<span class=sf-dump-protected title=\"Protected property\">table</span>: \"<span class=sf-dump-str title=\"14 characters\">tickets_status</span>\"
      #<span class=sf-dump-protected title=\"Protected property\">primaryKey</span>: \"<span class=sf-dump-str title=\"15 characters\">ticketstatus_id</span>\"
      #<span class=sf-dump-protected title=\"Protected property\">keyType</span>: \"<span class=sf-dump-str title=\"3 characters\">int</span>\"
      +<span class=sf-dump-public title=\"Public property\">incrementing</span>: <span class=sf-dump-const>true</span>
      #<span class=sf-dump-protected title=\"Protected property\">with</span>: []
      #<span class=sf-dump-protected title=\"Protected property\">withCount</span>: []
      +<span class=sf-dump-public title=\"Public property\">preventsLazyLoading</span>: <span class=sf-dump-const>false</span>
      #<span class=sf-dump-protected title=\"Protected property\">perPage</span>: <span class=sf-dump-num>15</span>
      +<span class=sf-dump-public title=\"Public property\">exists</span>: <span class=sf-dump-const>true</span>
      +<span class=sf-dump-public title=\"Public property\">wasRecentlyCreated</span>: <span class=sf-dump-const>false</span>
      #<span class=sf-dump-protected title=\"Protected property\">escapeWhenCastingToString</span>: <span class=sf-dump-const>false</span>
      #<span class=sf-dump-protected title=\"Protected property\">attributes</span>: <span class=sf-dump-note>array:10</span> [ &#8230;10]
      #<span class=sf-dump-protected title=\"Protected property\">original</span>: <span class=sf-dump-note>array:10</span> [ &#8230;10]
      #<span class=sf-dump-protected title=\"Protected property\">changes</span>: []
      #<span class=sf-dump-protected title=\"Protected property\">casts</span>: []
      #<span class=sf-dump-protected title=\"Protected property\">classCastCache</span>: []
      #<span class=sf-dump-protected title=\"Protected property\">attributeCastCache</span>: []
      #<span class=sf-dump-protected title=\"Protected property\">dates</span>: []
      #<span class=sf-dump-protected title=\"Protected property\">dateFormat</span>: \"<span class=sf-dump-str title=\"11 characters\">Y-m-d H:i:s</span>\"
      #<span class=sf-dump-protected title=\"Protected property\">appends</span>: []
      #<span class=sf-dump-protected title=\"Protected property\">dispatchesEvents</span>: []
      #<span class=sf-dump-protected title=\"Protected property\">observables</span>: []
      #<span class=sf-dump-protected title=\"Protected property\">relations</span>: []
      #<span class=sf-dump-protected title=\"Protected property\">touches</span>: []
      +<span class=sf-dump-public title=\"Public property\">timestamps</span>: <span class=sf-dump-const>true</span>
      #<span class=sf-dump-protected title=\"Protected property\">hidden</span>: []
      #<span class=sf-dump-protected title=\"Protected property\">visible</span>: []
      #<span class=sf-dump-protected title=\"Protected property\">fillable</span>: []
      #<span class=sf-dump-protected title=\"Protected property\">guarded</span>: <span class=sf-dump-note>array:1</span> [ &#8230;1]
    </samp>}
    <span class=sf-dump-index>1</span> => <span class=sf-dump-note title=\"App\\Models\\TicketStatus
\"><span class=\"sf-dump-ellipsis sf-dump-ellipsis-note\">App\\Models</span><span class=\"sf-dump-ellipsis sf-dump-ellipsis-note\">\\</span>TicketStatus</span> {<a class=sf-dump-ref>#2550</a><samp data-depth=3 class=sf-dump-compact>
      #<span class=sf-dump-protected title=\"Protected property\">connection</span>: \"<span class=sf-dump-str title=\"5 characters\">mysql</span>\"
      #<span class=sf-dump-protected title=\"Protected property\">table</span>: \"<span class=sf-dump-str title=\"14 characters\">tickets_status</span>\"
      #<span class=sf-dump-protected title=\"Protected property\">primaryKey</span>: \"<span class=sf-dump-str title=\"15 characters\">ticketstatus_id</span>\"
      #<span class=sf-dump-protected title=\"Protected property\">keyType</span>: \"<span class=sf-dump-str title=\"3 characters\">int</span>\"
      +<span class=sf-dump-public title=\"Public property\">incrementing</span>: <span class=sf-dump-const>true</span>
      #<span class=sf-dump-protected title=\"Protected property\">with</span>: []
      #<span class=sf-dump-protected title=\"Protected property\">withCount</span>: []
      +<span class=sf-dump-public title=\"Public property\">preventsLazyLoading</span>: <span class=sf-dump-const>false</span>
      #<span class=sf-dump-protected title=\"Protected property\">perPage</span>: <span class=sf-dump-num>15</span>
      +<span class=sf-dump-public title=\"Public property\">exists</span>: <span class=sf-dump-const>true</span>
      +<span class=sf-dump-public title=\"Public property\">wasRecentlyCreated</span>: <span class=sf-dump-const>false</span>
      #<span class=sf-dump-protected title=\"Protected property\">escapeWhenCastingToString</span>: <span class=sf-dump-const>false</span>
      #<span class=sf-dump-protected title=\"Protected property\">attributes</span>: <span class=sf-dump-note>array:10</span> [ &#8230;10]
      #<span class=sf-dump-protected title=\"Protected property\">original</span>: <span class=sf-dump-note>array:10</span> [ &#8230;10]
      #<span class=sf-dump-protected title=\"Protected property\">changes</span>: []
      #<span class=sf-dump-protected title=\"Protected property\">casts</span>: []
      #<span class=sf-dump-protected title=\"Protected property\">classCastCache</span>: []
      #<span class=sf-dump-protected title=\"Protected property\">attributeCastCache</span>: []
      #<span class=sf-dump-protected title=\"Protected property\">dates</span>: []
      #<span class=sf-dump-protected title=\"Protected property\">dateFormat</span>: \"<span class=sf-dump-str title=\"11 characters\">Y-m-d H:i:s</span>\"
      #<span class=sf-dump-protected title=\"Protected property\">appends</span>: []
      #<span class=sf-dump-protected title=\"Protected property\">dispatchesEvents</span>: []
      #<span class=sf-dump-protected title=\"Protected property\">observables</span>: []
      #<span class=sf-dump-protected title=\"Protected property\">relations</span>: []
      #<span class=sf-dump-protected title=\"Protected property\">touches</span>: []
      +<span class=sf-dump-public title=\"Public property\">timestamps</span>: <span class=sf-dump-const>true</span>
      #<span class=sf-dump-protected title=\"Protected property\">hidden</span>: []
      #<span class=sf-dump-protected title=\"Protected property\">visible</span>: []
      #<span class=sf-dump-protected title=\"Protected property\">fillable</span>: []
      #<span class=sf-dump-protected title=\"Protected property\">guarded</span>: <span class=sf-dump-note>array:1</span> [ &#8230;1]
    </samp>}
    <span class=sf-dump-index>2</span> => <span class=sf-dump-note title=\"App\\Models\\TicketStatus
\"><span class=\"sf-dump-ellipsis sf-dump-ellipsis-note\">App\\Models</span><span class=\"sf-dump-ellipsis sf-dump-ellipsis-note\">\\</span>TicketStatus</span> {<a class=sf-dump-ref>#2549</a><samp data-depth=3 class=sf-dump-compact>
      #<span class=sf-dump-protected title=\"Protected property\">connection</span>: \"<span class=sf-dump-str title=\"5 characters\">mysql</span>\"
      #<span class=sf-dump-protected title=\"Protected property\">table</span>: \"<span class=sf-dump-str title=\"14 characters\">tickets_status</span>\"
      #<span class=sf-dump-protected title=\"Protected property\">primaryKey</span>: \"<span class=sf-dump-str title=\"15 characters\">ticketstatus_id</span>\"
      #<span class=sf-dump-protected title=\"Protected property\">keyType</span>: \"<span class=sf-dump-str title=\"3 characters\">int</span>\"
      +<span class=sf-dump-public title=\"Public property\">incrementing</span>: <span class=sf-dump-const>true</span>
      #<span class=sf-dump-protected title=\"Protected property\">with</span>: []
      #<span class=sf-dump-protected title=\"Protected property\">withCount</span>: []
      +<span class=sf-dump-public title=\"Public property\">preventsLazyLoading</span>: <span class=sf-dump-const>false</span>
      #<span class=sf-dump-protected title=\"Protected property\">perPage</span>: <span class=sf-dump-num>15</span>
      +<span class=sf-dump-public title=\"Public property\">exists</span>: <span class=sf-dump-const>true</span>
      +<span class=sf-dump-public title=\"Public property\">wasRecentlyCreated</span>: <span class=sf-dump-const>false</span>
      #<span class=sf-dump-protected title=\"Protected property\">escapeWhenCastingToString</span>: <span class=sf-dump-const>false</span>
      #<span class=sf-dump-protected title=\"Protected property\">attributes</span>: <span class=sf-dump-note>array:10</span> [ &#8230;10]
      #<span class=sf-dump-protected title=\"Protected property\">original</span>: <span class=sf-dump-note>array:10</span> [ &#8230;10]
      #<span class=sf-dump-protected title=\"Protected property\">changes</span>: []
      #<span class=sf-dump-protected title=\"Protected property\">casts</span>: []
      #<span class=sf-dump-protected title=\"Protected property\">classCastCache</span>: []
      #<span class=sf-dump-protected title=\"Protected property\">attributeCastCache</span>: []
      #<span class=sf-dump-protected title=\"Protected property\">dates</span>: []
      #<span class=sf-dump-protected title=\"Protected property\">dateFormat</span>: \"<span class=sf-dump-str title=\"11 characters\">Y-m-d H:i:s</span>\"
      #<span class=sf-dump-protected title=\"Protected property\">appends</span>: []
      #<span class=sf-dump-protected title=\"Protected property\">dispatchesEvents</span>: []
      #<span class=sf-dump-protected title=\"Protected property\">observables</span>: []
      #<span class=sf-dump-protected title=\"Protected property\">relations</span>: []
      #<span class=sf-dump-protected title=\"Protected property\">touches</span>: []
      +<span class=sf-dump-public title=\"Public property\">timestamps</span>: <span class=sf-dump-const>true</span>
      #<span class=sf-dump-protected title=\"Protected property\">hidden</span>: []
      #<span class=sf-dump-protected title=\"Protected property\">visible</span>: []
      #<span class=sf-dump-protected title=\"Protected property\">fillable</span>: []
      #<span class=sf-dump-protected title=\"Protected property\">guarded</span>: <span class=sf-dump-note>array:1</span> [ &#8230;1]
    </samp>}
    <span class=sf-dump-index>3</span> => <span class=sf-dump-note title=\"App\\Models\\TicketStatus
\"><span class=\"sf-dump-ellipsis sf-dump-ellipsis-note\">App\\Models</span><span class=\"sf-dump-ellipsis sf-dump-ellipsis-note\">\\</span>TicketStatus</span> {<a class=sf-dump-ref>#2548</a><samp data-depth=3 class=sf-dump-compact>
      #<span class=sf-dump-protected title=\"Protected property\">connection</span>: \"<span class=sf-dump-str title=\"5 characters\">mysql</span>\"
      #<span class=sf-dump-protected title=\"Protected property\">table</span>: \"<span class=sf-dump-str title=\"14 characters\">tickets_status</span>\"
      #<span class=sf-dump-protected title=\"Protected property\">primaryKey</span>: \"<span class=sf-dump-str title=\"15 characters\">ticketstatus_id</span>\"
      #<span class=sf-dump-protected title=\"Protected property\">keyType</span>: \"<span class=sf-dump-str title=\"3 characters\">int</span>\"
      +<span class=sf-dump-public title=\"Public property\">incrementing</span>: <span class=sf-dump-const>true</span>
      #<span class=sf-dump-protected title=\"Protected property\">with</span>: []
      #<span class=sf-dump-protected title=\"Protected property\">withCount</span>: []
      +<span class=sf-dump-public title=\"Public property\">preventsLazyLoading</span>: <span class=sf-dump-const>false</span>
      #<span class=sf-dump-protected title=\"Protected property\">perPage</span>: <span class=sf-dump-num>15</span>
      +<span class=sf-dump-public title=\"Public property\">exists</span>: <span class=sf-dump-const>true</span>
      +<span class=sf-dump-public title=\"Public property\">wasRecentlyCreated</span>: <span class=sf-dump-const>false</span>
      #<span class=sf-dump-protected title=\"Protected property\">escapeWhenCastingToString</span>: <span class=sf-dump-const>false</span>
      #<span class=sf-dump-protected title=\"Protected property\">attributes</span>: <span class=sf-dump-note>array:10</span> [ &#8230;10]
      #<span class=sf-dump-protected title=\"Protected property\">original</span>: <span class=sf-dump-note>array:10</span> [ &#8230;10]
      #<span class=sf-dump-protected title=\"Protected property\">changes</span>: []
      #<span class=sf-dump-protected title=\"Protected property\">casts</span>: []
      #<span class=sf-dump-protected title=\"Protected property\">classCastCache</span>: []
      #<span class=sf-dump-protected title=\"Protected property\">attributeCastCache</span>: []
      #<span class=sf-dump-protected title=\"Protected property\">dates</span>: []
      #<span class=sf-dump-protected title=\"Protected property\">dateFormat</span>: \"<span class=sf-dump-str title=\"11 characters\">Y-m-d H:i:s</span>\"
      #<span class=sf-dump-protected title=\"Protected property\">appends</span>: []
      #<span class=sf-dump-protected title=\"Protected property\">dispatchesEvents</span>: []
      #<span class=sf-dump-protected title=\"Protected property\">observables</span>: []
      #<span class=sf-dump-protected title=\"Protected property\">relations</span>: []
      #<span class=sf-dump-protected title=\"Protected property\">touches</span>: []
      +<span class=sf-dump-public title=\"Public property\">timestamps</span>: <span class=sf-dump-const>true</span>
      #<span class=sf-dump-protected title=\"Protected property\">hidden</span>: []
      #<span class=sf-dump-protected title=\"Protected property\">visible</span>: []
      #<span class=sf-dump-protected title=\"Protected property\">fillable</span>: []
      #<span class=sf-dump-protected title=\"Protected property\">guarded</span>: <span class=sf-dump-note>array:1</span> [ &#8230;1]
    </samp>}
  </samp>]
  #<span class=sf-dump-protected title=\"Protected property\">escapeWhenCastingToString</span>: <span class=sf-dump-const>false</span>
</samp>}
</pre><script>Sfdump(\"sf-dump-281864541\", {\"maxDepth\":3,\"maxStringLength\":160})</script>
"}},"userId":3,"exception":"[object] (Facade\\Ignition\\Exceptions\\ViewException(code: 0): syntax error, unexpected token \"/\" (View: /home/pentasof/hrcrm.testpentas.in/staff/application/resources/views/pages/tickets/components/table/ajax.blade.php) at /home/pentasof/hrcrm.testpentas.in/staff/application/resources/views/pages/tickets/components/table/ajax.blade.php:17)
[stacktrace]
#0 /home/pentasof/hrcrm.testpentas.in/staff/application/vendor/laravel/framework/src/Illuminate/Filesystem/Filesystem.php(108): Illuminate\\Filesystem\\Filesystem::Illuminate\\Filesystem\\{closure}()
#1 /home/pentasof/hrcrm.testpentas.in/staff/application/vendor/laravel/framework/src/Illuminate/View/Engines/PhpEngine.php(58): Illuminate\\Filesystem\\Filesystem->getRequire('/home/pentasof/...', Array)
#2 /home/pentasof/hrcrm.testpentas.in/staff/application/vendor/laravel/framework/src/Illuminate/View/Engines/CompilerEngine.php(61): Illuminate\\View\\Engines\\PhpEngine->evaluatePath('/home/pentasof/...', Array)
#3 /home/pentasof/hrcrm.testpentas.in/staff/application/vendor/facade/ignition/src/Views/Engines/CompilerEngine.php(37): Illuminate\\View\\Engines\\CompilerEngine->get('/home/pentasof/...', Array)
#4 /home/pentasof/hrcrm.testpentas.in/staff/application/vendor/laravel/framework/src/Illuminate/View/View.php(139): Facade\\Ignition\\Views\\Engines\\CompilerEngine->get('/home/pentasof/...', Array)
#5 /home/pentasof/hrcrm.testpentas.in/staff/application/vendor/laravel/framework/src/Illuminate/View/View.php(122): Illuminate\\View\\View->getContents()
#6 /home/pentasof/hrcrm.testpentas.in/staff/application/vendor/laravel/framework/src/Illuminate/View/View.php(91): Illuminate\\View\\View->renderContents()
#7 /home/pentasof/hrcrm.testpentas.in/staff/application/resources/views/pages/tickets/components/table/table.blade.php(69): Illuminate\\View\\View->render()
#8 /home/pentasof/hrcrm.testpentas.in/staff/application/vendor/laravel/framework/src/Illuminate/Filesystem/Filesystem.php(107): require('/home/pentasof/...')
#9 /home/pentasof/hrcrm.testpentas.in/staff/application/vendor/laravel/framework/src/Illuminate/Filesystem/Filesystem.php(108): Illuminate\\Filesystem\\Filesystem::Illuminate\\Filesystem\\{closure}()
#10 /home/pentasof/hrcrm.testpentas.in/staff/application/vendor/laravel/framework/src/Illuminate/View/Engines/PhpEngine.php(58): Illuminate\\Filesystem\\Filesystem->getRequire('/home/pentasof/...', Array)
#11 /home/pentasof/hrcrm.testpentas.in/staff/application/vendor/laravel/framework/src/Illuminate/View/Engines/CompilerEngine.php(61): Illuminate\\View\\Engines\\PhpEngine->evaluatePath('/home/pentasof/...', Array)
#12 /home/pentasof/hrcrm.testpentas.in/staff/application/vendor/facade/ignition/src/Views/Engines/CompilerEngine.php(37): Illuminate\\View\\Engines\\CompilerEngine->get('/home/pentasof/...', Array)
#13 /home/pentasof/hrcrm.testpentas.in/staff/application/vendor/laravel/framework/src/Illuminate/View/View.php(139): Facade\\Ignition\\Views\\Engines\\CompilerEngine->get('/home/pentasof/...', Array)
#14 /home/pentasof/hrcrm.testpentas.in/staff/application/vendor/laravel/framework/src/Illuminate/View/View.php(122): Illuminate\\View\\View->getContents()
#15 /home/pentasof/hrcrm.testpentas.in/staff/application/vendor/laravel/framework/src/Illuminate/View/View.php(91): Illuminate\\View\\View->renderContents()
#16 /home/pentasof/hrcrm.testpentas.in/staff/application/resources/views/pages/tickets/components/table/wrapper.blade.php(2): Illuminate\\View\\View->render()
#17 /home/pentasof/hrcrm.testpentas.in/staff/application/vendor/laravel/framework/src/Illuminate/Filesystem/Filesystem.php(107): require('/home/pentasof/...')
#18 /home/pentasof/hrcrm.testpentas.in/staff/application/vendor/laravel/framework/src/Illuminate/Filesystem/Filesystem.php(108): Illuminate\\Filesystem\\Filesystem::Illuminate\\Filesystem\\{closure}()
#19 /home/pentasof/hrcrm.testpentas.in/staff/application/vendor/laravel/framework/src/Illuminate/View/Engines/PhpEngine.php(58): Illuminate\\Filesystem\\Filesystem->getRequire('/home/pentasof/...', Array)
#20 /home/pentasof/hrcrm.testpentas.in/staff/application/vendor/laravel/framework/src/Illuminate/View/Engines/CompilerEngine.php(61): Illuminate\\View\\Engines\\PhpEngine->evaluatePath('/home/pentasof/...', Array)
#21 /home/pentasof/hrcrm.testpentas.in/staff/application/vendor/facade/ignition/src/Views/Engines/CompilerEngine.php(37): Illuminate\\View\\Engines\\CompilerEngine->get('/home/pentasof/...', Array)
#22 /home/pentasof/hrcrm.testpentas.in/staff/application/vendor/laravel/framework/src/Illuminate/View/View.php(139): Facade\\Ignition\\Views\\Engines\\CompilerEngine->get('/home/pentasof/...', Array)
#23 /home/pentasof/hrcrm.testpentas.in/staff/application/vendor/laravel/framework/src/Illuminate/View/View.php(122): Illuminate\\View\\View->getContents()
#24 /home/pentasof/hrcrm.testpentas.in/staff/application/vendor/laravel/framework/src/Illuminate/View/View.php(91): Illuminate\\View\\View->renderContents()
#25 /home/pentasof/hrcrm.testpentas.in/staff/application/resources/views/pages/tickets/wrapper.blade.php(33): Illuminate\\View\\View->render()
#26 /home/pentasof/hrcrm.testpentas.in/staff/application/vendor/laravel/framework/src/Illuminate/Filesystem/Filesystem.php(107): require('/home/pentasof/...')
#27 /home/pentasof/hrcrm.testpentas.in/staff/application/vendor/laravel/framework/src/Illuminate/Filesystem/Filesystem.php(108): Illuminate\\Filesystem\\Filesystem::Illuminate\\Filesystem\\{closure}()
#28 /home/pentasof/hrcrm.testpentas.in/staff/application/vendor/laravel/framework/src/Illuminate/View/Engines/PhpEngine.php(58): Illuminate\\Filesystem\\Filesystem->getRequire('/home/pentasof/...', Array)
#29 /home/pentasof/hrcrm.testpentas.in/staff/application/vendor/laravel/framework/src/Illuminate/View/Engines/CompilerEngine.php(61): Illuminate\\View\\Engines\\PhpEngine->evaluatePath('/home/pentasof/...', Array)
#30 /home/pentasof/hrcrm.testpentas.in/staff/application/vendor/facade/ignition/src/Views/Engines/CompilerEngine.php(37): Illuminate\\View\\Engines\\CompilerEngine->get('/home/pentasof/...', Array)
#31 /home/pentasof/hrcrm.testpentas.in/staff/application/vendor/laravel/framework/src/Illuminate/View/View.php(139): Facade\\Ignition\\Views\\Engines\\CompilerEngine->get('/home/pentasof/...', Array)
#32 /home/pentasof/hrcrm.testpentas.in/staff/application/vendor/laravel/framework/src/Illuminate/View/View.php(122): Illuminate\\View\\View->getContents()
#33 /home/pentasof/hrcrm.testpentas.in/staff/application/vendor/laravel/framework/src/Illuminate/View/View.php(91): Illuminate\\View\\View->renderContents()
#34 /home/pentasof/hrcrm.testpentas.in/staff/application/app/Http/Responses/Tickets/IndexResponse.php(168): Illuminate\\View\\View->render()
#35 /home/pentasof/hrcrm.testpentas.in/staff/application/vendor/laravel/framework/src/Illuminate/Routing/Router.php(802): App\\Http\\Responses\\Tickets\\IndexResponse->toResponse(Object(Illuminate\\Http\\Request))
#36 /home/pentasof/hrcrm.testpentas.in/staff/application/vendor/laravel/framework/src/Illuminate/Routing/Router.php(789): Illuminate\\Routing\\Router::toResponse(Object(Illuminate\\Http\\Request), Object(App\\Http\\Responses\\Tickets\\IndexResponse))
#37 /home/pentasof/hrcrm.testpentas.in/staff/application/vendor/laravel/framework/src/Illuminate/Routing/Router.php(720): Illuminate\\Routing\\Router->prepareResponse(Object(Illuminate\\Http\\Request), Object(App\\Http\\Responses\\Tickets\\IndexResponse))
#38 /home/pentasof/hrcrm.testpentas.in/staff/application/vendor/laravel/framework/src/Illuminate/Pipeline/Pipeline.php(128): Illuminate\\Routing\\Router->Illuminate\\Routing\\{closure}(Object(Illuminate\\Http\\Request))
#39 /home/pentasof/hrcrm.testpentas.in/staff/application/app/Http/Middleware/Tickets/Index.php(50): Illuminate\\Pipeline\\Pipeline->Illuminate\\Pipeline\\{closure}(Object(Illuminate\\Http\\Request))
#40 /home/pentasof/hrcrm.testpentas.in/staff/application/vendor/laravel/framework/src/Illuminate/Pipeline/Pipeline.php(167): App\\Http\\Middleware\\Tickets\\Index->handle(Object(Illuminate\\Http\\Request), Object(Closure))
#41 /home/pentasof/hrcrm.testpentas.in/staff/application/app/Http/Middleware/Modules/Menus.php(34): Illuminate\\Pipeline\\Pipeline->Illuminate\\Pipeline\\{closure}(Object(Illuminate\\Http\\Request))
#42 /home/pentasof/hrcrm.testpentas.in/staff/application/vendor/laravel/framework/src/Illuminate/Pipeline/Pipeline.php(167): App\\Http\\Middleware\\Modules\\Menus->handle(Object(Illuminate\\Http\\Request), Object(Closure))
#43 /home/pentasof/hrcrm.testpentas.in/staff/application/app/Http/Middleware/Modules/Visibility.php(55): Illuminate\\Pipeline\\Pipeline->Illuminate\\Pipeline\\{closure}(Object(Illuminate\\Http\\Request))
#44 /home/pentasof/hrcrm.testpentas.in/staff/application/vendor/laravel/framework/src/Illuminate/Pipeline/Pipeline.php(167): App\\Http\\Middleware\\Modules\\Visibility->handle(Object(Illuminate\\Http\\Request), Object(Closure))
#45 /home/pentasof/hrcrm.testpentas.in/staff/application/app/Http/Middleware/Modules/Status.php(59): Illuminate\\Pipeline\\Pipeline->Illuminate\\Pipeline\\{closure}(Object(Illuminate\\Http\\Request))
#46 /home/pentasof/hrcrm.testpentas.in/staff/application/vendor/laravel/framework/src/Illuminate/Pipeline/Pipeline.php(167): App\\Http\\Middleware\\Modules\\Status->handle(Object(Illuminate\\Http\\Request), Object(Closure))
#47 /home/pentasof/hrcrm.testpentas.in/staff/application/app/Http/Middleware/General/General.php(103): Illuminate\\Pipeline\\Pipeline->Illuminate\\Pipeline\\{closure}(Object(Illuminate\\Http\\Request))
#48 /home/pentasof/hrcrm.testpentas.in/staff/application/vendor/laravel/framework/src/Illuminate/Pipeline/Pipeline.php(167): App\\Http\\Middleware\\General\\General->handle(Object(Illuminate\\Http\\Request), Object(Closure))
#49 /home/pentasof/hrcrm.testpentas.in/staff/application/app/Http/Middleware/General/SanityCheck.php(45): Illuminate\\Pipeline\\Pipeline->Illuminate\\Pipeline\\{closure}(Object(Illuminate\\Http\\Request))
#50 /home/pentasof/hrcrm.testpentas.in/staff/application/vendor/laravel/framework/src/Illuminate/Pipeline/Pipeline.php(167): App\\Http\\Middleware\\General\\SanityCheck->handle(Object(Illuminate\\Http\\Request), Object(Closure))
#51 /home/pentasof/hrcrm.testpentas.in/staff/application/app/Http/Middleware/General/Settings.php(47): Illuminate\\Pipeline\\Pipeline->Illuminate\\Pipeline\\{closure}(Object(Illuminate\\Http\\Request))
#52 /home/pentasof/hrcrm.testpentas.in/staff/application/vendor/laravel/framework/src/Illuminate/Pipeline/Pipeline.php(167): App\\Http\\Middleware\\General\\Settings->handle(Object(Illuminate\\Http\\Request), Object(Closure))
#53 /home/pentasof/hrcrm.testpentas.in/staff/application/vendor/laravel/framework/src/Illuminate/Routing/Middleware/SubstituteBindings.php(50): Illuminate\\Pipeline\\Pipeline->Illuminate\\Pipeline\\{closure}(Object(Illuminate\\Http\\Request))
#54 /home/pentasof/hrcrm.testpentas.in/staff/application/vendor/laravel/framework/src/Illuminate/Pipeline/Pipeline.php(167): Illuminate\\Routing\\Middleware\\SubstituteBindings->handle(Object(Illuminate\\Http\\Request), Object(Closure))
#55 /home/pentasof/hrcrm.testpentas.in/staff/application/vendor/laravel/framework/src/Illuminate/Auth/Middleware/Authenticate.php(44): Illuminate\\Pipeline\\Pipeline->Illuminate\\Pipeline\\{closure}(Object(Illuminate\\Http\\Request))
#56 /home/pentasof/hrcrm.testpentas.in/staff/application/vendor/laravel/framework/src/Illuminate/Pipeline/Pipeline.php(167): Illuminate\\Auth\\Middleware\\Authenticate->handle(Object(Illuminate\\Http\\Request), Object(Closure))
#57 /home/pentasof/hrcrm.testpentas.in/staff/application/vendor/laravel/framework/src/Illuminate/Foundation/Http/Middleware/VerifyCsrfToken.php(78): Illuminate\\Pipeline\\Pipeline->Illuminate\\Pipeline\\{closure}(Object(Illuminate\\Http\\Request))
#58 /home/pentasof/hrcrm.testpentas.in/staff/application/vendor/laravel/framework/src/Illuminate/Pipeline/Pipeline.php(167): Illuminate\\Foundation\\Http\\Middleware\\VerifyCsrfToken->handle(Object(Illuminate\\Http\\Request), Object(Closure))
#59 /home/pentasof/hrcrm.testpentas.in/staff/application/vendor/laravel/framework/src/Illuminate/View/Middleware/ShareErrorsFromSession.php(49): Illuminate\\Pipeline\\Pipeline->Illuminate\\Pipeline\\{closure}(Object(Illuminate\\Http\\Request))
#60 /home/pentasof/hrcrm.testpentas.in/staff/application/vendor/laravel/framework/src/Illuminate/Pipeline/Pipeline.php(167): Illuminate\\View\\Middleware\\ShareErrorsFromSession->handle(Object(Illuminate\\Http\\Request), Object(Closure))
#61 /home/pentasof/hrcrm.testpentas.in/staff/application/vendor/laravel/framework/src/Illuminate/Session/Middleware/StartSession.php(121): Illuminate\\Pipeline\\Pipeline->Illuminate\\Pipeline\\{closure}(Object(Illuminate\\Http\\Request))
#62 /home/pentasof/hrcrm.testpentas.in/staff/application/vendor/laravel/framework/src/Illuminate/Session/Middleware/StartSession.php(64): Illuminate\\Session\\Middleware\\StartSession->handleStatefulRequest(Object(Illuminate\\Http\\Request), Object(Illuminate\\Session\\Store), Object(Closure))
#63 /home/pentasof/hrcrm.testpentas.in/staff/application/vendor/laravel/framework/src/Illuminate/Pipeline/Pipeline.php(167): Illuminate\\Session\\Middleware\\StartSession->handle(Object(Illuminate\\Http\\Request), Object(Closure))
#64 /home/pentasof/hrcrm.testpentas.in/staff/application/vendor/laravel/framework/src/Illuminate/Cookie/Middleware/AddQueuedCookiesToResponse.php(37): Illuminate\\Pipeline\\Pipeline->Illuminate\\Pipeline\\{closure}(Object(Illuminate\\Http\\Request))
#65 /home/pentasof/hrcrm.testpentas.in/staff/application/vendor/laravel/framework/src/Illuminate/Pipeline/Pipeline.php(167): Illuminate\\Cookie\\Middleware\\AddQueuedCookiesToResponse->handle(Object(Illuminate\\Http\\Request), Object(Closure))
#66 /home/pentasof/hrcrm.testpentas.in/staff/application/vendor/laravel/framework/src/Illuminate/Cookie/Middleware/EncryptCookies.php(67): Illuminate\\Pipeline\\Pipeline->Illuminate\\Pipeline\\{closure}(Object(Illuminate\\Http\\Request))
#67 /home/pentasof/hrcrm.testpentas.in/staff/application/vendor/laravel/framework/src/Illuminate/Pipeline/Pipeline.php(167): Illuminate\\Cookie\\Middleware\\EncryptCookies->handle(Object(Illuminate\\Http\\Request), Object(Closure))
#68 /home/pentasof/hrcrm.testpentas.in/staff/application/app/Http/Middleware/General/Setup.php(37): Illuminate\\Pipeline\\Pipeline->Illuminate\\Pipeline\\{closure}(Object(Illuminate\\Http\\Request))
#69 /home/pentasof/hrcrm.testpentas.in/staff/application/vendor/laravel/framework/src/Illuminate/Pipeline/Pipeline.php(167): App\\Http\\Middleware\\General\\Setup->handle(Object(Illuminate\\Http\\Request), Object(Closure))
#70 /home/pentasof/hrcrm.testpentas.in/staff/application/vendor/laravel/framework/src/Illuminate/Pipeline/Pipeline.php(103): Illuminate\\Pipeline\\Pipeline->Illuminate\\Pipeline\\{closure}(Object(Illuminate\\Http\\Request))
#71 /home/pentasof/hrcrm.testpentas.in/staff/application/vendor/laravel/framework/src/Illuminate/Routing/Router.php(719): Illuminate\\Pipeline\\Pipeline->then(Object(Closure))
#72 /home/pentasof/hrcrm.testpentas.in/staff/application/vendor/laravel/framework/src/Illuminate/Routing/Router.php(698): Illuminate\\Routing\\Router->runRouteWithinStack(Object(Illuminate\\Routing\\Route), Object(Illuminate\\Http\\Request))
#73 /home/pentasof/hrcrm.testpentas.in/staff/application/vendor/laravel/framework/src/Illuminate/Routing/Router.php(662): Illuminate\\Routing\\Router->runRoute(Object(Illuminate\\Http\\Request), Object(Illuminate\\Routing\\Route))
#74 /home/pentasof/hrcrm.testpentas.in/staff/application/vendor/laravel/framework/src/Illuminate/Routing/Router.php(651): Illuminate\\Routing\\Router->dispatchToRoute(Object(Illuminate\\Http\\Request))
#75 /home/pentasof/hrcrm.testpentas.in/staff/application/vendor/laravel/framework/src/Illuminate/Foundation/Http/Kernel.php(167): Illuminate\\Routing\\Router->dispatch(Object(Illuminate\\Http\\Request))
#76 /home/pentasof/hrcrm.testpentas.in/staff/application/vendor/laravel/framework/src/Illuminate/Pipeline/Pipeline.php(128): Illuminate\\Foundation\\Http\\Kernel->Illuminate\\Foundation\\Http\\{closure}(Object(Illuminate\\Http\\Request))
#77 /home/pentasof/hrcrm.testpentas.in/staff/application/vendor/barryvdh/laravel-debugbar/src/Middleware/InjectDebugbar.php(59): Illuminate\\Pipeline\\Pipeline->Illuminate\\Pipeline\\{closure}(Object(Illuminate\\Http\\Request))
#78 /home/pentasof/hrcrm.testpentas.in/staff/application/vendor/laravel/framework/src/Illuminate/Pipeline/Pipeline.php(167): Barryvdh\\Debugbar\\Middleware\\InjectDebugbar->handle(Object(Illuminate\\Http\\Request), Object(Closure))
#79 /home/pentasof/hrcrm.testpentas.in/staff/application/vendor/fideloper/proxy/src/TrustProxies.php(57): Illuminate\\Pipeline\\Pipeline->Illuminate\\Pipeline\\{closure}(Object(Illuminate\\Http\\Request))
#80 /home/pentasof/hrcrm.testpentas.in/staff/application/vendor/laravel/framework/src/Illuminate/Pipeline/Pipeline.php(167): Fideloper\\Proxy\\TrustProxies->handle(Object(Illuminate\\Http\\Request), Object(Closure))
#81 /home/pentasof/hrcrm.testpentas.in/staff/application/vendor/laravel/framework/src/Illuminate/Foundation/Http/Middleware/TransformsRequest.php(21): Illuminate\\Pipeline\\Pipeline->Illuminate\\Pipeline\\{closure}(Object(Illuminate\\Http\\Request))
#82 /home/pentasof/hrcrm.testpentas.in/staff/application/vendor/laravel/framework/src/Illuminate/Foundation/Http/Middleware/ConvertEmptyStringsToNull.php(31): Illuminate\\Foundation\\Http\\Middleware\\TransformsRequest->handle(Object(Illuminate\\Http\\Request), Object(Closure))
#83 /home/pentasof/hrcrm.testpentas.in/staff/application/vendor/laravel/framework/src/Illuminate/Pipeline/Pipeline.php(167): Illuminate\\Foundation\\Http\\Middleware\\ConvertEmptyStringsToNull->handle(Object(Illuminate\\Http\\Request), Object(Closure))
#84 /home/pentasof/hrcrm.testpentas.in/staff/application/vendor/laravel/framework/src/Illuminate/Foundation/Http/Middleware/TransformsRequest.php(21): Illuminate\\Pipeline\\Pipeline->Illuminate\\Pipeline\\{closure}(Object(Illuminate\\Http\\Request))
#85 /home/pentasof/hrcrm.testpentas.in/staff/application/vendor/laravel/framework/src/Illuminate/Foundation/Http/Middleware/TrimStrings.php(40): Illuminate\\Foundation\\Http\\Middleware\\TransformsRequest->handle(Object(Illuminate\\Http\\Request), Object(Closure))
#86 /home/pentasof/hrcrm.testpentas.in/staff/application/vendor/laravel/framework/src/Illuminate/Pipeline/Pipeline.php(167): Illuminate\\Foundation\\Http\\Middleware\\TrimStrings->handle(Object(Illuminate\\Http\\Request), Object(Closure))
#87 /home/pentasof/hrcrm.testpentas.in/staff/application/vendor/laravel/framework/src/Illuminate/Foundation/Http/Middleware/ValidatePostSize.php(27): Illuminate\\Pipeline\\Pipeline->Illuminate\\Pipeline\\{closure}(Object(Illuminate\\Http\\Request))
#88 /home/pentasof/hrcrm.testpentas.in/staff/application/vendor/laravel/framework/src/Illuminate/Pipeline/Pipeline.php(167): Illuminate\\Foundation\\Http\\Middleware\\ValidatePostSize->handle(Object(Illuminate\\Http\\Request), Object(Closure))
#89 /home/pentasof/hrcrm.testpentas.in/staff/application/vendor/laravel/framework/src/Illuminate/Foundation/Http/Middleware/PreventRequestsDuringMaintenance.php(86): Illuminate\\Pipeline\\Pipeline->Illuminate\\Pipeline\\{closure}(Object(Illuminate\\Http\\Request))
#90 /home/pentasof/hrcrm.testpentas.in/staff/application/vendor/laravel/framework/src/Illuminate/Pipeline/Pipeline.php(167): Illuminate\\Foundation\\Http\\Middleware\\PreventRequestsDuringMaintenance->handle(Object(Illuminate\\Http\\Request), Object(Closure))
#91 /home/pentasof/hrcrm.testpentas.in/staff/application/vendor/laravel/framework/src/Illuminate/Pipeline/Pipeline.php(103): Illuminate\\Pipeline\\Pipeline->Illuminate\\Pipeline\\{closure}(Object(Illuminate\\Http\\Request))
#92 /home/pentasof/hrcrm.testpentas.in/staff/application/vendor/laravel/framework/src/Illuminate/Foundation/Http/Kernel.php(142): Illuminate\\Pipeline\\Pipeline->then(Object(Closure))
#93 /home/pentasof/hrcrm.testpentas.in/staff/application/vendor/laravel/framework/src/Illuminate/Foundation/Http/Kernel.php(111): Illuminate\\Foundation\\Http\\Kernel->sendRequestThroughRouter(Object(Illuminate\\Http\\Request))
#94 /home/pentasof/hrcrm.testpentas.in/staff/index.php(91): Illuminate\\Foundation\\Http\\Kernel->handle(Object(Illuminate\\Http\\Request))
#95 {main}

[previous exception] [object] (ParseError(code: 0): syntax error, unexpected token \"/\" at /home/pentasof/hrcrm.testpentas.in/staff/application/storage/framework/views/d4de87f56332a4308d1003c8830034dc56d87e75.php:17)
[stacktrace]
#0 /home/pentasof/hrcrm.testpentas.in/staff/application/vendor/laravel/framework/src/Illuminate/Filesystem/Filesystem.php(108): Illuminate\\Filesystem\\Filesystem::Illuminate\\Filesystem\\{closure}()
#1 /home/pentasof/hrcrm.testpentas.in/staff/application/vendor/laravel/framework/src/Illuminate/View/Engines/PhpEngine.php(58): Illuminate\\Filesystem\\Filesystem->getRequire('/home/pentasof/...', Array)
#2 /home/pentasof/hrcrm.testpentas.in/staff/application/vendor/laravel/framework/src/Illuminate/View/Engines/CompilerEngine.php(61): Illuminate\\View\\Engines\\PhpEngine->evaluatePath('/home/pentasof/...', Array)
#3 /home/pentasof/hrcrm.testpentas.in/staff/application/vendor/facade/ignition/src/Views/Engines/CompilerEngine.php(37): Illuminate\\View\\Engines\\CompilerEngine->get('/home/pentasof/...', Array)
#4 /home/pentasof/hrcrm.testpentas.in/staff/application/vendor/laravel/framework/src/Illuminate/View/View.php(139): Facade\\Ignition\\Views\\Engines\\CompilerEngine->get('/home/pentasof/...', Array)
#5 /home/pentasof/hrcrm.testpentas.in/staff/application/vendor/laravel/framework/src/Illuminate/View/View.php(122): Illuminate\\View\\View->getContents()
#6 /home/pentasof/hrcrm.testpentas.in/staff/application/vendor/laravel/framework/src/Illuminate/View/View.php(91): Illuminate\\View\\View->renderContents()
#7 /home/pentasof/hrcrm.testpentas.in/staff/application/storage/framework/views/c1729102aae774b9ba78130a182236490da884cb.php(69): Illuminate\\View\\View->render()
#8 /home/pentasof/hrcrm.testpentas.in/staff/application/vendor/laravel/framework/src/Illuminate/Filesystem/Filesystem.php(107): require('/home/pentasof/...')
#9 /home/pentasof/hrcrm.testpentas.in/staff/application/vendor/laravel/framework/src/Illuminate/Filesystem/Filesystem.php(108): Illuminate\\Filesystem\\Filesystem::Illuminate\\Filesystem\\{closure}()
#10 /home/pentasof/hrcrm.testpentas.in/staff/application/vendor/laravel/framework/src/Illuminate/View/Engines/PhpEngine.php(58): Illuminate\\Filesystem\\Filesystem->getRequire('/home/pentasof/...', Array)
#11 /home/pentasof/hrcrm.testpentas.in/staff/application/vendor/laravel/framework/src/Illuminate/View/Engines/CompilerEngine.php(61): Illuminate\\View\\Engines\\PhpEngine->evaluatePath('/home/pentasof/...', Array)
#12 /home/pentasof/hrcrm.testpentas.in/staff/application/vendor/facade/ignition/src/Views/Engines/CompilerEngine.php(37): Illuminate\\View\\Engines\\CompilerEngine->get('/home/pentasof/...', Array)
#13 /home/pentasof/hrcrm.testpentas.in/staff/application/vendor/laravel/framework/src/Illuminate/View/View.php(139): Facade\\Ignition\\Views\\Engines\\CompilerEngine->get('/home/pentasof/...', Array)
#14 /home/pentasof/hrcrm.testpentas.in/staff/application/vendor/laravel/framework/src/Illuminate/View/View.php(122): Illuminate\\View\\View->getContents()
#15 /home/pentasof/hrcrm.testpentas.in/staff/application/vendor/laravel/framework/src/Illuminate/View/View.php(91): Illuminate\\View\\View->renderContents()
#16 /home/pentasof/hrcrm.testpentas.in/staff/application/storage/framework/views/0a999db09801b27f9a8f3bf8f901f77b0bc5bff2.php(2): Illuminate\\View\\View->render()
#17 /home/pentasof/hrcrm.testpentas.in/staff/application/vendor/laravel/framework/src/Illuminate/Filesystem/Filesystem.php(107): require('/home/pentasof/...')
#18 /home/pentasof/hrcrm.testpentas.in/staff/application/vendor/laravel/framework/src/Illuminate/Filesystem/Filesystem.php(108): Illuminate\\Filesystem\\Filesystem::Illuminate\\Filesystem\\{closure}()
#19 /home/pentasof/hrcrm.testpentas.in/staff/application/vendor/laravel/framework/src/Illuminate/View/Engines/PhpEngine.php(58): Illuminate\\Filesystem\\Filesystem->getRequire('/home/pentasof/...', Array)
#20 /home/pentasof/hrcrm.testpentas.in/staff/application/vendor/laravel/framework/src/Illuminate/View/Engines/CompilerEngine.php(61): Illuminate\\View\\Engines\\PhpEngine->evaluatePath('/home/pentasof/...', Array)
#21 /home/pentasof/hrcrm.testpentas.in/staff/application/vendor/facade/ignition/src/Views/Engines/CompilerEngine.php(37): Illuminate\\View\\Engines\\CompilerEngine->get('/home/pentasof/...', Array)
#22 /home/pentasof/hrcrm.testpentas.in/staff/application/vendor/laravel/framework/src/Illuminate/View/View.php(139): Facade\\Ignition\\Views\\Engines\\CompilerEngine->get('/home/pentasof/...', Array)
#23 /home/pentasof/hrcrm.testpentas.in/staff/application/vendor/laravel/framework/src/Illuminate/View/View.php(122): Illuminate\\View\\View->getContents()
#24 /home/pentasof/hrcrm.testpentas.in/staff/application/vendor/laravel/framework/src/Illuminate/View/View.php(91): Illuminate\\View\\View->renderContents()
#25 /home/pentasof/hrcrm.testpentas.in/staff/application/storage/framework/views/a7fab630da4df0b5db7e7596a2b27f944aad7b35.php(33): Illuminate\\View\\View->render()
#26 /home/pentasof/hrcrm.testpentas.in/staff/application/vendor/laravel/framework/src/Illuminate/Filesystem/Filesystem.php(107): require('/home/pentasof/...')
#27 /home/pentasof/hrcrm.testpentas.in/staff/application/vendor/laravel/framework/src/Illuminate/Filesystem/Filesystem.php(108): Illuminate\\Filesystem\\Filesystem::Illuminate\\Filesystem\\{closure}()
#28 /home/pentasof/hrcrm.testpentas.in/staff/application/vendor/laravel/framework/src/Illuminate/View/Engines/PhpEngine.php(58): Illuminate\\Filesystem\\Filesystem->getRequire('/home/pentasof/...', Array)
#29 /home/pentasof/hrcrm.testpentas.in/staff/application/vendor/laravel/framework/src/Illuminate/View/Engines/CompilerEngine.php(61): Illuminate\\View\\Engines\\PhpEngine->evaluatePath('/home/pentasof/...', Array)
#30 /home/pentasof/hrcrm.testpentas.in/staff/application/vendor/facade/ignition/src/Views/Engines/CompilerEngine.php(37): Illuminate\\View\\Engines\\CompilerEngine->get('/home/pentasof/...', Array)
#31 /home/pentasof/hrcrm.testpentas.in/staff/application/vendor/laravel/framework/src/Illuminate/View/View.php(139): Facade\\Ignition\\Views\\Engines\\CompilerEngine->get('/home/pentasof/...', Array)
#32 /home/pentasof/hrcrm.testpentas.in/staff/application/vendor/laravel/framework/src/Illuminate/View/View.php(122): Illuminate\\View\\View->getContents()
#33 /home/pentasof/hrcrm.testpentas.in/staff/application/vendor/laravel/framework/src/Illuminate/View/View.php(91): Illuminate\\View\\View->renderContents()
#34 /home/pentasof/hrcrm.testpentas.in/staff/application/app/Http/Responses/Tickets/IndexResponse.php(168): Illuminate\\View\\View->render()
#35 /home/pentasof/hrcrm.testpentas.in/staff/application/vendor/laravel/framework/src/Illuminate/Routing/Router.php(802): App\\Http\\Responses\\Tickets\\IndexResponse->toResponse(Object(Illuminate\\Http\\Request))
#36 /home/pentasof/hrcrm.testpentas.in/staff/application/vendor/laravel/framework/src/Illuminate/Routing/Router.php(789): Illuminate\\Routing\\Router::toResponse(Object(Illuminate\\Http\\Request), Object(App\\Http\\Responses\\Tickets\\IndexResponse))
#37 /home/pentasof/hrcrm.testpentas.in/staff/application/vendor/laravel/framework/src/Illuminate/Routing/Router.php(720): Illuminate\\Routing\\Router->prepareResponse(Object(Illuminate\\Http\\Request), Object(App\\Http\\Responses\\Tickets\\IndexResponse))
#38 /home/pentasof/hrcrm.testpentas.in/staff/application/vendor/laravel/framework/src/Illuminate/Pipeline/Pipeline.php(128): Illuminate\\Routing\\Router->Illuminate\\Routing\\{closure}(Object(Illuminate\\Http\\Request))
#39 /home/pentasof/hrcrm.testpentas.in/staff/application/app/Http/Middleware/Tickets/Index.php(50): Illuminate\\Pipeline\\Pipeline->Illuminate\\Pipeline\\{closure}(Object(Illuminate\\Http\\Request))
#40 /home/pentasof/hrcrm.testpentas.in/staff/application/vendor/laravel/framework/src/Illuminate/Pipeline/Pipeline.php(167): App\\Http\\Middleware\\Tickets\\Index->handle(Object(Illuminate\\Http\\Request), Object(Closure))
#41 /home/pentasof/hrcrm.testpentas.in/staff/application/app/Http/Middleware/Modules/Menus.php(34): Illuminate\\Pipeline\\Pipeline->Illuminate\\Pipeline\\{closure}(Object(Illuminate\\Http\\Request))
#42 /home/pentasof/hrcrm.testpentas.in/staff/application/vendor/laravel/framework/src/Illuminate/Pipeline/Pipeline.php(167): App\\Http\\Middleware\\Modules\\Menus->handle(Object(Illuminate\\Http\\Request), Object(Closure))
#43 /home/pentasof/hrcrm.testpentas.in/staff/application/app/Http/Middleware/Modules/Visibility.php(55): Illuminate\\Pipeline\\Pipeline->Illuminate\\Pipeline\\{closure}(Object(Illuminate\\Http\\Request))
#44 /home/pentasof/hrcrm.testpentas.in/staff/application/vendor/laravel/framework/src/Illuminate/Pipeline/Pipeline.php(167): App\\Http\\Middleware\\Modules\\Visibility->handle(Object(Illuminate\\Http\\Request), Object(Closure))
#45 /home/pentasof/hrcrm.testpentas.in/staff/application/app/Http/Middleware/Modules/Status.php(59): Illuminate\\Pipeline\\Pipeline->Illuminate\\Pipeline\\{closure}(Object(Illuminate\\Http\\Request))
#46 /home/pentasof/hrcrm.testpentas.in/staff/application/vendor/laravel/framework/src/Illuminate/Pipeline/Pipeline.php(167): App\\Http\\Middleware\\Modules\\Status->handle(Object(Illuminate\\Http\\Request), Object(Closure))
#47 /home/pentasof/hrcrm.testpentas.in/staff/application/app/Http/Middleware/General/General.php(103): Illuminate\\Pipeline\\Pipeline->Illuminate\\Pipeline\\{closure}(Object(Illuminate\\Http\\Request))
#48 /home/pentasof/hrcrm.testpentas.in/staff/application/vendor/laravel/framework/src/Illuminate/Pipeline/Pipeline.php(167): App\\Http\\Middleware\\General\\General->handle(Object(Illuminate\\Http\\Request), Object(Closure))
#49 /home/pentasof/hrcrm.testpentas.in/staff/application/app/Http/Middleware/General/SanityCheck.php(45): Illuminate\\Pipeline\\Pipeline->Illuminate\\Pipeline\\{closure}(Object(Illuminate\\Http\\Request))
#50 /home/pentasof/hrcrm.testpentas.in/staff/application/vendor/laravel/framework/src/Illuminate/Pipeline/Pipeline.php(167): App\\Http\\Middleware\\General\\SanityCheck->handle(Object(Illuminate\\Http\\Request), Object(Closure))
#51 /home/pentasof/hrcrm.testpentas.in/staff/application/app/Http/Middleware/General/Settings.php(47): Illuminate\\Pipeline\\Pipeline->Illuminate\\Pipeline\\{closure}(Object(Illuminate\\Http\\Request))
#52 /home/pentasof/hrcrm.testpentas.in/staff/application/vendor/laravel/framework/src/Illuminate/Pipeline/Pipeline.php(167): App\\Http\\Middleware\\General\\Settings->handle(Object(Illuminate\\Http\\Request), Object(Closure))
#53 /home/pentasof/hrcrm.testpentas.in/staff/application/vendor/laravel/framework/src/Illuminate/Routing/Middleware/SubstituteBindings.php(50): Illuminate\\Pipeline\\Pipeline->Illuminate\\Pipeline\\{closure}(Object(Illuminate\\Http\\Request))
#54 /home/pentasof/hrcrm.testpentas.in/staff/application/vendor/laravel/framework/src/Illuminate/Pipeline/Pipeline.php(167): Illuminate\\Routing\\Middleware\\SubstituteBindings->handle(Object(Illuminate\\Http\\Request), Object(Closure))
#55 /home/pentasof/hrcrm.testpentas.in/staff/application/vendor/laravel/framework/src/Illuminate/Auth/Middleware/Authenticate.php(44): Illuminate\\Pipeline\\Pipeline->Illuminate\\Pipeline\\{closure}(Object(Illuminate\\Http\\Request))
#56 /home/pentasof/hrcrm.testpentas.in/staff/application/vendor/laravel/framework/src/Illuminate/Pipeline/Pipeline.php(167): Illuminate\\Auth\\Middleware\\Authenticate->handle(Object(Illuminate\\Http\\Request), Object(Closure))
#57 /home/pentasof/hrcrm.testpentas.in/staff/application/vendor/laravel/framework/src/Illuminate/Foundation/Http/Middleware/VerifyCsrfToken.php(78): Illuminate\\Pipeline\\Pipeline->Illuminate\\Pipeline\\{closure}(Object(Illuminate\\Http\\Request))
#58 /home/pentasof/hrcrm.testpentas.in/staff/application/vendor/laravel/framework/src/Illuminate/Pipeline/Pipeline.php(167): Illuminate\\Foundation\\Http\\Middleware\\VerifyCsrfToken->handle(Object(Illuminate\\Http\\Request), Object(Closure))
#59 /home/pentasof/hrcrm.testpentas.in/staff/application/vendor/laravel/framework/src/Illuminate/View/Middleware/ShareErrorsFromSession.php(49): Illuminate\\Pipeline\\Pipeline->Illuminate\\Pipeline\\{closure}(Object(Illuminate\\Http\\Request))
#60 /home/pentasof/hrcrm.testpentas.in/staff/application/vendor/laravel/framework/src/Illuminate/Pipeline/Pipeline.php(167): Illuminate\\View\\Middleware\\ShareErrorsFromSession->handle(Object(Illuminate\\Http\\Request), Object(Closure))
#61 /home/pentasof/hrcrm.testpentas.in/staff/application/vendor/laravel/framework/src/Illuminate/Session/Middleware/StartSession.php(121): Illuminate\\Pipeline\\Pipeline->Illuminate\\Pipeline\\{closure}(Object(Illuminate\\Http\\Request))
#62 /home/pentasof/hrcrm.testpentas.in/staff/application/vendor/laravel/framework/src/Illuminate/Session/Middleware/StartSession.php(64): Illuminate\\Session\\Middleware\\StartSession->handleStatefulRequest(Object(Illuminate\\Http\\Request), Object(Illuminate\\Session\\Store), Object(Closure))
#63 /home/pentasof/hrcrm.testpentas.in/staff/application/vendor/laravel/framework/src/Illuminate/Pipeline/Pipeline.php(167): Illuminate\\Session\\Middleware\\StartSession->handle(Object(Illuminate\\Http\\Request), Object(Closure))
#64 /home/pentasof/hrcrm.testpentas.in/staff/application/vendor/laravel/framework/src/Illuminate/Cookie/Middleware/AddQueuedCookiesToResponse.php(37): Illuminate\\Pipeline\\Pipeline->Illuminate\\Pipeline\\{closure}(Object(Illuminate\\Http\\Request))
#65 /home/pentasof/hrcrm.testpentas.in/staff/application/vendor/laravel/framework/src/Illuminate/Pipeline/Pipeline.php(167): Illuminate\\Cookie\\Middleware\\AddQueuedCookiesToResponse->handle(Object(Illuminate\\Http\\Request), Object(Closure))
#66 /home/pentasof/hrcrm.testpentas.in/staff/application/vendor/laravel/framework/src/Illuminate/Cookie/Middleware/EncryptCookies.php(67): Illuminate\\Pipeline\\Pipeline->Illuminate\\Pipeline\\{closure}(Object(Illuminate\\Http\\Request))
#67 /home/pentasof/hrcrm.testpentas.in/staff/application/vendor/laravel/framework/src/Illuminate/Pipeline/Pipeline.php(167): Illuminate\\Cookie\\Middleware\\EncryptCookies->handle(Object(Illuminate\\Http\\Request), Object(Closure))
#68 /home/pentasof/hrcrm.testpentas.in/staff/application/app/Http/Middleware/General/Setup.php(37): Illuminate\\Pipeline\\Pipeline->Illuminate\\Pipeline\\{closure}(Object(Illuminate\\Http\\Request))
#69 /home/pentasof/hrcrm.testpentas.in/staff/application/vendor/laravel/framework/src/Illuminate/Pipeline/Pipeline.php(167): App\\Http\\Middleware\\General\\Setup->handle(Object(Illuminate\\Http\\Request), Object(Closure))
#70 /home/pentasof/hrcrm.testpentas.in/staff/application/vendor/laravel/framework/src/Illuminate/Pipeline/Pipeline.php(103): Illuminate\\Pipeline\\Pipeline->Illuminate\\Pipeline\\{closure}(Object(Illuminate\\Http\\Request))
#71 /home/pentasof/hrcrm.testpentas.in/staff/application/vendor/laravel/framework/src/Illuminate/Routing/Router.php(719): Illuminate\\Pipeline\\Pipeline->then(Object(Closure))
#72 /home/pentasof/hrcrm.testpentas.in/staff/application/vendor/laravel/framework/src/Illuminate/Routing/Router.php(698): Illuminate\\Routing\\Router->runRouteWithinStack(Object(Illuminate\\Routing\\Route), Object(Illuminate\\Http\\Request))
#73 /home/pentasof/hrcrm.testpentas.in/staff/application/vendor/laravel/framework/src/Illuminate/Routing/Router.php(662): Illuminate\\Routing\\Router->runRoute(Object(Illuminate\\Http\\Request), Object(Illuminate\\Routing\\Route))
#74 /home/pentasof/hrcrm.testpentas.in/staff/application/vendor/laravel/framework/src/Illuminate/Routing/Router.php(651): Illuminate\\Routing\\Router->dispatchToRoute(Object(Illuminate\\Http\\Request))
#75 /home/pentasof/hrcrm.testpentas.in/staff/application/vendor/laravel/framework/src/Illuminate/Foundation/Http/Kernel.php(167): Illuminate\\Routing\\Router->dispatch(Object(Illuminate\\Http\\Request))
#76 /home/pentasof/hrcrm.testpentas.in/staff/application/vendor/laravel/framework/src/Illuminate/Pipeline/Pipeline.php(128): Illuminate\\Foundation\\Http\\Kernel->Illuminate\\Foundation\\Http\\{closure}(Object(Illuminate\\Http\\Request))
#77 /home/pentasof/hrcrm.testpentas.in/staff/application/vendor/barryvdh/laravel-debugbar/src/Middleware/InjectDebugbar.php(59): Illuminate\\Pipeline\\Pipeline->Illuminate\\Pipeline\\{closure}(Object(Illuminate\\Http\\Request))
#78 /home/pentasof/hrcrm.testpentas.in/staff/application/vendor/laravel/framework/src/Illuminate/Pipeline/Pipeline.php(167): Barryvdh\\Debugbar\\Middleware\\InjectDebugbar->handle(Object(Illuminate\\Http\\Request), Object(Closure))
#79 /home/pentasof/hrcrm.testpentas.in/staff/application/vendor/fideloper/proxy/src/TrustProxies.php(57): Illuminate\\Pipeline\\Pipeline->Illuminate\\Pipeline\\{closure}(Object(Illuminate\\Http\\Request))
#80 /home/pentasof/hrcrm.testpentas.in/staff/application/vendor/laravel/framework/src/Illuminate/Pipeline/Pipeline.php(167): Fideloper\\Proxy\\TrustProxies->handle(Object(Illuminate\\Http\\Request), Object(Closure))
#81 /home/pentasof/hrcrm.testpentas.in/staff/application/vendor/laravel/framework/src/Illuminate/Foundation/Http/Middleware/TransformsRequest.php(21): Illuminate\\Pipeline\\Pipeline->Illuminate\\Pipeline\\{closure}(Object(Illuminate\\Http\\Request))
#82 /home/pentasof/hrcrm.testpentas.in/staff/application/vendor/laravel/framework/src/Illuminate/Foundation/Http/Middleware/ConvertEmptyStringsToNull.php(31): Illuminate\\Foundation\\Http\\Middleware\\TransformsRequest->handle(Object(Illuminate\\Http\\Request), Object(Closure))
#83 /home/pentasof/hrcrm.testpentas.in/staff/application/vendor/laravel/framework/src/Illuminate/Pipeline/Pipeline.php(167): Illuminate\\Foundation\\Http\\Middleware\\ConvertEmptyStringsToNull->handle(Object(Illuminate\\Http\\Request), Object(Closure))
#84 /home/pentasof/hrcrm.testpentas.in/staff/application/vendor/laravel/framework/src/Illuminate/Foundation/Http/Middleware/TransformsRequest.php(21): Illuminate\\Pipeline\\Pipeline->Illuminate\\Pipeline\\{closure}(Object(Illuminate\\Http\\Request))
#85 /home/pentasof/hrcrm.testpentas.in/staff/application/vendor/laravel/framework/src/Illuminate/Foundation/Http/Middleware/TrimStrings.php(40): Illuminate\\Foundation\\Http\\Middleware\\TransformsRequest->handle(Object(Illuminate\\Http\\Request), Object(Closure))
#86 /home/pentasof/hrcrm.testpentas.in/staff/application/vendor/laravel/framework/src/Illuminate/Pipeline/Pipeline.php(167): Illuminate\\Foundation\\Http\\Middleware\\TrimStrings->handle(Object(Illuminate\\Http\\Request), Object(Closure))
#87 /home/pentasof/hrcrm.testpentas.in/staff/application/vendor/laravel/framework/src/Illuminate/Foundation/Http/Middleware/ValidatePostSize.php(27): Illuminate\\Pipeline\\Pipeline->Illuminate\\Pipeline\\{closure}(Object(Illuminate\\Http\\Request))
#88 /home/pentasof/hrcrm.testpentas.in/staff/application/vendor/laravel/framework/src/Illuminate/Pipeline/Pipeline.php(167): Illuminate\\Foundation\\Http\\Middleware\\ValidatePostSize->handle(Object(Illuminate\\Http\\Request), Object(Closure))
#89 /home/pentasof/hrcrm.testpentas.in/staff/application/vendor/laravel/framework/src/Illuminate/Foundation/Http/Middleware/PreventRequestsDuringMaintenance.php(86): Illuminate\\Pipeline\\Pipeline->Illuminate\\Pipeline\\{closure}(Object(Illuminate\\Http\\Request))
#90 /home/pentasof/hrcrm.testpentas.in/staff/application/vendor/laravel/framework/src/Illuminate/Pipeline/Pipeline.php(167): Illuminate\\Foundation\\Http\\Middleware\\PreventRequestsDuringMaintenance->handle(Object(Illuminate\\Http\\Request), Object(Closure))
#91 /home/pentasof/hrcrm.testpentas.in/staff/application/vendor/laravel/framework/src/Illuminate/Pipeline/Pipeline.php(103): Illuminate\\Pipeline\\Pipeline->Illuminate\\Pipeline\\{closure}(Object(Illuminate\\Http\\Request))
#92 /home/pentasof/hrcrm.testpentas.in/staff/application/vendor/laravel/framework/src/Illuminate/Foundation/Http/Kernel.php(142): Illuminate\\Pipeline\\Pipeline->then(Object(Closure))
#93 /home/pentasof/hrcrm.testpentas.in/staff/application/vendor/laravel/framework/src/Illuminate/Foundation/Http/Kernel.php(111): Illuminate\\Foundation\\Http\\Kernel->sendRequestThroughRouter(Object(Illuminate\\Http\\Request))
#94 /home/pentasof/hrcrm.testpentas.in/staff/index.php(91): Illuminate\\Foundation\\Http\\Kernel->handle(Object(Illuminate\\Http\\Request))
#95 {main}
"} 
